videoId,segmento,inicio_s,fim_s,texto,n_matches,flag_mol,termos_encontrados,categorias_encontradas,cat_racial_interseccional,cat_body_shaming,cat_sexual_degradante,cat_gamer_misogino,cat_xingamentos_genero,cat_homofobia_misoginia,cat_genitalia_feminina,cat_prostituicao_degradante
9sFGyNdtN8Y,1,0.3,1.54,"Eu não segurei nem fudendo, cara.",0,0,,,0,0,0,0,0,0,0,0
9sFGyNdtN8Y,2,2.34,3.1,"Você morreu, só.",0,0,,,0,0,0,0,0,0,0,0
9sFGyNdtN8Y,3,4.08,4.4,Uou!,0,0,,,0,0,0,0,0,0,0,0
9sFGyNdtN8Y,4,4.52,5.08,"Big, mano.",0,0,,,0,0,0,0,0,0,0,0
9sFGyNdtN8Y,5,5.1,5.9,"Olha a play do cara, tá ligado?",0,0,,,0,0,0,0,0,0,0,0
9sFGyNdtN8Y,6,7.1,7.86,Pena que ele morreu.,0,0,,,0,0,0,0,0,0,0,0
9sFGyNdtN8Y,7,7.92,8.66,"Não deu pra ele, tá ligado?",0,0,,,0,0,0,0,0,0,0,0
9sFGyNdtN8Y,8,8.9,9.66,"Meu, cara, é muito bom!",0,0,,,0,0,0,0,0,0,0,0
9sFGyNdtN8Y,9,9.9,10.6,O cara é muito bom!,0,0,,,0,0,0,0,0,0,0,0
9sFGyNdtN8Y,10,10.68,11.12,O que é isso?,0,0,,,0,0,0,0,0,0,0,0
9sFGyNdtN8Y,11,11.16,11.64,O cara é um deus!,0,0,,,0,0,0,0,0,0,0,0
9sFGyNdtN8Y,12,11.7,12.62,"Com atividade, a troca.",0,0,,,0,0,0,0,0,0,0,0
9sFGyNdtN8Y,13,12.94,14.36,"Ai, meu Deus, cara.",0,0,,,0,0,0,0,0,0,0,0
9sFGyNdtN8Y,14,15.1,15.74,Será que eu mato?,0,0,,,0,0,0,0,0,0,0,0
9sFGyNdtN8Y,15,15.92,17.04,Eu faço alguma coisa no jogo?,0,0,,,0,0,0,0,0,0,0,0
9sFGyNdtN8Y,16,17.16,17.62,"Vai, Azudo.",0,0,,,0,0,0,0,0,0,0,0
9sFGyNdtN8Y,17,17.68,18.18,"Vai, Azudo.",0,0,,,0,0,0,0,0,0,0,0
9sFGyNdtN8Y,18,18.8,19.84,"Mato todo mundo, hein, game.",0,0,,,0,0,0,0,0,0,0,0
9sFGyNdtN8Y,19,19.96,20.58,"Ai, meu Deus.",0,0,,,0,0,0,0,0,0,0,0
9sFGyNdtN8Y,20,20.7,21.44,"Por favor, por favor.",0,0,,,0,0,0,0,0,0,0,0
9sFGyNdtN8Y,21,22.56,22.98,Ganhamos o jogo.,0,0,,,0,0,0,0,0,0,0,0
9sFGyNdtN8Y,22,23.1,23.64,Acho que ganhamos o jogo.,0,0,,,0,0,0,0,0,0,0,0
9sFGyNdtN8Y,23,23.86,24.18,"Ganhamos, não?",0,0,,,0,0,0,0,0,0,0,0
9sFGyNdtN8Y,24,24.8,25.98,"Cara, o jogo não acaba nunca.",0,0,,,0,0,0,0,0,0,0,0
9sFGyNdtN8Y,25,26.14,26.42,Cansei.,0,0,,,0,0,0,0,0,0,0,0
9sFGyNdtN8Y,26,26.42,29.08,"Isso aqui é derrota rapaziada, o jogo durou 40 minutos de partida",0,0,,,0,0,0,0,0,0,0,0
9sFGyNdtN8Y,27,29.08,30.86,"Mesmo se eu vencer, a partida é derrota",0,0,,,0,0,0,0,0,0,0,0
9sFGyNdtN8Y,28,30.86,32.0,"Foda-se, é da ruim",0,0,,,0,0,0,0,0,0,0,0
9sFGyNdtN8Y,29,32.0,37.12,"Uou, Broke Tape, Caçadinho 16",0,0,,,0,0,0,0,0,0,0,0
9sFGyNdtN8Y,30,37.12,37.88,Uou,0,0,,,0,0,0,0,0,0,0,0
9sFGyNdtN8Y,31,37.88,40.58,"Caçadinho 16, Broke Tape",0,0,,,0,0,0,0,0,0,0,0
9sFGyNdtN8Y,32,40.58,42.34,"O Baninho bateu o dinheiro dos caras, o dragão",0,0,,,0,0,0,0,0,0,0,0
9sFGyNdtN8Y,33,42.34,44.06,"Nossa, mas nós vencemos o jogo com o Mibeca e o Zudo",0,0,,,0,0,0,0,0,0,0,0
9sFGyNdtN8Y,34,44.06,45.6,"Mibeca e Caçadinho, foda-se",0,0,,,0,0,0,0,0,0,0,0
9sFGyNdtN8Y,35,45.6,53.51,"Tá bom, tá ruim, não",0,0,,,0,0,0,0,0,0,0,0
9sFGyNdtN8Y,36,53.51,57.8,"Cara, ele tem 250",0,0,,,0,0,0,0,0,0,0,0
9sFGyNdtN8Y,37,57.8,60.56,"Eu posso morrer aqui, mano",0,0,,,0,0,0,0,0,0,0,0
9sFGyNdtN8Y,38,60.56,62.4,"Ele tinha Ignite, mano",0,0,,,0,0,0,0,0,0,0,0
9sFGyNdtN8Y,39,62.4,64.4,Ele tem 250 mil e venceu a 3XD,0,0,,,0,0,0,0,0,0,0,0
9sFGyNdtN8Y,40,64.4,65.62,"Da BTP, mano",0,0,,,0,0,0,0,0,0,0,0
9sFGyNdtN8Y,41,65.62,78.51,da podre mano na podre você não vem aqui não se o animal eu morri aqui minha flash nem morri,0,0,,,0,0,0,0,0,0,0,0
9sFGyNdtN8Y,42,78.51,86.82,nem talvez ele morre talvez chover eu falo mano ela tem jogar quando assim você vai dizer não,0,0,,,0,0,0,0,0,0,0,0
9sFGyNdtN8Y,43,86.82,92.1,é muito problema tem que tá frisado também fui pedido aqui eu morri vai ter o 10 aqui eu tô,0,0,,,0,0,0,0,0,0,0,0
9sFGyNdtN8Y,44,92.1,105.74,morto e vai deixar em mim também eu morro né e eu vou mandar já mandou o efe fez tudo aqui tá,0,0,,,0,0,0,0,0,0,0,0
9sFGyNdtN8Y,45,105.74,109.72,"Não, tipo assim, o Thunderlord aqui, mano",0,0,,,0,0,0,0,0,0,0,0
9sFGyNdtN8Y,46,109.72,111.72,Podia secundar e eu teria que ganhar,0,0,,,0,0,0,0,0,0,0,0
9sFGyNdtN8Y,47,111.72,112.62,"Essa trade dela aqui, mano",0,0,,,0,0,0,0,0,0,0,0
9sFGyNdtN8Y,48,112.62,114.92,"Nossa, que isso, cara?",0,0,,,0,0,0,0,0,0,0,0
9sFGyNdtN8Y,49,115.42,117.0,"Cara, que porra é essa, cara?",0,0,,,0,0,0,0,0,0,0,0
9sFGyNdtN8Y,50,117.06,117.88,"Que que é isso, mano?",0,0,,,0,0,0,0,0,0,0,0
9sFGyNdtN8Y,51,119.76,120.82,"Ele tá sem flash aqui, né?",0,0,,,0,0,0,0,0,0,0,0
9sFGyNdtN8Y,52,130.28,131.64,"Eu vou levar a Dive aqui, mano",0,0,,,0,0,0,0,0,0,0,0
9sFGyNdtN8Y,53,131.64,132.26,"Dive, assim",0,0,,,0,0,0,0,0,0,0,0
9sFGyNdtN8Y,54,132.26,136.6,"Se eu matar a equipe, a Dive inteira é ruim pra mim",0,0,,,0,0,0,0,0,0,0,0
9sFGyNdtN8Y,55,136.6,136.98,Anyway,0,0,,,0,0,0,0,0,0,0,0
9sFGyNdtN8Y,56,136.98,139.24,"Caralho, pegou o level 6, cara",1,1,caralho,sexual_degradante,0,0,1,0,0,0,0,0
9sFGyNdtN8Y,57,139.24,140.82,Deixa eu morrer aqui,0,0,,,0,0,0,0,0,0,0,0
9sFGyNdtN8Y,58,140.82,143.38,"Oh, calma aí, eu sou",0,0,,,0,0,0,0,0,0,0,0
9sFGyNdtN8Y,59,143.38,144.16,Calma aí,0,0,,,0,0,0,0,0,0,0,0
9sFGyNdtN8Y,60,144.16,145.66,"Ah, pô, ele morreu, deu bom",0,0,,,0,0,0,0,0,0,0,0
9sFGyNdtN8Y,61,145.66,148.9,"Ah, mano, louco",0,0,,,0,0,0,0,0,0,0,0
9sFGyNdtN8Y,62,148.9,155.44,"Caralho, mano, louco",1,1,caralho,sexual_degradante,0,0,1,0,0,0,0,0
9sFGyNdtN8Y,63,155.44,156.88,"Mano, eu vou dar dive aqui, sem meme",0,0,,,0,0,0,0,0,0,0,0
9sFGyNdtN8Y,64,156.88,159.4,"Nossa, ela me dive aqui",0,0,,,0,0,0,0,0,0,0,0
9sFGyNdtN8Y,65,159.4,166.29,"Nossa, mano, pior que",0,0,,,0,0,0,0,0,0,0,0
9sFGyNdtN8Y,66,166.29,168.83,"O negócio tá louco, o que agora, hein",0,0,,,0,0,0,0,0,0,0,0
9sFGyNdtN8Y,67,168.83,171.51,"Será que ela me dive a true, mano?",0,0,,,0,0,0,0,0,0,0,0
9sFGyNdtN8Y,68,171.85,173.11,"Vou pagar pra ver, mano",0,0,,,0,0,0,0,0,0,0,0
9sFGyNdtN8Y,69,173.11,178.22,"É, dito e feito, na real, né",0,0,,,0,0,0,0,0,0,0,0
9sFGyNdtN8Y,70,178.22,180.72,"Se bem que eu matei ele ainda, mas",0,0,,,0,0,0,0,0,0,0,0
9sFGyNdtN8Y,71,180.72,185.64,"Meu time tá em soco, que negócio tá louco, mano",0,0,,,0,0,0,0,0,0,0,0
9sFGyNdtN8Y,72,185.64,194.78,"Ok, temos o GameZoo, talvez",0,0,,,0,0,0,0,0,0,0,0
9sFGyNdtN8Y,73,194.78,200.2,"Eles inventaram a minha tipa, será?",0,0,,,0,0,0,0,0,0,0,0
9sFGyNdtN8Y,74,201.5,202.0,Eu vou puxar isso aqui,0,0,,,0,0,0,0,0,0,0,0
9sFGyNdtN8Y,75,202.0,202.98,Nem fudendo essa pira aí,0,0,,,0,0,0,0,0,0,0,0
9sFGyNdtN8Y,76,202.98,220.01,"Calma aí, rapaziada",0,0,,,0,0,0,0,0,0,0,0
9sFGyNdtN8Y,77,220.01,222.99,"Tá entrando de Akali, mano",0,0,,,0,0,0,0,0,0,0,0
9sFGyNdtN8Y,78,222.99,224.27,Sei lá,0,0,,,0,0,0,0,0,0,0,0
9sFGyNdtN8Y,79,224.27,225.51,"Não tem como, tá ligado?",0,0,,,0,0,0,0,0,0,0,0
9sFGyNdtN8Y,80,226.07,227.43,Não consigo jogar a minha tipa de caça,0,0,,,0,0,0,0,0,0,0,0
9sFGyNdtN8Y,81,227.43,231.55,"É muito se matar, tá ligado?",0,0,,,0,0,0,0,0,0,0,0
9sFGyNdtN8Y,82,235.6,236.34,Tem nada aqui,0,0,,,0,0,0,0,0,0,0,0
9sFGyNdtN8Y,83,236.34,241.45,"Ai, meu Deus, cara",0,0,,,0,0,0,0,0,0,0,0
9sFGyNdtN8Y,84,241.45,242.73,"Tem uma Zira aqui, mano",0,0,,,0,0,0,0,0,0,0,0
9sFGyNdtN8Y,85,242.73,244.39,Tá bom,0,0,,,0,0,0,0,0,0,0,0
9sFGyNdtN8Y,86,244.39,246.49,Eu tô tirando uma 2 secundária também,0,0,,,0,0,0,0,0,0,0,0
9sFGyNdtN8Y,87,246.49,247.45,"Só que eu tô aqui, né",0,0,,,0,0,0,0,0,0,0,0
9sFGyNdtN8Y,88,247.45,250.15,"E o cara foi solar, deu merda, hein, mano",0,0,,,0,0,0,0,0,0,0,0
9sFGyNdtN8Y,89,250.15,251.33,Eu sempre uso,0,0,,,0,0,0,0,0,0,0,0
9sFGyNdtN8Y,90,251.33,262.48,"A gente não ganhava tudo aqui, não, mano",0,0,,,0,0,0,0,0,0,0,0
9sFGyNdtN8Y,91,262.48,264.76,"Por que a gente deu tudo pra trás, mano",0,0,,,0,0,0,0,0,0,0,0
9sFGyNdtN8Y,92,264.76,266.62,"Pra cá não tinha ult, mano",0,0,,,0,0,0,0,0,0,0,0
9sFGyNdtN8Y,93,266.62,269.14,"Meu Deus, o cara é cego",0,0,,,0,0,0,0,0,0,0,0
9sFGyNdtN8Y,94,269.14,270.06,"Aí, aí, aí",0,0,,,0,0,0,0,0,0,0,0
9sFGyNdtN8Y,95,270.06,274.02,Será que ele vê em mim? Vê em nada,0,0,,,0,0,0,0,0,0,0,0
9sFGyNdtN8Y,96,274.02,287.66,"O cara voltou hoje, o cara vai levar a dive zuda aqui, hein",0,0,,,0,0,0,0,0,0,0,0
9sFGyNdtN8Y,97,287.66,289.9,"Não veio de rune errado, mas tinha pisuda",0,0,,,0,0,0,0,0,0,0,0
9sFGyNdtN8Y,98,289.9,293.07,"Ela tem ult aqui, hein",0,0,,,0,0,0,0,0,0,0,0
9sFGyNdtN8Y,99,293.07,294.41,"Não tem como ela morrer aqui, não",0,0,,,0,0,0,0,0,0,0,0
9sFGyNdtN8Y,100,294.41,309.77,eu vou tudo que nem eu é louco mano que conseguiu estuprar esse aqui mano só que,0,0,,,0,0,0,0,0,0,0,0
9sFGyNdtN8Y,101,309.77,316.36,aberração cara que eu vou tudo fez a play por da favela se matou ainda caralho meu,1,1,caralho,sexual_degradante,0,0,1,0,0,0,0,0
9sFGyNdtN8Y,102,316.36,322.42,deus cara que isso mano e guarde aqui será mano eu vou dar meu bebê incrível,0,0,,,0,0,0,0,0,0,0,0
9sFGyNdtN8Y,103,322.42,332.18,mas tem útil ainda vai tomar no pulo mas vai ficar essa bosta aqui caraca mano,0,0,,,0,0,0,0,0,0,0,0
9sFGyNdtN8Y,104,332.18,334.18,"Eu peguei mercado, tá safe. Valeu a pena.",0,0,,,0,0,0,0,0,0,0,0
9sFGyNdtN8Y,105,334.18,341.18,"Ai meu deus, teve uma treta de 50 horas aqui no bot side e não gastou ult essa piranha ainda mano.",1,1,piranha,xingamentos_genero,0,0,0,0,1,0,0,0
9sFGyNdtN8Y,106,341.18,344.18,"Aqui não vai rolar também, tá bom.",0,0,,,0,0,0,0,0,0,0,0
9sFGyNdtN8Y,107,344.18,354.37,"Nossa, eu falei que eu tinha que mudar a armadura nesse ele game e me fudim mano.",0,0,,,0,0,0,0,0,0,0,0
9sFGyNdtN8Y,108,354.37,370.46,"Ah caceta, alguma coisa mano! Seu repilante podre de ruim favelado.",0,0,,,0,0,0,0,0,0,0,0
9sFGyNdtN8Y,109,370.46,374.02,"Olha o faveladasso mano, se podre.",0,0,,,0,0,0,0,0,0,0,0
9sFGyNdtN8Y,110,374.62,384.07,"Ah, aquele M-Dive aqui, mano.",0,0,,,0,0,0,0,0,0,0,0
9sFGyNdtN8Y,111,384.25,384.79,Você tá louco.,0,0,,,0,0,0,0,0,0,0,0
9sFGyNdtN8Y,112,385.51,386.59,"M-Dive aqui, 100%.",0,0,,,0,0,0,0,0,0,0,0
9sFGyNdtN8Y,113,386.59,391.52,"Cara, se essa aqui não abrir reto aqui,",0,0,,,0,0,0,0,0,0,0,0
9sFGyNdtN8Y,114,391.6,393.4,"a gente contesta com o meu BTP, mano.",0,0,,,0,0,0,0,0,0,0,0
9sFGyNdtN8Y,115,394.92,395.68,Mas não se...,0,0,,,0,0,0,0,0,0,0,0
9sFGyNdtN8Y,116,395.68,396.98,"É, só não se matar antes também, né?",0,0,,,0,0,0,0,0,0,0,0
9sFGyNdtN8Y,117,398.72,399.08,Uou!,0,0,,,0,0,0,0,0,0,0,0
9sFGyNdtN8Y,118,399.24,399.84,Olha o...,0,0,,,0,0,0,0,0,0,0,0
9sFGyNdtN8Y,119,399.84,401.36,"Beleza, tem game zudo, ok.",0,0,,,0,0,0,0,0,0,0,0
9sFGyNdtN8Y,120,401.52,402.14,Tem game zudo.,0,0,,,0,0,0,0,0,0,0,0
9sFGyNdtN8Y,121,404.51,404.97,Tem pra onde?,0,0,,,0,0,0,0,0,0,0,0
9sFGyNdtN8Y,122,405.01,405.53,Tem pra aqui.,0,0,,,0,0,0,0,0,0,0,0
9sFGyNdtN8Y,123,405.53,405.63,Beleza.,0,0,,,0,0,0,0,0,0,0,0
9sFGyNdtN8Y,124,408.07,409.01,BTP e você...,0,0,,,0,0,0,0,0,0,0,0
9sFGyNdtN8Y,125,409.01,413.25,Olha o Camisa 10!,0,0,,,0,0,0,0,0,0,0,0
9sFGyNdtN8Y,126,413.33,414.13,"Vem cá, me dá kill!",0,0,,,0,0,0,0,0,0,0,0
9sFGyNdtN8Y,127,414.97,415.33,Valeu.,0,0,,,0,0,0,0,0,0,0,0
9sFGyNdtN8Y,128,419.24,420.2,"A gente perde aqui, né, mano?",0,0,,,0,0,0,0,0,0,0,0
9sFGyNdtN8Y,129,420.2,434.72,é bem fácil tá bom vai ter outros aviados aqui nossa mano que não se pede a espécie ainda cara,0,0,,,0,0,0,0,0,0,0,0
9sFGyNdtN8Y,130,434.72,450.33,sabe aqui mano sabe que tem flash não me diga qual como tem previsível ao gastar o flash da,0,0,,,0,0,0,0,0,0,0,0
9sFGyNdtN8Y,131,450.33,464.49,time não foi isso aqui não sei bem sério ela me sola mano é que eu arrisco isso aí ela quase,0,0,,,0,0,0,0,0,0,0,0
9sFGyNdtN8Y,132,464.49,473.97,mas me solou até eu falei que era meio risco mano eu pedi o cara tá pegando o que vai dar,0,0,,,0,0,0,0,0,0,0,0
9sFGyNdtN8Y,133,473.97,486.46,coitado também amador salvou tudo para caralho pô a madrugada quebrou o que é o foda que ela,1,1,caralho,sexual_degradante,0,0,1,0,0,0,0,0
9sFGyNdtN8Y,134,486.46,491.9,tava com 50 aqui no games e nem te dar tá valendo cara que bizarríssima é que o tanto aí mano,0,0,,,0,0,0,0,0,0,0,0
9sFGyNdtN8Y,135,492.86,497.9,e você interpela para isso acho que você vai ser muito dele a gente não ganha fight mano,0,0,,,0,0,0,0,0,0,0,0
9sFGyNdtN8Y,136,497.9,501.4,"Eu não consigo ver um mundo, um mundo, que a gente ganha fight aqui, tipo, esse mundo, só.",0,0,,,0,0,0,0,0,0,0,0
9sFGyNdtN8Y,137,503.36,504.92,"Eu não consigo ver esse mundão, cara.",0,0,,,0,0,0,0,0,0,0,0
9sFGyNdtN8Y,138,506.24,506.86,Será que eu vou?,0,0,,,0,0,0,0,0,0,0,0
9sFGyNdtN8Y,139,512.32,522.62,"Caramba, eu...",0,0,,,0,0,0,0,0,0,0,0
9sFGyNdtN8Y,140,522.62,524.06,"Caralho, só não fighta, cara.",1,1,caralho,sexual_degradante,0,0,1,0,0,0,0,0
9sFGyNdtN8Y,141,524.1,524.94,"Só não fighta aí, cara.",0,0,,,0,0,0,0,0,0,0,0
9sFGyNdtN8Y,142,524.96,525.4,Que isso?,0,0,,,0,0,0,0,0,0,0,0
9sFGyNdtN8Y,143,526.52,528.48,"O time que se fighta é o time de dementes, cara.",0,0,,,0,0,0,0,0,0,0,0
9sFGyNdtN8Y,144,528.88,529.9,Vou dar sim no FF.,0,0,,,0,0,0,0,0,0,0,0
9sFGyNdtN8Y,145,536.56,537.94,Temos game que eu peguei cheat down.,0,0,,,0,0,0,0,0,0,0,0
9sFGyNdtN8Y,146,538.06,539.3,"Temos game, temos game.",0,0,,,0,0,0,0,0,0,0,0
9sFGyNdtN8Y,147,540.48,541.72,"E aí, eu aceito ou não aceito, mano?",0,0,,,0,0,0,0,0,0,0,0
9sFGyNdtN8Y,148,541.84,543.96,"Eu vou aceitar, mas eu não vou ganhar essa porra aqui, não.",0,0,,,0,0,0,0,0,0,0,0
9sFGyNdtN8Y,149,544.42,545.82,"É o Tom Pacei, sabe lá, mano?",0,0,,,0,0,0,0,0,0,0,0
9sFGyNdtN8Y,150,545.82,546.46,Vai tomar no cu.,0,0,,,0,0,0,0,0,0,0,0
9sFGyNdtN8Y,151,549.37,551.09,"10 pesos que me solam aqui, meu, doido",0,0,,,0,0,0,0,0,0,0,0
9sFGyNdtN8Y,152,551.09,553.49,"Ah, tá, mano",0,0,,,0,0,0,0,0,0,0,0
9sFGyNdtN8Y,153,553.49,557.32,"Cara, o cara não se... Que que é isso?",0,0,,,0,0,0,0,0,0,0,0
9sFGyNdtN8Y,154,558.02,559.62,"Vem cá, seu imundo, não",0,0,,,0,0,0,0,0,0,0,0
9sFGyNdtN8Y,155,559.62,561.2,Mano,0,0,,,0,0,0,0,0,0,0,0
9sFGyNdtN8Y,156,561.2,569.56,"Tá pegando minha kill, mano, esse presco",0,0,,,0,0,0,0,0,0,0,0
9sFGyNdtN8Y,157,569.56,570.76,Pegando minha kill presco,0,0,,,0,0,0,0,0,0,0,0
9sFGyNdtN8Y,158,570.76,575.83,"Porque minha kill tem que ganhar não, rapaz",0,0,,,0,0,0,0,0,0,0,0
9sFGyNdtN8Y,159,575.83,581.75,"Caralho, como os caras sabiam que nós tava aqui, mano",1,1,caralho,sexual_degradante,0,0,1,0,0,0,0,0
9sFGyNdtN8Y,160,581.75,583.65,Mano,0,0,,,0,0,0,0,0,0,0,0
9sFGyNdtN8Y,161,583.65,585.63,"Isso aqui é gol chacaradura, mano",0,0,,,0,0,0,0,0,0,0,0
9sFGyNdtN8Y,162,585.63,587.07,Aí eu fui estuprado,0,0,,,0,0,0,0,0,0,0,0
9sFGyNdtN8Y,163,587.07,590.05,"Cara, como... Aqui não tinha pink, nossa, não?",0,0,,,0,0,0,0,0,0,0,0
9sFGyNdtN8Y,164,593.81,595.29,"Nice champion, nice champion",0,0,,,0,0,0,0,0,0,0,0
9sFGyNdtN8Y,165,595.83,596.77,"Vamos, fighta, mano.",0,0,,,0,0,0,0,0,0,0,0
9sFGyNdtN8Y,166,596.97,597.67,"Fighta, mano.",0,0,,,0,0,0,0,0,0,0,0
9sFGyNdtN8Y,167,606.49,607.53,"Nossa, o Devon tá levando, cara.",0,0,,,0,0,0,0,0,0,0,0
9sFGyNdtN8Y,168,609.01,609.93,"Bora, bora, bora, bora.",0,0,,,0,0,0,0,0,0,0,0
9sFGyNdtN8Y,169,610.91,613.07,Eu pensei que eu consegui matar o Alissana nessa fight.,0,0,,,0,0,0,0,0,0,0,0
9sFGyNdtN8Y,170,614.89,615.91,"A gente perdeu o fight, sim.",0,0,,,0,0,0,0,0,0,0,0
9sFGyNdtN8Y,171,616.05,618.23,"Mas a gente perdeu o fight sem um Ael também, né?",0,0,,,0,0,0,0,0,0,0,0
9sFGyNdtN8Y,172,618.37,620.13,Foi 5v4 essa bomba.,0,0,,,0,0,0,0,0,0,0,0
9sFGyNdtN8Y,173,620.21,620.73,Aí foi um bom game.,0,0,,,0,0,0,0,0,0,0,0
9sFGyNdtN8Y,174,625.33,626.97,"Caralho, o Ael tá sendo estuprado, cara.",1,1,caralho,sexual_degradante,0,0,1,0,0,0,0,0
9sFGyNdtN8Y,175,627.01,627.51,Meu Deus.,0,0,,,0,0,0,0,0,0,0,0
9sFGyNdtN8Y,176,628.51,631.47,"Que estombo sinistro que tomou, rapaziadinha.",0,0,,,0,0,0,0,0,0,0,0
9sFGyNdtN8Y,177,631.55,631.93,Deu merda.,0,0,,,0,0,0,0,0,0,0,0
9sFGyNdtN8Y,178,639.1,641.28,"Nossa, olha esse cara jogando de Akali, mano.",0,0,,,0,0,0,0,0,0,0,0
9sFGyNdtN8Y,179,641.28,642.02,Olha esse cara jogando.,0,0,,,0,0,0,0,0,0,0,0
9sFGyNdtN8Y,180,642.48,651.0,"E nem aqui o cara, meu K de gold, mano, cara, você quer morrer, você executar em praça pública esse animal, mano, tá louco, guarda, guarda FF",0,0,,,0,0,0,0,0,0,0,0
9sFGyNdtN8Y,181,651.0,658.15,"Vai engajar no cara aqui não, o cara não quer pegar com o K de gold meu, mano, acabou",0,0,,,0,0,0,0,0,0,0,0
9sFGyNdtN8Y,182,658.15,660.43,"Olha aí, colite foi mesmo",0,0,,,0,0,0,0,0,0,0,0
9sFGyNdtN8Y,183,660.43,663.29,"Vai carregar o jogo de velcóis, mano, pode deixar",0,0,,,0,0,0,0,0,0,0,0
9sFGyNdtN8Y,184,663.29,666.09,"O cara pegou mil de gold zudo, mano",0,0,,,0,0,0,0,0,0,0,0
9sFGyNdtN8Y,185,666.09,668.99,Eu queria guardar skill pra garantir essa merda,0,0,,,0,0,0,0,0,0,0,0
9sFGyNdtN8Y,186,668.99,672.63,"Vou até pra lá, mano, os caras não tão favelando, mano, os caras tão favelando, cara, que não",0,0,,,0,0,0,0,0,0,0,0
9sFGyNdtN8Y,187,672.63,675.11,Tô com Ray Flash,0,0,,,0,0,0,0,0,0,0,0
9sFGyNdtN8Y,188,675.11,676.33,Eu dou bastante A's aqui,0,0,,,0,0,0,0,0,0,0,0
9sFGyNdtN8Y,189,676.33,689.17,"Ah, o cara tinha Flash",0,0,,,0,0,0,0,0,0,0,0
9sFGyNdtN8Y,190,689.17,691.49,"Caralho, peguei cheat dao",1,1,caralho,sexual_degradante,0,0,1,0,0,0,0,0
9sFGyNdtN8Y,191,691.49,692.65,"Tem game, tem game, rapaziada",0,0,,,0,0,0,0,0,0,0,0
9sFGyNdtN8Y,192,692.65,693.53,"Com o Mibex Zudo, bora",0,0,,,0,0,0,0,0,0,0,0
9sFGyNdtN8Y,193,693.53,694.19,Vigês Olhos,0,0,,,0,0,0,0,0,0,0,0
9sFGyNdtN8Y,194,694.19,696.83,"Pô, os caras tem muita coisa ainda, mano",0,0,,,0,0,0,0,0,0,0,0
9sFGyNdtN8Y,195,696.83,698.97,"Mano, o cara picou camisa 10",0,0,,,0,0,0,0,0,0,0,0
9sFGyNdtN8Y,196,698.97,700.57,"Se de morganha deu bom, mano",0,0,,,0,0,0,0,0,0,0,0
9sFGyNdtN8Y,197,700.57,702.45,"A gente ganha, mano",0,0,,,0,0,0,0,0,0,0,0
9sFGyNdtN8Y,198,702.45,703.07,Fight Zudo,0,0,,,0,0,0,0,0,0,0,0
9sFGyNdtN8Y,199,703.07,706.21,"Caralho, que susto que eu levei, mano",1,1,caralho,sexual_degradante,0,0,1,0,0,0,0,0
9sFGyNdtN8Y,200,706.21,706.71,Meu Deus,0,0,,,0,0,0,0,0,0,0,0
9sFGyNdtN8Y,201,706.71,707.93,"Tem pra ouvir essa bosta, caralho",1,1,caralho,sexual_degradante,0,0,1,0,0,0,0,0
9sFGyNdtN8Y,202,707.93,709.29,Tem um demônio,0,0,,,0,0,0,0,0,0,0,0
9sFGyNdtN8Y,203,709.29,710.91,"Tem uma bombinha aqui onde eu moro, cara",0,0,,,0,0,0,0,0,0,0,0
9sFGyNdtN8Y,204,710.91,711.37,Que susto,0,0,,,0,0,0,0,0,0,0,0
9sFGyNdtN8Y,205,711.37,712.15,Alguém ouviu essa bosta?,0,0,,,0,0,0,0,0,0,0,0
9sFGyNdtN8Y,206,712.15,714.01,"Cara, meu coração",0,0,,,0,0,0,0,0,0,0,0
9sFGyNdtN8Y,207,714.01,716.13,"Mano, que tilt, mano",0,0,,,0,0,0,0,0,0,0,0
9sFGyNdtN8Y,208,716.13,717.83,"Que tilt, tem que matar um favorável desse, mano",0,0,,,0,0,0,0,0,0,0,0
9sFGyNdtN8Y,209,717.83,720.11,"Caraca, eu tô no meio do jogo",0,0,,,0,0,0,0,0,0,0,0
9sFGyNdtN8Y,210,720.11,722.33,"Mas eu tinha fight, mano, eu tinha um barulho de bomba no meu ouvido",0,0,,,0,0,0,0,0,0,0,0
9sFGyNdtN8Y,211,722.33,724.41,Eu pensava que alguém tinha engajado,0,0,,,0,0,0,0,0,0,0,0
9sFGyNdtN8Y,212,724.41,726.41,"Aqui, pô, sei lá, mano, quem não deu flash útil",0,0,,,0,0,0,0,0,0,0,0
9sFGyNdtN8Y,213,726.41,744.68,"Ai, que meu Deus",0,0,,,0,0,0,0,0,0,0,0
9sFGyNdtN8Y,214,744.68,747.08,"Cara, eu pensava que era do",0,0,,,0,0,0,0,0,0,0,0
9sFGyNdtN8Y,215,747.08,748.96,"Místico israelita aqui, o Místico Hamas aqui",0,0,,,0,0,0,0,0,0,0,0
9sFGyNdtN8Y,216,748.96,749.88,"Mano, que que é isso?",0,0,,,0,0,0,0,0,0,0,0
9sFGyNdtN8Y,217,750.56,753.02,"Meu coração foi a mil, porque, tipo assim, tava maior clima de fight",0,0,,,0,0,0,0,0,0,0,0
9sFGyNdtN8Y,218,753.02,754.3,"Ali da quem não tá, da flash",0,0,,,0,0,0,0,0,0,0,0
9sFGyNdtN8Y,219,754.3,757.5,"Eu tô, meus sentidos aguçados, tá ligado?",0,0,,,0,0,0,0,0,0,0,0
9sFGyNdtN8Y,220,757.5,760.0,"Pra dar flash, alguma coisa",0,0,,,0,0,0,0,0,0,0,0
9sFGyNdtN8Y,221,760.0,761.6,Mas o animal tá dando bombinha no meu ouvido,0,0,,,0,0,0,0,0,0,0,0
9sFGyNdtN8Y,222,761.6,762.86,"Cara, levei um susto do caralho, mano",1,1,caralho,sexual_degradante,0,0,1,0,0,0,0,0
9sFGyNdtN8Y,223,762.86,765.66,"Caralho, levei muito susto, mano, tá louco",1,1,caralho,sexual_degradante,0,0,1,0,0,0,0,0
9sFGyNdtN8Y,224,765.66,768.38,"Tem que matar um negucho desse, cara",0,0,,,0,0,0,0,0,0,0,0
9sFGyNdtN8Y,225,768.38,769.58,"Dá uma outra aqui, mano",0,0,,,0,0,0,0,0,0,0,0
9sFGyNdtN8Y,226,769.58,771.56,TP da besta negra,0,0,,,0,0,0,0,0,0,0,0
9sFGyNdtN8Y,227,771.56,773.78,Me dá esse aqui,0,0,,,0,0,0,0,0,0,0,0
9sFGyNdtN8Y,228,773.78,775.7,"Ai, meu Deus",0,0,,,0,0,0,0,0,0,0,0
9sFGyNdtN8Y,229,775.7,778.76,Levou o TP da besta negra,0,0,,,0,0,0,0,0,0,0,0
9sFGyNdtN8Y,230,778.76,780.08,"Dá só no Killzuda, beleza",0,0,,,0,0,0,0,0,0,0,0
9sFGyNdtN8Y,231,780.08,781.92,"E temos sim, come back",0,0,,,0,0,0,0,0,0,0,0
9sFGyNdtN8Y,232,781.92,783.06,Será que não?,0,0,,,0,0,0,0,0,0,0,0
9sFGyNdtN8Y,233,783.26,785.72,"Não fica, hein",0,0,,,0,0,0,0,0,0,0,0
9sFGyNdtN8Y,234,785.72,801.21,"Eu tive que ativar aqui, minha passagem de 1 de setembro, bagulho é louco, bagulho",0,0,,,0,0,0,0,0,0,0,0
9sFGyNdtN8Y,235,801.21,802.21,é louco.,0,0,,,0,0,0,0,0,0,0,0
9sFGyNdtN8Y,236,802.21,808.29,"Aí é 1 barra 10 tá, aí é 1 barra 10 tá, aí é 1 barra 10, tá ligado?",0,0,,,0,0,0,0,0,0,0,0
9sFGyNdtN8Y,237,808.29,814.13,"Ele é o camisa 10 a partir daqui, fud...",0,0,,,0,0,0,0,0,0,0,0
9sFGyNdtN8Y,238,814.13,817.39,"Ah, eu não matei um cara mano, que bosta é essa cara?",0,0,,,0,0,0,0,0,0,0,0
9sFGyNdtN8Y,239,817.39,827.7,"Vai Ael, faz alguma coisa Ael, vai Ael, meu Deus, que flash é esse cara?",0,0,,,0,0,0,0,0,0,0,0
9sFGyNdtN8Y,240,827.7,829.1,"Deu bom, matou, foda-se",0,0,,,0,0,0,0,0,0,0,0
9sFGyNdtN8Y,241,829.1,832.24,"Nossa, tem um 3k de gold, né, mano",0,0,,,0,0,0,0,0,0,0,0
9sFGyNdtN8Y,242,832.24,832.58,Eu entendi,0,0,,,0,0,0,0,0,0,0,0
9sFGyNdtN8Y,243,832.58,834.64,Agora eu tô dando,0,0,,,0,0,0,0,0,0,0,0
9sFGyNdtN8Y,244,834.64,838.58,"Ah, eu vou dar Mejai, foda-se",0,0,,,0,0,0,0,0,0,0,0
9sFGyNdtN8Y,245,838.58,839.22,Não,0,0,,,0,0,0,0,0,0,0,0
9sFGyNdtN8Y,246,839.22,842.66,"Eu jogo com o meu amigo do Mejai, foda-se",0,0,,,0,0,0,0,0,0,0,0
9sFGyNdtN8Y,247,842.66,843.92,"Olha a play do cara, mano",0,0,,,0,0,0,0,0,0,0,0
9sFGyNdtN8Y,248,843.92,844.8,"Na favela, sabe?",0,0,,,0,0,0,0,0,0,0,0
9sFGyNdtN8Y,249,845.36,846.04,Vai dar ruim,0,0,,,0,0,0,0,0,0,0,0
9sFGyNdtN8Y,250,846.04,851.88,"Uou, Procter, Caçadinho 16, uou",0,0,,,0,0,0,0,0,0,0,0
9sFGyNdtN8Y,251,851.88,854.32,"Caçadinho 16, Procter",0,0,,,0,0,0,0,0,0,0,0
9sFGyNdtN8Y,252,854.32,856.02,O Maninho bateu o dinheiro dos caras,0,0,,,0,0,0,0,0,0,0,0
9sFGyNdtN8Y,253,856.02,857.8,"O dragão, nossa, mas nós vencemos o jogo com o Mibex",0,0,,,0,0,0,0,0,0,0,0
9sFGyNdtN8Y,254,857.8,859.6,"Udo, Mewt, Caçadinho, foda-se",0,0,,,0,0,0,0,0,0,0,0
9sFGyNdtN8Y,255,860.16,861.28,"Ainda bem que eu não ganhei FF, rapaziada.",0,0,,,0,0,0,0,0,0,0,0
9sFGyNdtN8Y,256,862.36,863.3,Faz essa bosta aí.,0,0,,,0,0,0,0,0,0,0,0
9sFGyNdtN8Y,257,863.42,864.28,Faz essa bosta aí.,0,0,,,0,0,0,0,0,0,0,0
9sFGyNdtN8Y,258,864.36,864.72,Foda-se.,0,0,,,0,0,0,0,0,0,0,0
9sFGyNdtN8Y,259,865.12,865.88,Desculpa os dragão.,0,0,,,0,0,0,0,0,0,0,0
9sFGyNdtN8Y,260,865.98,866.36,Foda-se.,0,0,,,0,0,0,0,0,0,0,0
9sFGyNdtN8Y,261,868.24,869.68,"Vai fazer essa merda aí, tá ligado?",0,0,,,0,0,0,0,0,0,0,0
9sFGyNdtN8Y,262,870.14,874.53,"Isso é possível, mano.",0,0,,,0,0,0,0,0,0,0,0
9sFGyNdtN8Y,263,874.55,875.27,Tu errou o smite.,0,0,,,0,0,0,0,0,0,0,0
9sFGyNdtN8Y,264,875.35,876.75,"Tu nem smitou no dragão, cara.",0,0,,,0,0,0,0,0,0,0,0
9sFGyNdtN8Y,265,876.79,877.29,Seu traveco.,0,0,,,0,0,0,0,0,0,0,0
9sFGyNdtN8Y,266,877.99,879.45,"Mano, o traveco nem...",0,0,,,0,0,0,0,0,0,0,0
9sFGyNdtN8Y,267,879.45,880.91,"Mano, os caras estão roubando meu bordão.",0,0,,,0,0,0,0,0,0,0,0
9sFGyNdtN8Y,268,880.99,881.55,Eu que vim ter o bordão.,0,0,,,0,0,0,0,0,0,0,0
9sFGyNdtN8Y,269,881.63,882.35,"Ok, booktaper.",0,0,,,0,0,0,0,0,0,0,0
9sFGyNdtN8Y,270,883.67,885.97,"Cara, o cara nem smiteou no dragão, cara.",0,0,,,0,0,0,0,0,0,0,0
9sFGyNdtN8Y,271,885.99,886.47,O que é isso?,0,0,,,0,0,0,0,0,0,0,0
9sFGyNdtN8Y,272,889.17,890.61,"Cara, encontrei o 10 aqui, mano.",0,0,,,0,0,0,0,0,0,0,0
9sFGyNdtN8Y,273,898.02,898.34,Cadê?,0,0,,,0,0,0,0,0,0,0,0
9sFGyNdtN8Y,274,898.52,899.88,"Mano, ele tá BTP aqui, mano.",0,0,,,0,0,0,0,0,0,0,0
9sFGyNdtN8Y,275,899.88,902.28,"Eu joguei bem, eu joguei mal essa faca",0,0,,,0,0,0,0,0,0,0,0
9sFGyNdtN8Y,276,902.28,905.16,"Cara, eu fui pegar a flanga",0,0,,,0,0,0,0,0,0,0,0
9sFGyNdtN8Y,277,905.16,906.86,"E tive 10 naquele mato, mano",0,0,,,0,0,0,0,0,0,0,0
9sFGyNdtN8Y,278,906.86,907.58,Malditos,0,0,,,0,0,0,0,0,0,0,0
9sFGyNdtN8Y,279,907.58,915.07,"Caralho, tem muita... Mano, os caras estão com muita visão negra",1,1,caralho,sexual_degradante,0,0,1,0,0,0,0,0
9sFGyNdtN8Y,280,915.07,916.01,"Eu não estou gostando disso aqui, mano",0,0,,,0,0,0,0,0,0,0,0
9sFGyNdtN8Y,281,916.01,918.95,"Eu vou puxar aquela wave, vou terpar aqui",0,0,,,0,0,0,0,0,0,0,0
9sFGyNdtN8Y,282,918.95,920.53,Vamos lutar aqui,0,0,,,0,0,0,0,0,0,0,0
9sFGyNdtN8Y,283,920.53,927.17,"Nossa, eu levei isso...",0,0,,,0,0,0,0,0,0,0,0
9sFGyNdtN8Y,284,927.17,934.21,"Calma, cara, calma, tem a besta mecânica negra",0,0,,,0,0,0,0,0,0,0,0
9sFGyNdtN8Y,285,934.21,934.63,Não tinha,0,0,,,0,0,0,0,0,0,0,0
9sFGyNdtN8Y,286,934.63,938.37,"Ah, ah, ah, meu Deus, eu estou pra cá, mano",0,0,,,0,0,0,0,0,0,0,0
9sFGyNdtN8Y,287,938.37,940.15,"Que filha da puta, desgraçada",1,1,puta,xingamentos_genero,0,0,0,0,1,0,0,0
9sFGyNdtN8Y,288,940.15,942.51,"Ai, meu Deus, não, cara",0,0,,,0,0,0,0,0,0,0,0
9sFGyNdtN8Y,289,942.51,944.45,"Não, acabou o jogo",0,0,,,0,0,0,0,0,0,0,0
9sFGyNdtN8Y,290,944.45,946.29,Acabou o jogo,0,0,,,0,0,0,0,0,0,0,0
9sFGyNdtN8Y,291,946.29,947.29,"Vai, vai, Júlio, vai",0,0,,,0,0,0,0,0,0,0,0
9sFGyNdtN8Y,292,947.29,949.07,"Perdemos o jogo, rapaziada, fim",0,0,,,0,0,0,0,0,0,0,0
9sFGyNdtN8Y,293,949.07,951.77,"Fim, end, end, como é que é o nome da palavra?",0,0,,,0,0,0,0,0,0,0,0
9sFGyNdtN8Y,294,952.75,953.69,"Não sei inglês, tá ligado?",0,0,,,0,0,0,0,0,0,0,0
9sFGyNdtN8Y,295,955.05,956.11,"Cara, temos você vivo",0,0,,,0,0,0,0,0,0,0,0
9sFGyNdtN8Y,296,956.11,957.59,"Contra quatro negros, boa sorte",0,0,,,0,0,0,0,0,0,0,0
9sFGyNdtN8Y,297,957.59,959.03,"Nossa, que bosta",0,0,,,0,0,0,0,0,0,0,0
9sFGyNdtN8Y,298,959.03,961.81,"Caralho, me deu muito dano também, mano",1,1,caralho,sexual_degradante,0,0,1,0,0,0,0,0
9sFGyNdtN8Y,299,961.81,963.89,Eu tenho que ter as guardinhas pra fightar,0,0,,,0,0,0,0,0,0,0,0
9sFGyNdtN8Y,300,963.89,966.19,"Segurei fudendo, cara",0,0,,,0,0,0,0,0,0,0,0
9sFGyNdtN8Y,301,966.19,967.75,"Você morreu, só",0,0,,,0,0,0,0,0,0,0,0
9sFGyNdtN8Y,302,967.75,970.49,"Uou, big, mano, olha a play do cara, tá ligado?",0,0,,,0,0,0,0,0,0,0,0
9sFGyNdtN8Y,303,971.75,973.25,"Pena que ele morreu, não deu pra ele, tá ligado?",0,0,,,0,0,0,0,0,0,0,0
9sFGyNdtN8Y,304,973.51,974.25,"Meu, o cara é muito bom!",0,0,,,0,0,0,0,0,0,0,0
9sFGyNdtN8Y,305,974.45,975.69,"O cara é muito bom, o que que é isso?",0,0,,,0,0,0,0,0,0,0,0
9sFGyNdtN8Y,306,975.75,978.99,"Meu Deus, o cara é de Vidal, de Aatrox, de Aatrox, de Vel'Koz, o que que é isso?",0,0,,,0,0,0,0,0,0,0,0
9sFGyNdtN8Y,307,979.55,981.55,"Mano, o cara é muito bom, mano, o que que esse cara aí é, mano?",0,0,,,0,0,0,0,0,0,0,0
9sFGyNdtN8Y,308,982.23,984.49,"GPM, o cara é, mano, que bom, eu também te amo, cara.",0,0,,,0,0,0,0,0,0,0,0
9sFGyNdtN8Y,309,986.39,989.25,"Cara, o cara é muito bom, mano, o cara é muito jogador, cara, o que que é isso, mano?",0,0,,,0,0,0,0,0,0,0,0
9sFGyNdtN8Y,310,1000.4,1001.98,"Ah, meu Deus, cara.",0,0,,,0,0,0,0,0,0,0,0
9sFGyNdtN8Y,311,1003.78,1005.18,"Ai, meu Deus, cara.",0,0,,,0,0,0,0,0,0,0,0
9sFGyNdtN8Y,312,1005.18,1006.54,Será que eu mato?,0,0,,,0,0,0,0,0,0,0,0
9sFGyNdtN8Y,313,1006.72,1007.86,Eu faço alguma coisa no jogo?,0,0,,,0,0,0,0,0,0,0,0
9sFGyNdtN8Y,314,1007.96,1008.44,"Vai, Azudo.",0,0,,,0,0,0,0,0,0,0,0
9sFGyNdtN8Y,315,1008.5,1009.0,"Vai, Azudo.",0,0,,,0,0,0,0,0,0,0,0
9sFGyNdtN8Y,316,1009.62,1010.66,"Mata todo mundo, hein, game.",0,0,,,0,0,0,0,0,0,0,0
9sFGyNdtN8Y,317,1010.76,1011.4,"Ai, meu Deus.",0,0,,,0,0,0,0,0,0,0,0
9sFGyNdtN8Y,318,1011.52,1012.26,"Por favor, por favor.",0,0,,,0,0,0,0,0,0,0,0
9sFGyNdtN8Y,319,1013.36,1013.8,Ganhamos o jogo.,0,0,,,0,0,0,0,0,0,0,0
9sFGyNdtN8Y,320,1013.9,1014.46,Acho que ganhamos o jogo.,0,0,,,0,0,0,0,0,0,0,0
9sFGyNdtN8Y,321,1014.68,1015.0,"Ganhamos, não?",0,0,,,0,0,0,0,0,0,0,0
9sFGyNdtN8Y,322,1015.66,1016.78,"Cara, o jogo não acaba nunca.",0,0,,,0,0,0,0,0,0,0,0
9sFGyNdtN8Y,323,1016.94,1017.22,Cansei.,0,0,,,0,0,0,0,0,0,0,0
9sFGyNdtN8Y,324,1017.32,1018.12,"Isso aqui é derrota, rapaziada.",0,0,,,0,0,0,0,0,0,0,0
9sFGyNdtN8Y,325,1018.16,1019.86,O jogo durou 40 minutos de partida.,0,0,,,0,0,0,0,0,0,0,0
9sFGyNdtN8Y,326,1020.34,1021.66,"Mesmo se eu vencer, a partida é derrota.",0,0,,,0,0,0,0,0,0,0,0
9sFGyNdtN8Y,327,1021.74,1022.04,Foda-se.,0,0,,,0,0,0,0,0,0,0,0
9sFGyNdtN8Y,328,1032.06,1033.34,"Caralho, eles estão pôndo mísseis.",1,1,caralho,sexual_degradante,0,0,1,0,0,0,0,0
9sFGyNdtN8Y,329,1033.38,1034.02,E que é isso aqui?,0,0,,,0,0,0,0,0,0,0,0
9sFGyNdtN8Y,330,1042.36,1043.62,Eu vou dar B lá.,0,0,,,0,0,0,0,0,0,0,0
9sFGyNdtN8Y,331,1045.2,1046.46,O que o cara tá fazendo aqui?,0,0,,,0,0,0,0,0,0,0,0
9sFGyNdtN8Y,332,1051.58,1053.1,Eu tô sem flecha e a impressão é minha.,0,0,,,0,0,0,0,0,0,0,0
9sFGyNdtN8Y,333,1053.1,1056.78,"Cara, por que eu não consigo ter o gold",0,0,,,0,0,0,0,0,0,0,0
9sFGyNdtN8Y,334,1056.78,1058.16,"Do meu item, mano? Por quê?",0,0,,,0,0,0,0,0,0,0,0
9sFGyNdtN8Y,335,1058.9,1060.72,Por que eu não consigo dar B e comprar,0,0,,,0,0,0,0,0,0,0,0
9sFGyNdtN8Y,336,1060.72,1061.78,O meu item Zulu,0,0,,,0,0,0,0,0,0,0,0
9sFGyNdtN8Y,337,1061.78,1064.5,Chamado,0,0,,,0,0,0,0,0,0,0,0
9sFGyNdtN8Y,338,1064.5,1065.9,O anjo guardião,0,0,,,0,0,0,0,0,0,0,0
9sFGyNdtN8Y,339,1065.9,1069.72,"Cara, eu não consigo dar B e comprar o item só",0,0,,,0,0,0,0,0,0,0,0
9sFGyNdtN8Y,340,1069.72,1071.14,GA? Eu tenho o gold GA?,0,0,,,0,0,0,0,0,0,0,0
9sFGyNdtN8Y,341,1071.24,1072.08,Alguém faz o cálculo aí,0,0,,,0,0,0,0,0,0,0,0
9sFGyNdtN8Y,342,1072.08,1075.49,"Acho que eu tenho, acho que eu tenho",0,0,,,0,0,0,0,0,0,0,0
9sFGyNdtN8Y,343,1075.49,1077.37,"Calma, calma, calma",0,0,,,0,0,0,0,0,0,0,0
9sFGyNdtN8Y,344,1077.37,1078.43,GA caçadinho,0,0,,,0,0,0,0,0,0,0,0
9sFGyNdtN8Y,345,1078.43,1080.91,"Me ouvem, me ouvem, amigos, não se matem",0,0,,,0,0,0,0,0,0,0,0
9sFGyNdtN8Y,346,1080.91,1083.21,"O cara tá aqui, foda-se, compra essa play",0,0,,,0,0,0,0,0,0,0,0
9sFGyNdtN8Y,347,1083.21,1084.87,"foda-se, foda-se, foda-se, não anda reto",0,0,,,0,0,0,0,0,0,0,0
9sFGyNdtN8Y,348,1084.87,1086.09,ele tá aqui,0,0,,,0,0,0,0,0,0,0,0
9sFGyNdtN8Y,349,1086.09,1089.65,"Tony A, gastou o flash dele",0,0,,,0,0,0,0,0,0,0,0
9sFGyNdtN8Y,350,1089.65,1090.83,fui estup... xd,0,0,,,0,0,0,0,0,0,0,0
9sFGyNdtN8Y,351,1090.83,1091.55,não,0,0,,,0,0,0,0,0,0,0,0
9sFGyNdtN8Y,352,1091.55,1103.35,eu tenho mais um...,0,0,,,0,0,0,0,0,0,0,0
9sFGyNdtN8Y,353,1103.35,1105.49,"vou ganhar o jogo, meu Deus, vou botar pra ganhar",0,0,,,0,0,0,0,0,0,0,0
9sFGyNdtN8Y,354,1105.49,1106.99,"meu Deus, tá emocionado",0,0,,,0,0,0,0,0,0,0,0
9sFGyNdtN8Y,355,1106.99,1109.93,"vamos, Elzudo, vamos, Elzudo, caralho",1,1,caralho,sexual_degradante,0,0,1,0,0,0,0,0
9sFGyNdtN8Y,356,1109.93,1111.21,"porra, vai tomar no cu",0,0,,,0,0,0,0,0,0,0,0
9sFGyNdtN8Y,357,1111.21,1112.57,"vamos, El, vamos",0,0,,,0,0,0,0,0,0,0,0
9sFGyNdtN8Y,358,1112.57,1115.65,"é o jogo de justiça, cara",0,0,,,0,0,0,0,0,0,0,0
9sFGyNdtN8Y,359,1115.65,1117.41,"meu Deus, cara",0,0,,,0,0,0,0,0,0,0,0
PIyw-_gHTzU,1,0.0,4.74,"Por que você não faz oa, mano? Porque o item geral é podre, esse item aqui é asqueroso, item de viado essa merda",1,1,viado,homofobia_misoginia,0,0,0,0,0,1,0,0
PIyw-_gHTzU,2,4.74,6.88,"Só faz isso aqui quando você quer perder o jogo, entendeu?",0,0,,,0,0,0,0,0,0,0,0
PIyw-_gHTzU,3,7.28,10.54,"Mas eu vou mostrar aqui o porquê, eu realmente não faço, bastam nas eras, tá bom?",0,0,,,0,0,0,0,0,0,0,0
PIyw-_gHTzU,4,10.78,13.26,"Vou dar uma de ucla aqui, tá bom? Ucla preta eu vou ser agora",0,0,,,0,0,0,0,0,0,0,0
PIyw-_gHTzU,5,13.26,19.4,"Cara, aqui tá o item, tá bom? Por que esse item aqui antigamente era muito bom e todo jogo buildava pra caça a Dolph?",0,0,,,0,0,0,0,0,0,0,0
PIyw-_gHTzU,6,19.74,23.08,"Porque antigamente o jogo não tinha um trilhão de objetivo, tá bom?",0,0,,,0,0,0,0,0,0,0,0
PIyw-_gHTzU,7,23.4,25.58,"Hoje em dia o jogo gira em todo mundo de fight, mano",0,0,,,0,0,0,0,0,0,0,0
PIyw-_gHTzU,8,25.58,28.1,Cada segundo tem alguma coisa no mapa pra fightar,0,0,,,0,0,0,0,0,0,0,0
PIyw-_gHTzU,9,28.1,30.3,"Larva, dragão, esse negócio",0,0,,,0,0,0,0,0,0,0,0
PIyw-_gHTzU,10,30.3,32.12,"Atacanzudo, tem muita coisa no mapa",0,0,,,0,0,0,0,0,0,0,0
PIyw-_gHTzU,11,32.12,34.24,"Pra fightar, entendeu? Antigamente o jogo",0,0,,,0,0,0,0,0,0,0,0
PIyw-_gHTzU,12,34.24,35.88,"Era mais parado, entendeu? E você podia",0,0,,,0,0,0,0,0,0,0,0
PIyw-_gHTzU,13,35.88,37.92,"Buildar ro e escalar ainda mais, sem contar",0,0,,,0,0,0,0,0,0,0,0
PIyw-_gHTzU,14,37.92,40.12,Também que o campeão tinha muito mais dano base,0,0,,,0,0,0,0,0,0,0,0
PIyw-_gHTzU,15,40.12,41.88,"Muito mais dano base, hoje em dia você",0,0,,,0,0,0,0,0,0,0,0
PIyw-_gHTzU,16,41.88,44.34,"Builda ro, seu dano fica negativo, negativo",0,0,,,0,0,0,0,0,0,0,0
PIyw-_gHTzU,17,44.34,46.08,Antigamente você mudava ro e você,0,0,,,0,0,0,0,0,0,0,0
PIyw-_gHTzU,18,46.08,47.86,"Continuava dando dano no early game, seu campeão tinha",0,0,,,0,0,0,0,0,0,0,0
PIyw-_gHTzU,19,47.86,49.82,"Muito dano base, e isso, né, foi o que esse",0,0,,,0,0,0,0,0,0,0,0
PIyw-_gHTzU,20,49.82,51.56,Impejo da Ica acabou nerfando,0,0,,,0,0,0,0,0,0,0,0
PIyw-_gHTzU,21,51.56,53.94,"No champion nos últimos anos, né? Além também",0,0,,,0,0,0,0,0,0,0,0
PIyw-_gHTzU,22,53.94,55.74,Do que o próprio style do caçador,0,0,,,0,0,0,0,0,0,0,0
PIyw-_gHTzU,23,55.74,57.74,"Também mudou, antes você jogava muito",0,0,,,0,0,0,0,0,0,0,0
PIyw-_gHTzU,24,57.74,59.68,"Pro late game, hoje em dia o late game do campeão",0,0,,,0,0,0,0,0,0,0,0
PIyw-_gHTzU,25,59.68,61.5,"Ainda é forte, entretanto, porém",0,0,,,0,0,0,0,0,0,0,0
PIyw-_gHTzU,26,61.5,63.92,"Todavia, o campeão tá mais voltado",0,0,,,0,0,0,0,0,0,0,0
PIyw-_gHTzU,27,63.92,65.38,Ao playstyle de desnoblar a partida,0,0,,,0,0,0,0,0,0,0,0
PIyw-_gHTzU,28,65.38,67.62,E é muito mais fácil você pegar kill pelo mapa,0,0,,,0,0,0,0,0,0,0,0
PIyw-_gHTzU,29,67.62,69.62,"No early mid game, e o dano",0,0,,,0,0,0,0,0,0,0,0
PIyw-_gHTzU,30,69.62,71.38,"Que nem o alpha, full dano, malevolência",0,0,,,0,0,0,0,0,0,0,0
PIyw-_gHTzU,31,71.38,73.74,"E sem a rosuda, esse item aqui tá podre",0,0,,,0,0,0,0,0,0,0,0
PIyw-_gHTzU,32,73.74,75.78,"Mano, tu só faz essa merda aqui quando você quiser entrar no jogo",0,0,,,0,0,0,0,0,0,0,0
PIyw-_gHTzU,33,75.78,77.54,"Eu consigo passar pano se for, sei lá",0,0,,,0,0,0,0,0,0,0,0
PIyw-_gHTzU,34,77.54,79.44,"Um veiga, um veiga mid",0,0,,,0,0,0,0,0,0,0,0
PIyw-_gHTzU,35,79.44,81.72,"Uma metinha bem fria assim, aí eu consigo passar um pouco",0,0,,,0,0,0,0,0,0,0,0
PIyw-_gHTzU,36,81.72,83.62,"De pano, mas no geral, mano, esse item aqui é podre",0,0,,,0,0,0,0,0,0,0,0
PIyw-_gHTzU,37,83.62,85.56,"Eu vi o kamikete fazendo, é óbvio né",0,0,,,0,0,0,0,0,0,0,0
PIyw-_gHTzU,38,85.56,89.28,"cara, o Kermit Cat é gay, né? Tu realmente acha que vai mudar que nem eu, que um alfa, full damage, tá bom?",0,0,,,0,0,0,0,0,0,0,0
PIyw-_gHTzU,39,89.5,90.68,"Nuclear builds, caçador, fi.",0,0,,,0,0,0,0,0,0,0,0
PIyw-_gHTzU,40,91.74,93.82,"Nossa, esse mapa verde mufa demais, mano, sem condição.",0,0,,,0,0,0,0,0,0,0,0
PIyw-_gHTzU,41,95.32,96.76,Esse mapa verde é muito buff.,0,0,,,0,0,0,0,0,0,0,0
PIyw-_gHTzU,42,97.02,98.52,"Vou tentar gravar, então, mais um gameplay.",0,0,,,0,0,0,0,0,0,0,0
PIyw-_gHTzU,43,98.7,100.1,"O Kermit Cat levou buff, né, cara?",0,0,,,0,0,0,0,0,0,0,0
PIyw-_gHTzU,44,100.6,104.38,"Eu tô pensando mesmo em gravar uma explicativa azul, né?",0,0,,,0,0,0,0,0,0,0,0
PIyw-_gHTzU,45,105.38,107.52,"Aqui tem mais gente que já jogou um champion, levou buff, né?",0,0,,,0,0,0,0,0,0,0,0
PIyw-_gHTzU,46,108.5,108.78,Ok.,0,0,,,0,0,0,0,0,0,0,0
PIyw-_gHTzU,47,110.78,112.4,"Cara, que dor em judaica é essa?",0,0,,,0,0,0,0,0,0,0,0
PIyw-_gHTzU,48,112.5,113.56,"Perdi o Minion. Não, peguei.",0,0,,,0,0,0,0,0,0,0,0
PIyw-_gHTzU,49,115.56,118.3,"O lado do Poitinho eu peguei todos os minions, mas sabem que o gayzão.",0,0,,,0,0,0,0,0,0,0,0
PIyw-_gHTzU,50,118.88,121.8,"Ah, na real, eu vou dar B e TP mesmo, tá foda.",0,0,,,0,0,0,0,0,0,0,0
PIyw-_gHTzU,51,123.02,123.9,Daí fiz o do Kayn.,0,0,,,0,0,0,0,0,0,0,0
PIyw-_gHTzU,52,124.0,126.94,Fiquei entre os dois baterias caçadores ontem com dois broken buffs.,0,0,,,0,0,0,0,0,0,0,0
PIyw-_gHTzU,53,127.6,129.16,"Pior que esses buffs foram perceptíveis, mano.",0,0,,,0,0,0,0,0,0,0,0
PIyw-_gHTzU,54,129.22,130.5,"Mano, eu senti muitas diferenças nos buffs.",0,0,,,0,0,0,0,0,0,0,0
PIyw-_gHTzU,55,130.62,131.24,"Muitas, muitas, mano.",0,0,,,0,0,0,0,0,0,0,0
PIyw-_gHTzU,56,132.88,134.56,"No mid, a gente game e faz muita diff, mano.",0,0,,,0,0,0,0,0,0,0,0
PIyw-_gHTzU,57,134.86,136.4,"Também é 15% mais de AP, né?",0,0,,,0,0,0,0,0,0,0,0
PIyw-_gHTzU,58,136.4,137.34,"Bastante coisa, querendo ou não, mano.",0,0,,,0,0,0,0,0,0,0,0
PIyw-_gHTzU,59,138.02,138.3,Ok.,0,0,,,0,0,0,0,0,0,0,0
PIyw-_gHTzU,60,139.38,140.32,"Bom, é o seguinte, mano.",0,0,,,0,0,0,0,0,0,0,0
PIyw-_gHTzU,61,140.32,141.24,Eu vou dar B aqui agora.,0,0,,,0,0,0,0,0,0,0,0
PIyw-_gHTzU,62,141.36,142.74,"Na real, eu não sei se eu vou dar B, não, mano.",0,0,,,0,0,0,0,0,0,0,0
PIyw-_gHTzU,63,143.84,144.58,É que é gankar aqui.,0,0,,,0,0,0,0,0,0,0,0
PIyw-_gHTzU,64,145.56,146.82,Tem o ar disso já na mão.,0,0,,,0,0,0,0,0,0,0,0
PIyw-_gHTzU,65,147.74,149.68,"Caralho, seu fodido rando podre, cara!",1,1,caralho,sexual_degradante,0,0,1,0,0,0,0,0
PIyw-_gHTzU,66,149.98,150.86,"E que é isso, cara?",0,0,,,0,0,0,0,0,0,0,0
PIyw-_gHTzU,67,151.74,153.8,"Que porra é essa, mano?",0,0,,,0,0,0,0,0,0,0,0
PIyw-_gHTzU,68,164.17,165.05,"O negócio tá louco,",0,0,,,0,0,0,0,0,0,0,0
PIyw-_gHTzU,69,165.13,165.31,esse gaysão.,0,0,,,0,0,0,0,0,0,0,0
PIyw-_gHTzU,70,166.85,169.13,"Ficando mili comigo, esse gaysão podre, o negócio é louco.",0,0,,,0,0,0,0,0,0,0,0
PIyw-_gHTzU,71,169.23,170.87,"Oi, meu Deus! Que é isso, cara?",0,0,,,0,0,0,0,0,0,0,0
PIyw-_gHTzU,72,171.25,172.87,"Que rei satânico é esse, mano?",0,0,,,0,0,0,0,0,0,0,0
PIyw-_gHTzU,73,172.93,173.59,Que porra é essa?,0,0,,,0,0,0,0,0,0,0,0
PIyw-_gHTzU,74,175.73,177.05,"Nossa, nem fodendo, cara.",0,0,,,0,0,0,0,0,0,0,0
PIyw-_gHTzU,75,177.41,179.17,"Tem fio azul, pé, fé, chave, caçador.",0,0,,,0,0,0,0,0,0,0,0
PIyw-_gHTzU,76,179.17,181.35,"Olha, tem TP esse gaysão, tá sem TP o gaysão, né?",0,0,,,0,0,0,0,0,0,0,0
PIyw-_gHTzU,77,181.91,183.61,"Não, tem TP sim o gaysão, hein, cara.",0,0,,,0,0,0,0,0,0,0,0
PIyw-_gHTzU,78,183.69,184.79,"Meu Deus, cara, deu merda.",0,0,,,0,0,0,0,0,0,0,0
PIyw-_gHTzU,79,185.03,191.65,"E aí, mano, como é que vai ser, mano?",0,0,,,0,0,0,0,0,0,0,0
PIyw-_gHTzU,80,191.71,193.07,Será que meu JV deve ter doido o morro?,0,0,,,0,0,0,0,0,0,0,0
PIyw-_gHTzU,81,193.15,193.87,"Como é que eu vou ser esse aqui, mano?",0,0,,,0,0,0,0,0,0,0,0
PIyw-_gHTzU,82,193.91,195.11,"Cara, pode jogar esse JV, Geizu?",0,0,,,0,0,0,0,0,0,0,0
PIyw-_gHTzU,83,196.53,199.35,"Geizu, você vai dar flash em mim, eu vou desviar e você vai morrer.",0,0,,,0,0,0,0,0,0,0,0
PIyw-_gHTzU,84,209.0,210.3,"Na real, ele só morreu mesmo.",0,0,,,0,0,0,0,0,0,0,0
PIyw-_gHTzU,85,210.4,211.32,"Cara, ele ficou louco, Geizu, né?",0,0,,,0,0,0,0,0,0,0,0
PIyw-_gHTzU,86,211.72,212.68,"O Geizu ficou louco, mano.",0,0,,,0,0,0,0,0,0,0,0
PIyw-_gHTzU,87,213.4,213.64,Ok.,0,0,,,0,0,0,0,0,0,0,0
PIyw-_gHTzU,88,214.36,216.66,"E aí, vamos querer bater um Ligzu daqui, mano?",0,0,,,0,0,0,0,0,0,0,0
PIyw-_gHTzU,89,220.8,223.1,"Olha, eu matei esse cara no combo só por causa dos buffs, hein, mano?",0,0,,,0,0,0,0,0,0,0,0
PIyw-_gHTzU,90,223.36,224.3,"Broken buffs, ok?",0,0,,,0,0,0,0,0,0,0,0
PIyw-_gHTzU,91,228.2,229.98,"Vamos ver se, mano, eu daivavo ele com a A-Flash.",0,0,,,0,0,0,0,0,0,0,0
PIyw-_gHTzU,92,230.2,230.48,Close.,0,0,,,0,0,0,0,0,0,0,0
PIyw-_gHTzU,93,230.48,232.02,"Close, ok, close",0,0,,,0,0,0,0,0,0,0,0
PIyw-_gHTzU,94,232.02,233.7,"Que isso, cara, que isso",0,0,,,0,0,0,0,0,0,0,0
PIyw-_gHTzU,95,233.7,237.24,"Será que o cara tem flash, mano",0,0,,,0,0,0,0,0,0,0,0
PIyw-_gHTzU,96,237.24,238.72,"Ah, x",0,0,,,0,0,0,0,0,0,0,0
PIyw-_gHTzU,97,238.72,248.12,"Vai dar ruim isso aqui, mano",0,0,,,0,0,0,0,0,0,0,0
PIyw-_gHTzU,98,248.12,251.08,"A gente não ganha isso aqui não, rapaziada",0,0,,,0,0,0,0,0,0,0,0
PIyw-_gHTzU,99,251.08,253.1,"Não ganha, nem fui ganhando, mano",0,0,,,0,0,0,0,0,0,0,0
PIyw-_gHTzU,100,253.1,255.02,"Que timezinho da favelinha que eu peguei, mano",0,0,,,0,0,0,0,0,0,0,0
PIyw-_gHTzU,101,255.02,256.18,"Você tá louco, mano",0,0,,,0,0,0,0,0,0,0,0
PIyw-_gHTzU,102,256.18,258.74,"Uou, o cara tá vivo ainda, mano",0,0,,,0,0,0,0,0,0,0,0
PIyw-_gHTzU,103,258.74,267.58,"Mata o cara, seu podre",0,0,,,0,0,0,0,0,0,0,0
PIyw-_gHTzU,104,267.58,286.76,"Ok, ok",0,0,,,0,0,0,0,0,0,0,0
PIyw-_gHTzU,105,286.76,288.04,Sempre com essa de ok,0,0,,,0,0,0,0,0,0,0,0
PIyw-_gHTzU,106,288.04,294.22,Eu vou ter pra midzuda aqui pra nós,0,0,,,0,0,0,0,0,0,0,0
PIyw-_gHTzU,107,294.22,295.74,Pegar umas barricadoras zuda também,0,0,,,0,0,0,0,0,0,0,0
PIyw-_gHTzU,108,295.74,297.7,"Pronto, você viu que eu acabei de abrir o tape",0,0,,,0,0,0,0,0,0,0,0
PIyw-_gHTzU,109,297.7,299.9,Na real eu não comprei o item até porque,0,0,,,0,0,0,0,0,0,0,0
PIyw-_gHTzU,110,299.9,309.28,"Ai meu Deus, cara",0,0,,,0,0,0,0,0,0,0,0
PIyw-_gHTzU,111,309.28,319.12,Napo mandou 30 reais,0,0,,,0,0,0,0,0,0,0,0
PIyw-_gHTzU,112,319.12,320.34,"Vai, Neidão",0,0,,,0,0,0,0,0,0,0,0
PIyw-_gHTzU,113,320.34,323.04,Criei uma playlist com minhas músicas aqui,0,0,,,0,0,0,0,0,0,0,0
PIyw-_gHTzU,114,323.04,324.44,Coloca aí pra tocar,0,0,,,0,0,0,0,0,0,0,0
PIyw-_gHTzU,115,324.44,325.6,Vai que tu curte,0,0,,,0,0,0,0,0,0,0,0
PIyw-_gHTzU,116,325.6,327.26,"Tá no som, Claudio",0,0,,,0,0,0,0,0,0,0,0
PIyw-_gHTzU,117,327.26,328.9,"Caralho, cara, mandou 30 dólares, louco",1,1,caralho,sexual_degradante,0,0,1,0,0,0,0,0
PIyw-_gHTzU,118,328.9,330.72,"Nem fudei, né, nós, Napo, tamo junto, mano",0,0,,,0,0,0,0,0,0,0,0
PIyw-_gHTzU,119,330.72,332.22,"Né, galera, eu tô aqui, levo, né",0,0,,,0,0,0,0,0,0,0,0
PIyw-_gHTzU,120,332.22,333.48,"Já levamos já, né, real, mano?",0,0,,,0,0,0,0,0,0,0,0
PIyw-_gHTzU,121,333.58,334.64,Óbvio que não tem bicho dentro.,0,0,,,0,0,0,0,0,0,0,0
PIyw-_gHTzU,122,336.84,338.12,"Ó, tem muito clique, que que é isso?",0,0,,,0,0,0,0,0,0,0,0
PIyw-_gHTzU,123,338.64,341.78,"Eu vou ardar só aqui, avançado, e vou puxar mid, rapaziada.",0,0,,,0,0,0,0,0,0,0,0
PIyw-_gHTzU,124,342.18,343.44,"É muito óbvio que eu vou descer bot, mano.",0,0,,,0,0,0,0,0,0,0,0
PIyw-_gHTzU,125,343.92,344.94,"Oh, my God!",0,0,,,0,0,0,0,0,0,0,0
PIyw-_gHTzU,126,346.72,347.64,"Deu merda, hein, mano.",0,0,,,0,0,0,0,0,0,0,0
PIyw-_gHTzU,127,355.91,357.31,"Cara, eu tenho que desviar da ult da Briar.",0,0,,,0,0,0,0,0,0,0,0
PIyw-_gHTzU,128,357.41,358.49,"Mano, caralho, muitos que eu...",1,1,caralho,sexual_degradante,0,0,1,0,0,0,0,0
PIyw-_gHTzU,129,358.49,360.69,"Ah, o cara é pedra.",0,0,,,0,0,0,0,0,0,0,0
PIyw-_gHTzU,130,360.93,361.43,"Essa Briar, mano.",0,0,,,0,0,0,0,0,0,0,0
PIyw-_gHTzU,131,362.17,364.21,"Caraca, mano, essa Briar tá onipresente, mano!",0,0,,,0,0,0,0,0,0,0,0
PIyw-_gHTzU,132,364.25,364.75,Meu Deus!,0,0,,,0,0,0,0,0,0,0,0
PIyw-_gHTzU,133,365.13,367.65,"Cara, eu só vou ficar colocando pressão mid infinita aqui.",0,0,,,0,0,0,0,0,0,0,0
PIyw-_gHTzU,134,367.65,368.81,"Não, isso aqui é dive, mano.",0,0,,,0,0,0,0,0,0,0,0
PIyw-_gHTzU,135,368.85,369.73,Isso aqui é dive. Vai isso aqui.,0,0,,,0,0,0,0,0,0,0,0
PIyw-_gHTzU,136,371.11,371.93,"Aí, vai mesmo, né?",0,0,,,0,0,0,0,0,0,0,0
PIyw-_gHTzU,137,375.35,377.45,"Puxa essa merda e lê no bando de podres, cara.",0,0,,,0,0,0,0,0,0,0,0
PIyw-_gHTzU,138,379.19,380.33,"Calma, calma aí, mano.",0,0,,,0,0,0,0,0,0,0,0
PIyw-_gHTzU,139,380.39,381.01,"Calma aí, mano.",0,0,,,0,0,0,0,0,0,0,0
PIyw-_gHTzU,140,382.91,383.23,Ok.,0,0,,,0,0,0,0,0,0,0,0
PIyw-_gHTzU,141,388.61,389.27,O que é isso?,0,0,,,0,0,0,0,0,0,0,0
PIyw-_gHTzU,142,389.31,390.57,"Que torre judaica é essa, mano?",0,0,,,0,0,0,0,0,0,0,0
PIyw-_gHTzU,143,391.17,393.07,"Cara, que torre judaica azul é essa?",0,0,,,0,0,0,0,0,0,0,0
PIyw-_gHTzU,144,393.15,393.65,Que porra é essa?,0,0,,,0,0,0,0,0,0,0,0
PIyw-_gHTzU,145,393.71,393.89,Ok.,0,0,,,0,0,0,0,0,0,0,0
PIyw-_gHTzU,146,396.21,396.99,Qual o seu pix?,0,0,,,0,0,0,0,0,0,0,0
PIyw-_gHTzU,147,397.09,398.17,"Calma, seu pix, né, guxo?",0,0,,,0,0,0,0,0,0,0,0
PIyw-_gHTzU,148,399.19,399.61,"Ah, não.",0,0,,,0,0,0,0,0,0,0,0
PIyw-_gHTzU,149,399.69,400.25,Meu pix?,0,0,,,0,0,0,0,0,0,0,0
PIyw-_gHTzU,150,400.37,401.73,"Não, meu pix...",0,0,,,0,0,0,0,0,0,0,0
PIyw-_gHTzU,151,401.73,404.11,"Se eu der o pix, vai dar merda, hein, mano?",0,0,,,0,0,0,0,0,0,0,0
PIyw-_gHTzU,152,404.13,404.97,"Vou levar a dox, né?",0,0,,,0,0,0,0,0,0,0,0
PIyw-_gHTzU,153,404.97,405.41,Aí deu merda.,0,0,,,0,0,0,0,0,0,0,0
PIyw-_gHTzU,154,409.74,410.94,"Nossa, que é um pedo, mano.",0,0,,,0,0,0,0,0,0,0,0
PIyw-_gHTzU,155,411.26,421.84,"Eu gastei meu flash aqui, não foi muito um F não, hein mano.",0,0,,,0,0,0,0,0,0,0,0
PIyw-_gHTzU,156,421.84,422.84,"Que isso aqui, cara?",0,0,,,0,0,0,0,0,0,0,0
PIyw-_gHTzU,157,422.84,428.74,"Ele não morreu aqui não, mano?",0,0,,,0,0,0,0,0,0,0,0
PIyw-_gHTzU,158,428.74,430.74,"Nossa, mano, o Q deve ser muito...",0,0,,,0,0,0,0,0,0,0,0
PIyw-_gHTzU,159,430.74,432.74,"Mano, o Q tá dando dano agora, mano.",0,0,,,0,0,0,0,0,0,0,0
PIyw-_gHTzU,160,432.74,433.74,"Meu Deus, tô emocionado, cara.",0,0,,,0,0,0,0,0,0,0,0
PIyw-_gHTzU,161,433.74,437.74,Antigamente o campeão tinha menos uma skill no kit.,0,0,,,0,0,0,0,0,0,0,0
PIyw-_gHTzU,162,437.74,440.74,O Q dava dano negativo essa merda.,0,0,,,0,0,0,0,0,0,0,0
PIyw-_gHTzU,163,440.74,442.74,"Agora começou a dar o dano azul do meu Q, mano.",0,0,,,0,0,0,0,0,0,0,0
PIyw-_gHTzU,164,442.74,443.74,"Caralho, que porra é essa, mano?",1,1,caralho,sexual_degradante,0,0,1,0,0,0,0,0
PIyw-_gHTzU,165,443.74,444.74,Broke Champion com essa Jean?,0,0,,,0,0,0,0,0,0,0,0
PIyw-_gHTzU,166,444.74,446.74,"Broke Champion, Broke Champion.",0,0,,,0,0,0,0,0,0,0,0
PIyw-_gHTzU,167,446.74,464.33,"Mano, o cara nem me deu hit, mano.",0,0,,,0,0,0,0,0,0,0,0
PIyw-_gHTzU,168,464.33,465.33,Cortando essa tropa.,0,0,,,0,0,0,0,0,0,0,0
PIyw-_gHTzU,169,465.33,471.55,"Close, close.",0,0,,,0,0,0,0,0,0,0,0
PIyw-_gHTzU,170,471.55,488.66,a velhice o cara que me sabe você pedonice cara eu tô vivo aí eu tô vindo sem como ele,0,0,,,0,0,0,0,0,0,0,0
PIyw-_gHTzU,171,488.66,495.21,branco e para mim ficou demais para o time do judô 20 horas eu faço a boa ajuda não quer,0,0,,,0,0,0,0,0,0,0,0
PIyw-_gHTzU,172,495.21,508.66,mudar minha zona azul daqui mano o tempo ontem pistolas o que é isso aí tudo ok,0,0,,,0,0,0,0,0,0,0,0
PIyw-_gHTzU,173,508.66,514.46,eu assisti o de mano da minha serviço da minha seria meu item tudo eu quero também,0,0,,,0,0,0,0,0,0,0,0
PIyw-_gHTzU,174,514.46,537.42,mas eu demais só mas a minha servida a gente tanto faz nada de imagem também não quem qual,0,0,,,0,0,0,0,0,0,0,0
PIyw-_gHTzU,175,537.42,543.04,vocês estão com Deus aí mas eu vou meter o pé tá ligado eu posso ter caralho meu bem para o,1,1,caralho,sexual_degradante,0,0,1,0,0,0,0,0
PIyw-_gHTzU,176,543.04,559.54,recado mano que porra é essa cara eu vou morrer aqui deixa eu dar meu bilhão aqui mas cadê ela,0,0,,,0,0,0,0,0,0,0,0
PIyw-_gHTzU,177,559.54,568.47,que você tá mandando ela sumiu é para aqui atrás mano eu não tô pensando liga ali tô chegando a,0,0,,,0,0,0,0,0,0,0,0
PIyw-_gHTzU,178,568.47,569.39,"Calmou, calmou.",0,0,,,0,0,0,0,0,0,0,0
PIyw-_gHTzU,179,583.06,585.26,"Meu Deus, que pedolice, hein, mano.",0,0,,,0,0,0,0,0,0,0,0
PIyw-_gHTzU,180,586.02,587.06,"Vem aqui de novo, mano.",0,0,,,0,0,0,0,0,0,0,0
PIyw-_gHTzU,181,590.52,591.48,"Ai, ai, ai.",0,0,,,0,0,0,0,0,0,0,0
PIyw-_gHTzU,182,591.56,591.94,Eu não aguento isso.,0,0,,,0,0,0,0,0,0,0,0
PIyw-_gHTzU,183,603.61,604.91,"Mas chega isso aqui, na real.",0,0,,,0,0,0,0,0,0,0,0
PIyw-_gHTzU,184,605.33,605.95,"É não, mano?",0,0,,,0,0,0,0,0,0,0,0
PIyw-_gHTzU,185,612.39,613.01,"Ok, bro.",0,0,,,0,0,0,0,0,0,0,0
PIyw-_gHTzU,186,613.13,613.97,Você nunca saiu de ok.,0,0,,,0,0,0,0,0,0,0,0
PIyw-_gHTzU,187,614.47,615.39,"Dá meu beijo tudo aqui, mano.",0,0,,,0,0,0,0,0,0,0,0
PIyw-_gHTzU,188,616.81,618.05,"Ah, meu Deus, cara.",0,0,,,0,0,0,0,0,0,0,0
PIyw-_gHTzU,189,622.42,623.54,"Tá de brinde, mano?",0,0,,,0,0,0,0,0,0,0,0
PIyw-_gHTzU,190,635.71,636.49,"XD, morri.",0,0,,,0,0,0,0,0,0,0,0
PIyw-_gHTzU,191,637.09,637.79,"Adiós, vida.",0,0,,,0,0,0,0,0,0,0,0
PIyw-_gHTzU,192,638.53,639.49,"Ai, meu Deus, cara.",0,0,,,0,0,0,0,0,0,0,0
PIyw-_gHTzU,193,639.55,640.35,"Meu Deus, mano.",0,0,,,0,0,0,0,0,0,0,0
PIyw-_gHTzU,194,640.35,642.87,"Tá bom, trolei",0,0,,,0,0,0,0,0,0,0,0
PIyw-_gHTzU,195,642.87,645.77,"Caralho, mano, por que esse troco estanca tanto",1,1,caralho,sexual_degradante,0,0,1,0,0,0,0,0
PIyw-_gHTzU,196,645.77,647.53,"Esse fudido, que é um satânico, mano",0,0,,,0,0,0,0,0,0,0,0
PIyw-_gHTzU,197,647.53,650.07,"Eu tô 10 leve no cara, mano",0,0,,,0,0,0,0,0,0,0,0
PIyw-_gHTzU,198,650.07,651.03,"10 leve o Zulu, cara",0,0,,,0,0,0,0,0,0,0,0
PIyw-_gHTzU,199,651.03,656.07,"Salve, nego, salve, Zulu",0,0,,,0,0,0,0,0,0,0,0
PIyw-_gHTzU,200,656.07,656.69,"Salve, Zulu",0,0,,,0,0,0,0,0,0,0,0
PIyw-_gHTzU,201,656.69,668.77,"Cara, meu Deus, cara, é o último cigarro",0,0,,,0,0,0,0,0,0,0,0
PIyw-_gHTzU,202,668.77,675.55,"Caralho, eu tô imbecil",1,1,caralho,sexual_degradante,0,0,1,0,0,0,0,0
PIyw-_gHTzU,203,675.55,678.59,"Como é que você conseguiu inventar o bar do faísca, mano?",0,0,,,0,0,0,0,0,0,0,0
PIyw-_gHTzU,204,678.65,679.67,"Que porra é essa, cara?",0,0,,,0,0,0,0,0,0,0,0
PIyw-_gHTzU,205,680.43,682.37,"Que bar do faísca onde, cara?",0,0,,,0,0,0,0,0,0,0,0
PIyw-_gHTzU,206,682.45,683.13,"Meu Deus, o que é isso?",0,0,,,0,0,0,0,0,0,0,0
PIyw-_gHTzU,207,683.81,684.99,"Ah, mano, que nome bom, cara",0,0,,,0,0,0,0,0,0,0,0
PIyw-_gHTzU,208,684.99,686.15,"Bar do faísca, mano",0,0,,,0,0,0,0,0,0,0,0
PIyw-_gHTzU,209,686.15,689.09,"Caralho, bar do faísca, mano",1,1,caralho,sexual_degradante,0,0,1,0,0,0,0,0
PIyw-_gHTzU,210,689.09,690.47,"Esse nome é high party, esse nome é zudo, mano",0,0,,,0,0,0,0,0,0,0,0
PIyw-_gHTzU,211,690.47,693.69,"Não, cara, o meu irmão não come cigarro mascado, beleza?",0,0,,,0,0,0,0,0,0,0,0
PIyw-_gHTzU,212,693.69,696.01,"Ele tem que comer em casa, mano",0,0,,,0,0,0,0,0,0,0,0
PIyw-_gHTzU,213,696.01,697.65,"O mendigo, o cigano zudo",0,0,,,0,0,0,0,0,0,0,0
PIyw-_gHTzU,214,697.65,699.25,"Não, e meu pai não bate em mim, mano.",0,0,,,0,0,0,0,0,0,0,0
PIyw-_gHTzU,215,699.79,700.79,"Só na minha mãe só, tá ligado?",0,0,,,0,0,0,0,0,0,0,0
PIyw-_gHTzU,216,701.67,702.81,Tô brincando.,0,0,,,0,0,0,0,0,0,0,0
PIyw-_gHTzU,217,703.23,704.33,"Minha família é unida, mano.",0,0,,,0,0,0,0,0,0,0,0
PIyw-_gHTzU,218,704.37,706.13,Meus pais são casados há mais de 30 anos só.,0,0,,,0,0,0,0,0,0,0,0
PIyw-_gHTzU,219,706.79,707.33,"Só não, né?",0,0,,,0,0,0,0,0,0,0,0
PIyw-_gHTzU,220,707.35,707.87,"Pra caralho, né?",1,1,caralho,sexual_degradante,0,0,1,0,0,0,0,0
PIyw-_gHTzU,221,708.49,710.71,"Cara, meus pais são casados há uns 35 anos, cara.",0,0,,,0,0,0,0,0,0,0,0
PIyw-_gHTzU,222,710.73,711.25,Isso é muito tempo.,0,0,,,0,0,0,0,0,0,0,0
PIyw-_gHTzU,223,711.47,713.13,"Se tiver uma fight em cima, eu vou dar um TP zudo.",0,0,,,0,0,0,0,0,0,0,0
PIyw-_gHTzU,224,714.19,716.07,"Mano, eu só quero saber em que ward eu vou ter par, né, mano?",0,0,,,0,0,0,0,0,0,0,0
PIyw-_gHTzU,225,716.85,718.21,Eu vou saber em que ward eu vou ter que ter par já.,0,0,,,0,0,0,0,0,0,0,0
PIyw-_gHTzU,226,718.31,718.63,Vai ter fight.,0,0,,,0,0,0,0,0,0,0,0
PIyw-_gHTzU,227,737.78,738.72,"Beleza, aí me zudo, ok.",0,0,,,0,0,0,0,0,0,0,0
PIyw-_gHTzU,228,739.9,741.34,"É, acabou o game zudo, mano.",0,0,,,0,0,0,0,0,0,0,0
PIyw-_gHTzU,229,741.38,743.2,"Nossa, meus pais nem um tony supriu a fight, né?",0,0,,,0,0,0,0,0,0,0,0
PIyw-_gHTzU,230,743.2,745.76,"Branco sempre com a gente, ok? Branco sempre, Branco sempre, tio.",0,0,,,0,0,0,0,0,0,0,0
PIyw-_gHTzU,231,747.14,750.18,"Salve no 10, pê tudo, salve no site, salve no negócio, salve junto, salve junto.",0,0,,,0,0,0,0,0,0,0,0
PIyw-_gHTzU,232,752.1,753.38,"Caralho, esse game é aqui, mano.",1,1,caralho,sexual_degradante,0,0,1,0,0,0,0,0
PIyw-_gHTzU,233,753.54,754.88,"Tá louco, esse jogo é focado, mano.",0,0,,,0,0,0,0,0,0,0,0
ifSpvNYqE2g,1,0.27,2.07,Porque todos os streamers te odeiam,0,0,,,0,0,0,0,0,0,0,0
ifSpvNYqE2g,2,2.07,4.01,"Mano, eu não sei porque eu sou tão odiado, tá bom?",0,0,,,0,0,0,0,0,0,0,0
ifSpvNYqE2g,3,4.03,5.69,"Eu acho que isso se chama injustiça, beleza?",0,0,,,0,0,0,0,0,0,0,0
ifSpvNYqE2g,4,6.37,7.79,"Cara, 90% dos meus jogos",0,0,,,0,0,0,0,0,0,0,0
ifSpvNYqE2g,5,7.79,9.17,"Eu nem digito, eu nem digito",0,0,,,0,0,0,0,0,0,0,0
ifSpvNYqE2g,6,9.17,11.73,"Eu digitava muito, mano, sei lá, 10 anos atrás, tá bom?",0,0,,,0,0,0,0,0,0,0,0
ifSpvNYqE2g,7,11.73,13.95,"Na época, mano, Babilônica, Babilônica",0,0,,,0,0,0,0,0,0,0,0
ifSpvNYqE2g,8,13.95,16.61,"Hoje em dia eu estou 100% informado, mano",0,0,,,0,0,0,0,0,0,0,0
ifSpvNYqE2g,9,16.61,18.21,"Aí, tipo assim, eu xingava o cara",0,0,,,0,0,0,0,0,0,0,0
ifSpvNYqE2g,10,18.21,19.73,"O cara ficava assim, aqui no meu jogo",0,0,,,0,0,0,0,0,0,0,0
ifSpvNYqE2g,11,19.73,21.47,"Eu realmente xingava o cara de podre, foda-se, mano",0,0,,,0,0,0,0,0,0,0,0
ifSpvNYqE2g,12,21.47,23.91,"Aí, eu xingava o cara, o cara simplesmente",0,0,,,0,0,0,0,0,0,0,0
ifSpvNYqE2g,13,23.91,25.41,"O viado, as comunidades de viado",2,1,viado,homofobia_misoginia,0,0,0,0,0,1,0,0
ifSpvNYqE2g,14,25.41,28.23,"Ficava, ai meu Deus, quem me xingou aqui, mano?",0,0,,,0,0,0,0,0,0,0,0
ifSpvNYqE2g,15,28.29,29.91,"Como assim? O cara, ai, eu tô xingando",0,0,,,0,0,0,0,0,0,0,0
ifSpvNYqE2g,16,29.91,31.99,"me pode xingar, mano, foda-se, se eu tô ali",0,0,,,0,0,0,0,0,0,0,0
ifSpvNYqE2g,17,31.99,34.17,"e você me xinga, eu xingo você de volta e acabou, mano",0,0,,,0,0,0,0,0,0,0,0
ifSpvNYqE2g,18,34.17,36.23,"mas não, os bando de viadilha é pro coração, mano",0,0,,,0,0,0,0,0,0,0,0
ifSpvNYqE2g,19,36.23,38.01,é impressionante a comunidade,0,0,,,0,0,0,0,0,0,0,0
ifSpvNYqE2g,20,38.01,40.31,"viada que tem esse jogo podre aqui, de jogo de magia",1,1,viada,homofobia_misoginia,0,0,0,0,0,1,0,0
ifSpvNYqE2g,21,40.31,42.05,"podre, é óbvio, cara, o",0,0,,,0,0,0,0,0,0,0,0
ifSpvNYqE2g,22,42.05,43.11,"punheiro tem que bandear mesmo, mano",0,0,,,0,0,0,0,0,0,0,0
ifSpvNYqE2g,23,43.11,46.11,"ele tem 15 anos de idade, rapaz",0,0,,,0,0,0,0,0,0,0,0
ifSpvNYqE2g,24,46.11,48.41,"mano, isso aqui, cara, isso aqui faz quanto tempo, mano",0,0,,,0,0,0,0,0,0,0,0
ifSpvNYqE2g,25,48.41,50.05,"que porra é essa, cara, isso aqui faz",0,0,,,0,0,0,0,0,0,0,0
ifSpvNYqE2g,26,50.05,51.67,"3 anos, mano, meu Deus, mano",0,0,,,0,0,0,0,0,0,0,0
ifSpvNYqE2g,27,51.67,53.81,"o pior que não, o pior que realmente nessa época aí",0,0,,,0,0,0,0,0,0,0,0
ifSpvNYqE2g,28,53.81,55.91,"eu realmente era insuportável, tá bom, 3 anos",0,0,,,0,0,0,0,0,0,0,0
ifSpvNYqE2g,29,55.91,58.25,"atrás eu simplesmente saía do colégio, tá bom",0,0,,,0,0,0,0,0,0,0,0
ifSpvNYqE2g,30,58.25,60.19,"E ficava, mano, eu tinha um bloco de notas",0,0,,,0,0,0,0,0,0,0,0
ifSpvNYqE2g,31,60.19,60.93,Tinha cinquenta,0,0,,,0,0,0,0,0,0,0,0
ifSpvNYqE2g,32,60.93,63.51,"Cinquenta nomes de pessoas que eu inventava, tá bom?",0,0,,,0,0,0,0,0,0,0,0
ifSpvNYqE2g,33,63.59,65.53,"Essa época, parecia tipo sete os nicks",0,0,,,0,0,0,0,0,0,0,0
ifSpvNYqE2g,34,65.53,67.75,"Amigão, todo jogo era dessa cama, tá bom?",0,0,,,0,0,0,0,0,0,0,0
ifSpvNYqE2g,35,67.83,68.99,"Sai da reta, sai da reta",0,0,,,0,0,0,0,0,0,0,0
ifSpvNYqE2g,36,68.99,71.59,"Nessa época, eu realmente não suportava essa época aí, mano",0,0,,,0,0,0,0,0,0,0,0
ifSpvNYqE2g,37,71.59,74.09,"Pra mim, deve ser o melhor caçadinho",0,0,,,0,0,0,0,0,0,0,0
ifSpvNYqE2g,38,74.09,75.83,"Ô, louco, o B deixou nós fortes",0,0,,,0,0,0,0,0,0,0,0
ifSpvNYqE2g,39,75.83,77.01,"Sai da reta, deixou nós fortes",0,0,,,0,0,0,0,0,0,0,0
ifSpvNYqE2g,40,77.01,79.65,Se o interesse dele,0,0,,,0,0,0,0,0,0,0,0
ifSpvNYqE2g,41,79.65,80.99,É ser alguém nesse jogo,0,0,,,0,0,0,0,0,0,0,0
ifSpvNYqE2g,42,80.99,83.17,"Que isso? Que isso, cara, que isso?",0,0,,,0,0,0,0,0,0,0,0
ifSpvNYqE2g,43,83.25,85.23,É muito bom,0,0,,,0,0,0,0,0,0,0,0
ifSpvNYqE2g,44,85.23,86.57,"Ô, louco",0,0,,,0,0,0,0,0,0,0,0
ifSpvNYqE2g,45,86.57,88.43,"De caçadinha, absurdamente bom",0,0,,,0,0,0,0,0,0,0,0
ifSpvNYqE2g,46,88.43,89.45,"Só que, tipo",0,0,,,0,0,0,0,0,0,0,0
ifSpvNYqE2g,47,89.45,91.91,É um completo de idiota,0,0,,,0,0,0,0,0,0,0,0
ifSpvNYqE2g,48,91.91,94.09,"O cara é idiota demais, mano",0,0,,,0,0,0,0,0,0,0,0
ifSpvNYqE2g,49,94.09,96.35,Eu não sei quando ele vai se ligar,0,0,,,0,0,0,0,0,0,0,0
ifSpvNYqE2g,50,96.35,97.57,"Ah, mano, só porque",0,0,,,0,0,0,0,0,0,0,0
ifSpvNYqE2g,51,97.57,100.07,Eu picava com a camisa 10,0,0,,,0,0,0,0,0,0,0,0
ifSpvNYqE2g,52,100.07,102.55,"Cara, eu tenho o lema da Riot",0,0,,,0,0,0,0,0,0,0,0
ifSpvNYqE2g,53,102.55,104.29,"Jogue da sua maneira, brezas",0,0,,,0,0,0,0,0,0,0,0
ifSpvNYqE2g,54,104.29,106.85,"Se cair viado no time, o 10 tá pra campo",1,1,viado,homofobia_misoginia,0,0,0,0,0,1,0,0
ifSpvNYqE2g,55,106.85,108.85,"Se cair moleque no time, o 10 também tá pra campo",0,0,,,0,0,0,0,0,0,0,0
ifSpvNYqE2g,56,108.85,109.87,"É o lema da Riot, mano",0,0,,,0,0,0,0,0,0,0,0
ifSpvNYqE2g,57,109.87,111.99,"O que você quiser, mano, que porra é essa?",0,0,,,0,0,0,0,0,0,0,0
ifSpvNYqE2g,58,112.15,113.99,"O que ele faz, o que ele fala",0,0,,,0,0,0,0,0,0,0,0
ifSpvNYqE2g,59,113.99,115.03,O louco,0,0,,,0,0,0,0,0,0,0,0
ifSpvNYqE2g,60,115.03,117.37,"Ai, meu Deus, ele tá rei, eu fiquei de magia, meu Deus",0,0,,,0,0,0,0,0,0,0,0
ifSpvNYqE2g,61,117.37,118.69,"Ele é Mussolini, ele é Mussolini",0,0,,,0,0,0,0,0,0,0,0
ifSpvNYqE2g,62,118.69,120.41,O cara é um bosta,0,0,,,0,0,0,0,0,0,0,0
ifSpvNYqE2g,63,120.41,122.55,"O cara é um porco, ele é porcaço",0,0,,,0,0,0,0,0,0,0,0
ifSpvNYqE2g,64,122.55,124.63,"Caralho, que porra é essa?",1,1,caralho,sexual_degradante,0,0,1,0,0,0,0,0
ifSpvNYqE2g,65,125.07,126.51,Ele falou que você nunca vai ser ninguém,0,0,,,0,0,0,0,0,0,0,0
ifSpvNYqE2g,66,126.51,128.97,"Amigão, eu vou ser o novo Iodinha, tá bom?",0,0,,,0,0,0,0,0,0,0,0
ifSpvNYqE2g,67,129.23,130.73,"Tenho o Iodinha do mal, macumbeiro",0,0,,,0,0,0,0,0,0,0,0
ifSpvNYqE2g,68,130.73,132.41,"Eu não sei se é baiano, na real",0,0,,,0,0,0,0,0,0,0,0
ifSpvNYqE2g,69,132.41,134.25,"Mas temos o Iodinha do mal, macumbeiro, beleza?",0,0,,,0,0,0,0,0,0,0,0
ifSpvNYqE2g,70,134.41,136.23,"Eu vou ser Iodinha do bem, tá bom?",0,0,,,0,0,0,0,0,0,0,0
ifSpvNYqE2g,71,136.29,138.27,"Você, Iodinha, de Deus, tá bom? De Deus",0,0,,,0,0,0,0,0,0,0,0
ifSpvNYqE2g,72,138.27,140.49,"Caralho, isso aqui é antigo, hein, mano? Caralho, isso aqui é antigaço",2,1,caralho,sexual_degradante,0,0,1,0,0,0,0,0
ifSpvNYqE2g,73,140.49,142.29,"Caralho, mano",1,1,caralho,sexual_degradante,0,0,1,0,0,0,0,0
ifSpvNYqE2g,74,142.29,144.77,"Isso aqui é épico, mano, isso aqui é antigaço",0,0,,,0,0,0,0,0,0,0,0
ifSpvNYqE2g,75,144.77,145.81,Isso aqui é tão antigo,0,0,,,0,0,0,0,0,0,0,0
ifSpvNYqE2g,76,145.81,148.71,"Naquela época, a Team Astralis preencheu os niques, mano",0,0,,,0,0,0,0,0,0,0,0
ifSpvNYqE2g,77,148.71,151.23,Camisa 10 de York está teorizando o Ocrino,0,0,,,0,0,0,0,0,0,0,0
ifSpvNYqE2g,78,151.23,152.07,"Cara, que época boa",0,0,,,0,0,0,0,0,0,0,0
ifSpvNYqE2g,79,152.07,154.31,"Cara, olha esse moleque, mano",0,0,,,0,0,0,0,0,0,0,0
ifSpvNYqE2g,80,154.31,157.73,Sua denúncia de York sem rede foi enviada,0,0,,,0,0,0,0,0,0,0,0
ifSpvNYqE2g,81,157.73,159.75,"Nossa, a equipe agradece",0,0,,,0,0,0,0,0,0,0,0
ifSpvNYqE2g,82,159.75,161.23,A partida vai continuar agora,0,0,,,0,0,0,0,0,0,0,0
ifSpvNYqE2g,83,161.23,162.53,"Que que é isso, cara?",0,0,,,0,0,0,0,0,0,0,0
ifSpvNYqE2g,84,162.71,164.13,"Pronto, negociação feita",0,0,,,0,0,0,0,0,0,0,0
ifSpvNYqE2g,85,164.13,164.91,"Que que é isso, cara?",0,0,,,0,0,0,0,0,0,0,0
ifSpvNYqE2g,86,166.21,167.17,"Olha o York, mano",0,0,,,0,0,0,0,0,0,0,0
ifSpvNYqE2g,87,167.17,167.73,Olha o York,0,0,,,0,0,0,0,0,0,0,0
ifSpvNYqE2g,88,167.73,168.93,Caralho,1,1,caralho,sexual_degradante,0,0,1,0,0,0,0,0
ifSpvNYqE2g,89,168.93,170.89,"O cara pegou o Kassadin, mano",0,0,,,0,0,0,0,0,0,0,0
ifSpvNYqE2g,90,170.89,172.61,O cara tá trolando de Alistar Sup,0,0,,,0,0,0,0,0,0,0,0
ifSpvNYqE2g,91,172.61,174.33,Vai tomar no banho,0,0,,,0,0,0,0,0,0,0,0
ifSpvNYqE2g,92,174.33,175.41,"Olha o Stamina, o Stamina.",0,0,,,0,0,0,0,0,0,0,0
ifSpvNYqE2g,93,175.41,178.53,"Ó, aqui ó, que caralho, ó, que porra, mano, por que que cê faz...",1,1,caralho,sexual_degradante,0,0,1,0,0,0,0,0
ifSpvNYqE2g,94,178.53,182.45,"Caralho, mano, meu Deus, cara.",1,1,caralho,sexual_degradante,0,0,1,0,0,0,0,0
ifSpvNYqE2g,95,183.15,184.09,"Queria ficar boa, mano.",0,0,,,0,0,0,0,0,0,0,0
ifSpvNYqE2g,96,184.63,186.61,"O Camisa 10 terrorizava, queria ficar boa, mano.",0,0,,,0,0,0,0,0,0,0,0
ifSpvNYqE2g,97,187.57,188.51,"É isso, cara.",0,0,,,0,0,0,0,0,0,0,0
ifSpvNYqE2g,98,188.93,192.79,"Mano, eu tava negociando com o Pumir aqui, se ele desse o Dodge, daria suí pra ele, mano.",0,0,,,0,0,0,0,0,0,0,0
ifSpvNYqE2g,99,193.19,195.53,"Ele deu o Dodge, nem suí pra ele, mano, pro gordão.",0,0,,,0,0,0,0,0,0,0,0
ifSpvNYqE2g,100,196.89,198.19,"Cara, olha esse moleque, mano.",0,0,,,0,0,0,0,0,0,0,0
ifSpvNYqE2g,101,198.21,199.99,"Vai tomando o cu, queria ficar boa, queria ficar boa.",0,0,,,0,0,0,0,0,0,0,0
ifSpvNYqE2g,102,200.99,202.97,"Aura, aura, tá, aura, isso aqui é aura, isso aqui é aura.",0,0,,,0,0,0,0,0,0,0,0
ifSpvNYqE2g,103,202.97,205.19,"Eu tô contra o Kenomid, na real, mano",0,0,,,0,0,0,0,0,0,0,0
ifSpvNYqE2g,104,205.19,206.77,Tô contra...,0,0,,,0,0,0,0,0,0,0,0
ifSpvNYqE2g,105,206.77,208.99,"Keremetep, caçador fisudo, ok? Keremetep",0,0,,,0,0,0,0,0,0,0,0
ifSpvNYqE2g,106,208.99,210.65,Brigadão pro 5% do,0,0,,,0,0,0,0,0,0,0,0
ifSpvNYqE2g,107,210.65,213.13,"Dois Fanux, porque os judeus pegaram",0,0,,,0,0,0,0,0,0,0,0
ifSpvNYqE2g,108,213.13,214.49,"50% do dinheiro, é nóis",0,0,,,0,0,0,0,0,0,0,0
ifSpvNYqE2g,109,214.49,216.39,"Tive de pezinho, favelém, mano",0,0,,,0,0,0,0,0,0,0,0
ifSpvNYqE2g,110,216.39,218.21,"Tem fisudo, ok",0,0,,,0,0,0,0,0,0,0,0
ifSpvNYqE2g,111,218.21,225.81,Tem fisudo,0,0,,,0,0,0,0,0,0,0,0
ifSpvNYqE2g,112,225.81,228.81,"Nossa, o cara não pode me estuprar assim, não, mano",0,0,,,0,0,0,0,0,0,0,0
ifSpvNYqE2g,113,228.81,230.65,"O cara me estuprar assim dá merda azuda, mano",0,0,,,0,0,0,0,0,0,0,0
ifSpvNYqE2g,114,230.65,232.63,"Bom, tá suave aqui por enquanto, mano",0,0,,,0,0,0,0,0,0,0,0
ifSpvNYqE2g,115,232.63,234.65,"Eu tô free, eu tô free, skate de caçadinho",0,0,,,0,0,0,0,0,0,0,0
ifSpvNYqE2g,116,234.65,236.85,"Basicamente, vou me dar rua aqui também pra ser fisudo",0,0,,,0,0,0,0,0,0,0,0
ifSpvNYqE2g,117,236.85,238.93,"Essa skin é durona, mas é bonita",0,0,,,0,0,0,0,0,0,0,0
ifSpvNYqE2g,118,238.93,240.51,"Depende, mano, ela é coroa preta",0,0,,,0,0,0,0,0,0,0,0
ifSpvNYqE2g,119,240.51,242.09,"Não é durona não, mano",0,0,,,0,0,0,0,0,0,0,0
ifSpvNYqE2g,120,242.09,243.91,Ela é durona na,0,0,,,0,0,0,0,0,0,0,0
ifSpvNYqE2g,121,243.91,249.98,"Nossa, pegou em mim isso aqui, nem fodendo, cara",0,0,,,0,0,0,0,0,0,0,0
ifSpvNYqE2g,122,249.98,251.36,"Aqui, mano, favelice essa aqui",0,0,,,0,0,0,0,0,0,0,0
ifSpvNYqE2g,123,251.36,254.06,Ela é durona na splat normal,0,0,,,0,0,0,0,0,0,0,0
ifSpvNYqE2g,124,254.06,255.56,"Ela é durona, porque tem muito efeito",0,0,,,0,0,0,0,0,0,0,0
ifSpvNYqE2g,125,255.56,258.14,Mas o coroa preta aqui diminui bastante o efeito da skin,0,0,,,0,0,0,0,0,0,0,0
ifSpvNYqE2g,126,258.14,258.82,Fica mais suave,0,0,,,0,0,0,0,0,0,0,0
ifSpvNYqE2g,127,258.82,262.1,Mano,0,0,,,0,0,0,0,0,0,0,0
ifSpvNYqE2g,128,262.1,264.46,"Vai morrer aqui não, mano?",0,0,,,0,0,0,0,0,0,0,0
ifSpvNYqE2g,129,264.46,265.88,"Vai morrer aqui não, ele morre aqui?",0,0,,,0,0,0,0,0,0,0,0
ifSpvNYqE2g,130,270.98,273.04,"Não, eu que me enganei, tô aqui, se deve aqui ainda, mano",0,0,,,0,0,0,0,0,0,0,0
ifSpvNYqE2g,131,273.04,274.6,"Tem fissura, ok",0,0,,,0,0,0,0,0,0,0,0
ifSpvNYqE2g,132,274.6,276.2,"York, nonicamente",0,0,,,0,0,0,0,0,0,0,0
ifSpvNYqE2g,133,276.2,278.22,Tu é um bau... Que caralho,1,1,caralho,sexual_degradante,0,0,1,0,0,0,0,0
ifSpvNYqE2g,134,278.22,280.44,Nonicamente você é o,0,0,,,0,0,0,0,0,0,0,0
ifSpvNYqE2g,135,280.44,282.3,Balsamo de verdade,0,0,,,0,0,0,0,0,0,0,0
ifSpvNYqE2g,136,282.3,284.46,"O que é balsamo, cara? Não sei o que é balsamo",0,0,,,0,0,0,0,0,0,0,0
ifSpvNYqE2g,137,284.46,286.06,"É um filósofo antigo, será?",0,0,,,0,0,0,0,0,0,0,0
ifSpvNYqE2g,138,286.6,288.42,Você é um balsamo de verdade,0,0,,,0,0,0,0,0,0,0,0
ifSpvNYqE2g,139,288.42,290.82,E bom humor nessa época,0,0,,,0,0,0,0,0,0,0,0
ifSpvNYqE2g,140,290.82,292.42,Falo isso com propriedades,0,0,,,0,0,0,0,0,0,0,0
ifSpvNYqE2g,141,292.42,295.02,"Acompanha live, brinco, mas sou formado em filosofia",0,0,,,0,0,0,0,0,0,0,0
ifSpvNYqE2g,142,295.02,295.54,Caralho,1,1,caralho,sexual_degradante,0,0,1,0,0,0,0,0
ifSpvNYqE2g,143,295.54,298.02,"Parabéns, Zog, tu é true shed",0,0,,,0,0,0,0,0,0,0,0
ifSpvNYqE2g,144,298.02,299.84,"É louco, é nóis, tamo junto, é nóis",0,0,,,0,0,0,0,0,0,0,0
ifSpvNYqE2g,145,299.84,302.06,"Nós é mano, tem Brasil, é nóis, é nóis",0,0,,,0,0,0,0,0,0,0,0
ifSpvNYqE2g,146,302.06,304.1,"Eu falo, as pessoas que vêem live aqui são tuas",0,0,,,0,0,0,0,0,0,0,0
ifSpvNYqE2g,147,304.1,306.06,"mais de 20 anos de idade, beleza? Pessoas formadas",0,0,,,0,0,0,0,0,0,0,0
ifSpvNYqE2g,148,306.06,307.54,"aí, bem-sucedidas, tá bom? Empresário.",0,0,,,0,0,0,0,0,0,0,0
ifSpvNYqE2g,149,308.28,309.88,"Pessoas formadas em filosofia, tá bom?",0,0,,,0,0,0,0,0,0,0,0
ifSpvNYqE2g,150,311.06,312.16,"É, se bem que filosofia, mano,",0,0,,,0,0,0,0,0,0,0,0
ifSpvNYqE2g,151,312.22,313.6,"virou Uber, né, cara? Virou merda.",0,0,,,0,0,0,0,0,0,0,0
ifSpvNYqE2g,152,314.54,315.52,"Tô zoando, tô zoando.",0,0,,,0,0,0,0,0,0,0,0
ifSpvNYqE2g,153,316.72,317.96,"Tô zoando, tô zoando, tô zoando.",0,0,,,0,0,0,0,0,0,0,0
ifSpvNYqE2g,154,318.64,318.96,Ok.,0,0,,,0,0,0,0,0,0,0,0
ifSpvNYqE2g,155,321.28,321.84,"Caralho, tá...",1,1,caralho,sexual_degradante,0,0,1,0,0,0,0,0
ifSpvNYqE2g,156,321.84,327.28,"O que é isso aqui, mano? Será que...",0,0,,,0,0,0,0,0,0,0,0
ifSpvNYqE2g,157,327.28,329.52,"Eu não mato o cara, mano. Se eu desse o ataque base, eu não matava o cara.",0,0,,,0,0,0,0,0,0,0,0
ifSpvNYqE2g,158,330.44,331.72,"Cara, por algum motivo, esse",0,0,,,0,0,0,0,0,0,0,0
ifSpvNYqE2g,159,331.72,333.7,"cara aqui, ele é débil, basicamente, mano.",0,0,,,0,0,0,0,0,0,0,0
ifSpvNYqE2g,160,341.98,343.5,"Mano, mas você... Mano, entende uma coisa.",0,0,,,0,0,0,0,0,0,0,0
ifSpvNYqE2g,161,343.72,345.58,"O câncer é o ataque base, mas o que não matava ele",0,0,,,0,0,0,0,0,0,0,0
ifSpvNYqE2g,162,345.58,348.68,"Esse é com 10 vidro, eu quero matar, velho",0,0,,,0,0,0,0,0,0,0,0
ifSpvNYqE2g,163,348.68,351.54,"Se eu tivesse dado full magic, eu ia matar",0,0,,,0,0,0,0,0,0,0,0
ifSpvNYqE2g,164,351.54,353.0,"Mas se ainda é magic, eu não mato nem fudendo",0,0,,,0,0,0,0,0,0,0,0
ifSpvNYqE2g,165,353.0,354.6,"Ele vai morrer aqui não, esse fudido aqui, mano",0,0,,,0,0,0,0,0,0,0,0
ifSpvNYqE2g,166,354.6,356.7,Ok,0,0,,,0,0,0,0,0,0,0,0
ifSpvNYqE2g,167,356.7,364.42,Tem fissudo,0,0,,,0,0,0,0,0,0,0,0
ifSpvNYqE2g,168,364.42,366.28,Mata sim no quê?,0,0,,,0,0,0,0,0,0,0,0
ifSpvNYqE2g,169,367.08,368.2,"Cara, você tá falando comigo?",0,0,,,0,0,0,0,0,0,0,0
ifSpvNYqE2g,170,368.34,370.54,"Essa cisco aqui, mano, eu devo ter, sei lá, cara",0,0,,,0,0,0,0,0,0,0,0
ifSpvNYqE2g,171,370.54,372.04,2 mil joias de caçadinho,0,0,,,0,0,0,0,0,0,0,0
ifSpvNYqE2g,172,372.04,374.92,"Você não tem mais noção de nada que eu nem fudendo na sua vida, cara",0,0,,,0,0,0,0,0,0,0,0
ifSpvNYqE2g,173,374.92,376.86,Eu matava nunca no cisco que eu matava,0,0,,,0,0,0,0,0,0,0,0
ifSpvNYqE2g,174,376.86,378.8,"Nunca, nunca, nunca matava",0,0,,,0,0,0,0,0,0,0,0
ifSpvNYqE2g,175,378.8,380.08,"Tipo assim, nem fudendo mesmo, cara",0,0,,,0,0,0,0,0,0,0,0
ifSpvNYqE2g,176,380.08,381.28,No meu cu se matava,0,0,,,0,0,0,0,0,0,0,0
ifSpvNYqE2g,177,381.28,383.46,Não tem buff no quê?,0,0,,,0,0,0,0,0,0,0,0
ifSpvNYqE2g,178,384.32,385.7,"Não sai o buff no quê, não, mano",0,0,,,0,0,0,0,0,0,0,0
ifSpvNYqE2g,179,385.7,387.7,"Vai ter no próximo patch, o buff no quê",0,0,,,0,0,0,0,0,0,0,0
ifSpvNYqE2g,180,387.7,389.88,"Não, assim, no próximo patch matava",0,0,,,0,0,0,0,0,0,0,0
ifSpvNYqE2g,181,389.88,392.6,"No próximo patch matava, mas esse patch mata não",0,0,,,0,0,0,0,0,0,0,0
ifSpvNYqE2g,182,392.6,396.12,Ok,0,0,,,0,0,0,0,0,0,0,0
ifSpvNYqE2g,183,396.12,398.92,Menos ganho isso aqui,0,0,,,0,0,0,0,0,0,0,0
ifSpvNYqE2g,184,398.92,400.5,"Nem fudeu, né, pô, o cara ficou louco, né",0,0,,,0,0,0,0,0,0,0,0
ifSpvNYqE2g,185,400.5,414.52,"O cara levou esse peso, o que é isso aqui, o cara trollou, não?",0,0,,,0,0,0,0,0,0,0,0
ifSpvNYqE2g,186,426.08,427.44,"É, três, dois",0,0,,,0,0,0,0,0,0,0,0
ifSpvNYqE2g,187,427.44,428.7,"Ai, meu Deus",0,0,,,0,0,0,0,0,0,0,0
ifSpvNYqE2g,188,428.7,434.37,"O que você tá fazendo, seu banho burro, cara",0,0,,,0,0,0,0,0,0,0,0
ifSpvNYqE2g,189,434.37,441.21,O BNC é bizudo,0,0,,,0,0,0,0,0,0,0,0
ifSpvNYqE2g,190,441.21,442.99,"Foi o close, foi o close",0,0,,,0,0,0,0,0,0,0,0
ifSpvNYqE2g,191,442.99,446.13,"Ih, o cara se matou, mano",0,0,,,0,0,0,0,0,0,0,0
ifSpvNYqE2g,192,446.13,447.19,Que?,0,0,,,0,0,0,0,0,0,0,0
ifSpvNYqE2g,193,448.45,449.11,"Mano, eu combei",0,0,,,0,0,0,0,0,0,0,0
ifSpvNYqE2g,194,449.11,450.51,"Mano, eu combei errado aqui",0,0,,,0,0,0,0,0,0,0,0
ifSpvNYqE2g,195,450.51,451.99,"Mano, eu errei minha flash",0,0,,,0,0,0,0,0,0,0,0
ifSpvNYqE2g,196,451.99,452.71,"Aconteceu o que aqui, mano?",0,0,,,0,0,0,0,0,0,0,0
ifSpvNYqE2g,197,452.73,453.35,"Eu errei minha flash, né?",0,0,,,0,0,0,0,0,0,0,0
ifSpvNYqE2g,198,454.37,455.27,"Cara, meu Deus, mano",0,0,,,0,0,0,0,0,0,0,0
ifSpvNYqE2g,199,455.27,455.83,Que porra é essa?,0,0,,,0,0,0,0,0,0,0,0
ifSpvNYqE2g,200,456.03,457.47,"Ainda bem que eu matei o Kanye West aqui, mano",0,0,,,0,0,0,0,0,0,0,0
ifSpvNYqE2g,201,457.47,460.72,"Eu morri aqui, né?",0,0,,,0,0,0,0,0,0,0,0
ifSpvNYqE2g,202,460.8,461.12,Close,0,0,,,0,0,0,0,0,0,0,0
ifSpvNYqE2g,203,461.12,463.36,"Não, eu tô vivaz, na real",0,0,,,0,0,0,0,0,0,0,0
ifSpvNYqE2g,204,463.36,464.22,Tem pistola aqui,0,0,,,0,0,0,0,0,0,0,0
ifSpvNYqE2g,205,464.22,464.84,Tive sorte,0,0,,,0,0,0,0,0,0,0,0
ifSpvNYqE2g,206,464.84,467.64,"Dá meu besudo aqui, mano",0,0,,,0,0,0,0,0,0,0,0
ifSpvNYqE2g,207,467.64,471.89,Pior que está com o Serino no game,0,0,,,0,0,0,0,0,0,0,0
ifSpvNYqE2g,208,471.89,472.63,"Não, meu time",0,0,,,0,0,0,0,0,0,0,0
ifSpvNYqE2g,209,472.63,474.47,"Tinha minhas três mãos normais aqui, mano",0,0,,,0,0,0,0,0,0,0,0
ifSpvNYqE2g,210,474.47,475.17,Fui lá e morri pra,0,0,,,0,0,0,0,0,0,0,0
ifSpvNYqE2g,211,475.17,476.93,"Ah, nem fudendo",0,0,,,0,0,0,0,0,0,0,0
ifSpvNYqE2g,212,476.93,477.89,"Que piranha, mano",1,1,piranha,xingamentos_genero,0,0,0,0,1,0,0,0
ifSpvNYqE2g,213,477.89,484.03,"Nossa, mas que estupro é esse, mano",0,0,,,0,0,0,0,0,0,0,0
ifSpvNYqE2g,214,484.03,484.73,"Tá louco, mano",0,0,,,0,0,0,0,0,0,0,0
ifSpvNYqE2g,215,484.73,486.73,"Aí deu merda aqui, né",0,0,,,0,0,0,0,0,0,0,0
ifSpvNYqE2g,216,486.73,487.17,Aí deu merda,0,0,,,0,0,0,0,0,0,0,0
ifSpvNYqE2g,217,487.17,493.14,"O cara errou todo mundo, mano",0,0,,,0,0,0,0,0,0,0,0
ifSpvNYqE2g,218,493.14,496.3,"Cara, se eu descer bot",0,0,,,0,0,0,0,0,0,0,0
ifSpvNYqE2g,219,496.3,497.98,O bot dos caras tá estupro,0,0,,,0,0,0,0,0,0,0,0
ifSpvNYqE2g,220,497.98,498.74,"Meu, se eu ir top",0,0,,,0,0,0,0,0,0,0,0
ifSpvNYqE2g,221,498.74,499.58,"Eu vou começar a ir top, mano",0,0,,,0,0,0,0,0,0,0,0
ifSpvNYqE2g,222,499.58,500.94,Eu acho que top é melhor,0,0,,,0,0,0,0,0,0,0,0
ifSpvNYqE2g,223,500.94,502.54,"Nossa, eu vou ter que carregar a música",0,0,,,0,0,0,0,0,0,0,0
ifSpvNYqE2g,224,502.54,503.5,Se eu quiser vencer isso aqui,0,0,,,0,0,0,0,0,0,0,0
ifSpvNYqE2g,225,503.5,509.71,Se eu quiser realmente ganhar esse game aqui,0,0,,,0,0,0,0,0,0,0,0
ifSpvNYqE2g,226,509.71,511.29,"Eu vou ter que me esforçar pra cacete, mano",0,0,,,0,0,0,0,0,0,0,0
ifSpvNYqE2g,227,511.29,512.65,"Ah, eu tô aqui, negudo",0,0,,,0,0,0,0,0,0,0,0
ifSpvNYqE2g,228,512.65,513.65,"Calmou, calmou",0,0,,,0,0,0,0,0,0,0,0
ifSpvNYqE2g,229,513.65,516.25,"Ah, nós ganha, será?",0,0,,,0,0,0,0,0,0,0,0
ifSpvNYqE2g,230,516.25,517.39,essas fightzudas que tem aqui.,0,0,,,0,0,0,0,0,0,0,0
ifSpvNYqE2g,231,519.39,520.31,"Puto cara, mano.",1,1,puto,xingamentos_genero,0,0,0,0,1,0,0,0
ifSpvNYqE2g,232,520.33,521.37,"Que porra é essa, mano?",0,0,,,0,0,0,0,0,0,0,0
ifSpvNYqE2g,233,523.77,524.65,"Vou dar FF isso aqui, mano.",0,0,,,0,0,0,0,0,0,0,0
ifSpvNYqE2g,234,525.19,525.77,Bom game.,0,0,,,0,0,0,0,0,0,0,0
ifSpvNYqE2g,235,526.83,527.99,"Cara, como que o Viego",0,0,,,0,0,0,0,0,0,0,0
ifSpvNYqE2g,236,527.99,529.35,se redistruindo,0,0,,,0,0,0,0,0,0,0,0
ifSpvNYqE2g,237,529.35,530.19,sem nenhum TGMR,0,0,,,0,0,0,0,0,0,0,0
ifSpvNYqE2g,238,530.19,531.47,consegue jogar assim,0,0,,,0,0,0,0,0,0,0,0
ifSpvNYqE2g,239,531.47,532.05,"dessa maneira, mano?",0,0,,,0,0,0,0,0,0,0,0
ifSpvNYqE2g,240,532.11,533.11,"Tipo assim, é só ultar o cara",0,0,,,0,0,0,0,0,0,0,0
ifSpvNYqE2g,241,533.11,533.75,e dar 6-0 nele.,0,0,,,0,0,0,0,0,0,0,0
ifSpvNYqE2g,242,534.31,534.63,Caralho.,1,1,caralho,sexual_degradante,0,0,1,0,0,0,0,0
ifSpvNYqE2g,243,534.87,535.57,Não dá pra encher,0,0,,,0,0,0,0,0,0,0,0
ifSpvNYqE2g,244,535.57,536.71,"esse meu Skarner, mano.",0,0,,,0,0,0,0,0,0,0,0
ifSpvNYqE2g,245,537.09,538.17,Tô tentando ultar.,0,0,,,0,0,0,0,0,0,0,0
ifSpvNYqE2g,246,539.37,540.31,7 segundos de CC.,0,0,,,0,0,0,0,0,0,0,0
ifSpvNYqE2g,247,540.95,541.63,"E calmou,",0,0,,,0,0,0,0,0,0,0,0
ifSpvNYqE2g,248,541.77,542.21,calmou,0,0,,,0,0,0,0,0,0,0,0
ifSpvNYqE2g,249,542.21,543.13,"e deu merda, já deu merda.",0,0,,,0,0,0,0,0,0,0,0
ifSpvNYqE2g,250,554.99,555.85,"Nossa, olha esse Kayle",0,0,,,0,0,0,0,0,0,0,0
ifSpvNYqE2g,251,555.85,556.35,"jogando, mano.",0,0,,,0,0,0,0,0,0,0,0
ifSpvNYqE2g,252,556.35,556.93,"Você tá louco, mano?",0,0,,,0,0,0,0,0,0,0,0
ifSpvNYqE2g,253,558.03,558.73,Olha esse Kayle,0,0,,,0,0,0,0,0,0,0,0
ifSpvNYqE2g,254,558.73,560.37,"jogando League Zudo, mano. Que porra é essa aqui, mano?",0,0,,,0,0,0,0,0,0,0,0
ifSpvNYqE2g,255,561.73,562.61,"Ué, o cara errou, mano.",0,0,,,0,0,0,0,0,0,0,0
ifSpvNYqE2g,256,562.63,572.62,"O cara não morreu aqui, não? Nossa, eu não peguei",0,0,,,0,0,0,0,0,0,0,0
ifSpvNYqE2g,257,572.62,574.54,"aqui o Zudo aí, fudendo. Meu Deus, o cara não morreu,",0,0,,,0,0,0,0,0,0,0,0
ifSpvNYqE2g,258,574.68,576.56,"mano. Dá pra dar chase aqui, né, não?",0,0,,,0,0,0,0,0,0,0,0
ifSpvNYqE2g,259,577.7,578.54,Dá pra dar chase,0,0,,,0,0,0,0,0,0,0,0
ifSpvNYqE2g,260,578.54,579.16,"Zudo aqui, mano.",0,0,,,0,0,0,0,0,0,0,0
ifSpvNYqE2g,261,581.02,582.52,"Nossa, mas aí... Meu Deus!",0,0,,,0,0,0,0,0,0,0,0
ifSpvNYqE2g,262,583.94,584.72,Mas mata ele aqui.,0,0,,,0,0,0,0,0,0,0,0
ifSpvNYqE2g,263,592.27,593.37,"Tem game, tem game,",0,0,,,0,0,0,0,0,0,0,0
ifSpvNYqE2g,264,593.41,594.19,tem game. Ou não.,0,0,,,0,0,0,0,0,0,0,0
ifSpvNYqE2g,265,601.83,604.01,"Nossa, mano, que jogo de super, mano.",0,0,,,0,0,0,0,0,0,0,0
ifSpvNYqE2g,266,604.57,606.13,"Isso aqui existe, essa merda aqui, mano?",0,0,,,0,0,0,0,0,0,0,0
ifSpvNYqE2g,267,606.13,611.04,Beleza,0,0,,,0,0,0,0,0,0,0,0
ifSpvNYqE2g,268,611.04,612.32,"Deu bom, deu bom até",0,0,,,0,0,0,0,0,0,0,0
ifSpvNYqE2g,269,612.32,617.11,"E vamos guivar pelo visto aqui, mano",0,0,,,0,0,0,0,0,0,0,0
ifSpvNYqE2g,270,617.11,619.19,"Cara, por que você tá saidando, meu",0,0,,,0,0,0,0,0,0,0,0
ifSpvNYqE2g,271,619.19,625.13,"Cara, por que esse imbecil tá saidando",0,0,,,0,0,0,0,0,0,0,0
ifSpvNYqE2g,272,625.13,626.19,"Essa merda aqui, mano",0,0,,,0,0,0,0,0,0,0,0
ifSpvNYqE2g,273,626.19,637.76,"Nossa, eu vou vencer o game sozinho, será, mano",0,0,,,0,0,0,0,0,0,0,0
ifSpvNYqE2g,274,637.76,639.56,Branco de sempre o casão,0,0,,,0,0,0,0,0,0,0,0
ifSpvNYqE2g,275,639.56,640.34,Branco de sempre o zundo,0,0,,,0,0,0,0,0,0,0,0
ifSpvNYqE2g,276,640.34,641.36,Eu acho que vou,0,0,,,0,0,0,0,0,0,0,0
ifSpvNYqE2g,277,641.36,643.54,Eu ia perguntar porque ele tava saidando,0,0,,,0,0,0,0,0,0,0,0
ifSpvNYqE2g,278,643.54,645.22,Tava tepando aqui até agora,0,0,,,0,0,0,0,0,0,0,0
ifSpvNYqE2g,279,645.22,648.24,"Ele ficou 10 anos na side, eu vou pagar 6 tepais",0,0,,,0,0,0,0,0,0,0,0
ifSpvNYqE2g,280,648.24,649.62,"Esse fudido aqui, mano",0,0,,,0,0,0,0,0,0,0,0
ifSpvNYqE2g,281,649.62,651.3,"Eu peguei tempo, pelo menos, tá bom",0,0,,,0,0,0,0,0,0,0,0
ifSpvNYqE2g,282,651.3,652.38,"Tem game, tem game, tem game.",0,0,,,0,0,0,0,0,0,0,0
ifSpvNYqE2g,283,657.26,658.6,"Calma, não joga assim, calma.",0,0,,,0,0,0,0,0,0,0,0
ifSpvNYqE2g,284,658.7,660.0,"Eu quero adicionar um pouco só, mano, calma.",0,0,,,0,0,0,0,0,0,0,0
ifSpvNYqE2g,285,661.22,661.5,Deixa...,0,0,,,0,0,0,0,0,0,0,0
ifSpvNYqE2g,286,661.5,663.46,"Só pega a visão aqui e inicia o dragão, mano.",0,0,,,0,0,0,0,0,0,0,0
ifSpvNYqE2g,287,665.88,666.42,"Cara, não posso...",0,0,,,0,0,0,0,0,0,0,0
ifSpvNYqE2g,288,666.42,667.64,Eu tô com medo de jogar...,0,0,,,0,0,0,0,0,0,0,0
ifSpvNYqE2g,289,667.64,668.8,Jogar o agressivo de caçadinha aqui,0,0,,,0,0,0,0,0,0,0,0
ifSpvNYqE2g,290,668.8,669.66,"pra o time entender, mano.",0,0,,,0,0,0,0,0,0,0,0
ifSpvNYqE2g,291,675.56,676.44,"Calma, calma.",0,0,,,0,0,0,0,0,0,0,0
ifSpvNYqE2g,292,679.13,680.57,"Só faz, só faz, só faz.",0,0,,,0,0,0,0,0,0,0,0
ifSpvNYqE2g,293,680.65,681.33,"Só faz, só faz.",0,0,,,0,0,0,0,0,0,0,0
ifSpvNYqE2g,294,681.61,682.97,"Mas não mata esse cara aqui, não, mano?",0,0,,,0,0,0,0,0,0,0,0
ifSpvNYqE2g,295,683.07,683.85,"Caralho, que cara, mano?",1,1,caralho,sexual_degradante,0,0,1,0,0,0,0,0
ifSpvNYqE2g,296,683.91,684.69,"Que que é isso, mano?",0,0,,,0,0,0,0,0,0,0,0
ifSpvNYqE2g,297,685.45,686.89,"É que meu Diego não quer jogar pra mim, né?",0,0,,,0,0,0,0,0,0,0,0
ifSpvNYqE2g,298,687.35,688.27,É preguiça esse baiano.,0,0,,,0,0,0,0,0,0,0,0
ifSpvNYqE2g,299,692.48,693.82,"Cara, esse cara tem que morrer aqui, não?",0,0,,,0,0,0,0,0,0,0,0
ifSpvNYqE2g,300,711.72,713.48,"Meu Deus, a gente venceu o game zuda assim,",0,0,,,0,0,0,0,0,0,0,0
ifSpvNYqE2g,301,713.48,717.48,"dessa maneira, mano, meu Deus, olha o guia que eu venci, cara, eu queria dar FF nessa",0,0,,,0,0,0,0,0,0,0,0
ifSpvNYqE2g,302,717.48,722.76,"partida aqui, mano, meu Deus, tem que ter muito mental, Jorge Castanho, você tá louco,",0,0,,,0,0,0,0,0,0,0,0
ifSpvNYqE2g,303,722.86,731.06,"mano, eu tô sem flash, tem que lembrar disso aqui, mano, dos detalhes, cara, no jogo, mano,",0,0,,,0,0,0,0,0,0,0,0
ifSpvNYqE2g,304,732.28,741.59,"o que é isso aqui, mano, que porra é essa, mano, o que é isso aqui, nossa, cara, ficaram",0,0,,,0,0,0,0,0,0,0,0
ifSpvNYqE2g,305,741.59,745.91,"louco, mano, o que é isso, cara, eu tô 4 levas na sua frente, por que você tá ficando",0,0,,,0,0,0,0,0,0,0,0
ifSpvNYqE2g,306,745.91,754.23,"milhinho comigo, o que é isso, cara, ficou louco, cara, ficou louco, vai matar ele aqui,",0,0,,,0,0,0,0,0,0,0,0
ifSpvNYqE2g,307,754.23,755.93,"Ele vai botar a minha mana, mano? Ele morreu.",0,0,,,0,0,0,0,0,0,0,0
ifSpvNYqE2g,308,755.93,767.99,"Ganhamos o game junto, meu Deus, bora, bora, meu Deus, mano.",0,0,,,0,0,0,0,0,0,0,0
ifSpvNYqE2g,309,767.99,771.29,"De fazer poucas cabeças pra ganhar o jogo, você tá louco, mano?",0,0,,,0,0,0,0,0,0,0,0
ifSpvNYqE2g,310,771.29,777.07,"Cara, eu vou... Ah, minhas armas saíram, cara, minhas armas saíram!",0,0,,,0,0,0,0,0,0,0,0
ifSpvNYqE2g,311,777.07,778.57,"Anyway, acabou o jogo, anyway.",0,0,,,0,0,0,0,0,0,0,0
ifSpvNYqE2g,312,778.57,781.07,"Caramba, ele tem minhas mãos que nem o Mongo, débil.",0,0,,,0,0,0,0,0,0,0,0
ifSpvNYqE2g,313,783.57,787.07,"Cara, eu vou honrar meu Skarner, cara, ele jogou bem meu Skarner, mano, gostei do Skarner.",0,0,,,0,0,0,0,0,0,0,0
ifSpvNYqE2g,314,787.57,789.07,Ele me campou mid.,0,0,,,0,0,0,0,0,0,0,0
ifSpvNYqE2g,315,790.57,792.07,"Ele negou FF, mano.",0,0,,,0,0,0,0,0,0,0,0
ifSpvNYqE2g,316,792.07,794.81,Eu até esqueço que eu fiz isso com você,0,0,,,0,0,0,0,0,0,0,0
ifSpvNYqE2g,317,794.81,797.19,Eu sei que fiz isso,0,0,,,0,0,0,0,0,0,0,0
S8zUa3KSBj8,1,0.0,28.18,"Filho, o Alinho quis forçar a Doge, MEU DEUS, CARA, VOCÊ É UM IMBECIL, POR QUE VOCÊ QUIS FORÇAR A DOGE, MEU IMBECIL, POR QUE VOCÊ QUIS FORÇAR A DOGE, CARA, AGORA O JOGO ESTÁ TODO E TEM 4 NEGOS DE CLASSIC GOLD, TÁ POR NO TEAM DE DEBILOIDS, MANO, QUE MERDA, NO ADC, O DJAN, O SUPORTE, PRA QUE FORÇAR A DOGE, QUE EU COMI NO TEAM 1.600 PODO CAÇADINHO, IMBECIL, E QUE FORÇADO VOCÊ É DEBIL, CARA, EU TÔ PONHO DE PIRULAR O MÉXICO, CARA, EU TÔ PONHO DE PIRULAR O MÉXICO,",0,0,,,0,0,0,0,0,0,0,0
w4wrS-f4oFo,1,0.0,2.82,"Cara, o Yoki é doido das ideias, né? Ele fala muita merda.",0,0,,,0,0,0,0,0,0,0,0
w4wrS-f4oFo,2,2.94,5.06,"Porém, o cara é bom, ó. O cara é bom de cartazinho.",0,0,,,0,0,0,0,0,0,0,0
w4wrS-f4oFo,3,9.86,10.18,🎵,0,0,,,0,0,0,0,0,0,0,0
3-jtcrUTDTw,1,0.0,3.7,"Por algum motivo o satânico começou a ficar forte, o Shaco, mano, que porra é essa?",0,0,,,0,0,0,0,0,0,0,0
3-jtcrUTDTw,2,5.6,6.96,Correr aqui é...,0,0,,,0,0,0,0,0,0,0,0
3-jtcrUTDTw,3,6.96,9.56,Eu sou muito bom de caçadinho!,0,0,,,0,0,0,0,0,0,0,0
3-jtcrUTDTw,4,10.68,14.86,"Que isso, cara, que porra é essa, cara?",0,0,,,0,0,0,0,0,0,0,0
3-jtcrUTDTw,5,14.96,18.12,"Cara, eu tinha usado meu K, no meu K, no clone, do cara sair vivo, cara, e que isso?",0,0,,,0,0,0,0,0,0,0,0
3-jtcrUTDTw,6,18.18,19.7,"Eu preciso de uma honrita do nada, cara.",0,0,,,0,0,0,0,0,0,0,0
3-jtcrUTDTw,7,19.76,20.66,"Cara, vai se fuder...",0,0,,,0,0,0,0,0,0,0,0
jV1M7FOgJoU,1,0.0,4.2,o salve que vem vim pelo yoki isso que é foda tá ligado cara veio pelo yoki mano,0,0,,,0,0,0,0,0,0,0,0
jV1M7FOgJoU,2,4.2,9.56,live turbo l9 caçadinho gangue aí eu cheguei aqui tem um nerd que eu não gosto,0,0,,,0,0,0,0,0,0,0,0
SeRNWYWd7V4,1,0.21,9.03,o que que é isso meu deus que a pesada não conhece ele sentiu essa média de,0,0,,,0,0,0,0,0,0,0,0
SeRNWYWd7V4,2,9.03,15.15,game cara cara o cara me deu a 6 é de 30 e 20 mano o que que é isso mano é podre de podre,0,0,,,0,0,0,0,0,0,0,0
DierqZNnOHA,1,0.0,2.28,"Oi gente, nossa, olha isso aqui mano",0,0,,,0,0,0,0,0,0,0,0
DierqZNnOHA,2,2.28,4.82,Esse vídeo aqui é bem diferente do que eu tô acostumado a fazer,0,0,,,0,0,0,0,0,0,0,0
DierqZNnOHA,3,4.82,8.86,"Dando um contexto geral, gente, dois anos atrás um streamer ele fez um post no Twitter",0,0,,,0,0,0,0,0,0,0,0
DierqZNnOHA,4,8.86,10.76,Dizendo que eu tinha tido frases racistas,0,0,,,0,0,0,0,0,0,0,0
DierqZNnOHA,5,10.76,15.92,"E tomou uma proporção absurda, porque começou uma grande discussão de",0,0,,,0,0,0,0,0,0,0,0
DierqZNnOHA,6,15.92,17.92,Ele falou ou ele não falou?,0,0,,,0,0,0,0,0,0,0,0
DierqZNnOHA,7,18.52,19.18,Ele queria falar?,0,0,,,0,0,0,0,0,0,0,0
DierqZNnOHA,8,19.2,21.82,"Mano, isso aqui, cara, entende uma coisa, isso aqui não é nem discussão, cara",0,0,,,0,0,0,0,0,0,0,0
DierqZNnOHA,9,21.82,24.5,"Isso aqui, tipo assim, eu vou, eu vou achar essa porra aqui, eu vou mostrar",0,0,,,0,0,0,0,0,0,0,0
DierqZNnOHA,10,24.5,27.08,"Isso aqui, olha aqui, olha essa merda aqui, olha isso aqui",0,0,,,0,0,0,0,0,0,0,0
DierqZNnOHA,11,27.08,28.88,"Prê, prê, prê, prê",0,0,,,0,0,0,0,0,0,0,0
DierqZNnOHA,12,28.88,30.06,"Ah, tá aí a câmera lenta, mano.",0,0,,,0,0,0,0,0,0,0,0
DierqZNnOHA,13,30.1,31.3,Isso aqui nem desconserva pra ser.,0,0,,,0,0,0,0,0,0,0,0
DierqZNnOHA,14,31.38,32.4,"Você falou e acabou, mano.",0,0,,,0,0,0,0,0,0,0,0
DierqZNnOHA,15,32.58,34.8,"Qual será o motivo de ele não ter mostrado o clipe, mano?",0,0,,,0,0,0,0,0,0,0,0
DierqZNnOHA,16,34.86,35.56,Qual será o motivo?,0,0,,,0,0,0,0,0,0,0,0
DierqZNnOHA,17,35.9,37.62,"Mas eu tenho aqui e vou dar play, tá bom?",0,0,,,0,0,0,0,0,0,0,0
DierqZNnOHA,18,37.82,39.94,Pra vocês poderem encher as suas próprias conclusões zudas.,0,0,,,0,0,0,0,0,0,0,0
DierqZNnOHA,19,41.74,45.46,"O que mais me pega desse clipe zu aqui, mano, é a reação dele.",0,0,,,0,0,0,0,0,0,0,0
DierqZNnOHA,20,46.84,48.44,"Cara, olha a reação disso.",0,0,,,0,0,0,0,0,0,0,0
DierqZNnOHA,21,48.58,49.74,"Olha a reação disso, mano.",0,0,,,0,0,0,0,0,0,0,0
DierqZNnOHA,22,49.78,51.96,"O cara chega e esbugalhou os olhos, tá bom?",0,0,,,0,0,0,0,0,0,0,0
DierqZNnOHA,23,52.28,54.6,"Cara, olha essa média de reação, mano.",0,0,,,0,0,0,0,0,0,0,0
DierqZNnOHA,24,55.86,57.68,"Cara, não tem como tancar essa merda.",0,0,,,0,0,0,0,0,0,0,0
DierqZNnOHA,25,57.76,58.52,Não tem como tancar essa merda.,0,0,,,0,0,0,0,0,0,0,0
DierqZNnOHA,26,58.52,61.68,"Eu não sei o que é discussão, você falou e acabou, mano",0,0,,,0,0,0,0,0,0,0,0
DierqZNnOHA,27,61.68,63.48,Quem acredita que esse gaysão não falou,0,0,,,0,0,0,0,0,0,0,0
DierqZNnOHA,28,63.48,64.8,É só outro gaysão junto,0,0,,,0,0,0,0,0,0,0,0
DierqZNnOHA,29,64.8,66.68,Ou ele não queria falar,0,0,,,0,0,0,0,0,0,0,0
DierqZNnOHA,30,66.68,68.64,Ele inventou uma palavra ou não inventou uma palavra,0,0,,,0,0,0,0,0,0,0,0
DierqZNnOHA,31,68.64,71.98,Então criou-se uma grande discussão baseada em achismo,0,0,,,0,0,0,0,0,0,0,0
DierqZNnOHA,32,71.98,73.18,"Ah, em achismo",0,0,,,0,0,0,0,0,0,0,0
DierqZNnOHA,33,73.18,76.0,"Mano, o cara simplesmente falou preto",0,0,,,0,0,0,0,0,0,0,0
DierqZNnOHA,34,76.0,77.28,"Se babando, o cara falou espumando",0,0,,,0,0,0,0,0,0,0,0
DierqZNnOHA,35,77.28,78.18,Seu prr,0,0,,,0,0,0,0,0,0,0,0
DierqZNnOHA,36,78.18,80.78,"O cara falou espumando, se babando todo, cara",0,0,,,0,0,0,0,0,0,0,0
DierqZNnOHA,37,80.78,82.76,"Essa palavra tem que ser uma lenta, isso não é achismo nenhum",0,0,,,0,0,0,0,0,0,0,0
DierqZNnOHA,38,82.76,84.58,"Isso é um fato e acabou, pronto",0,0,,,0,0,0,0,0,0,0,0
DierqZNnOHA,39,84.58,86.34,É simplesmente um fato,0,0,,,0,0,0,0,0,0,0,0
DierqZNnOHA,40,86.34,89.4,"Ele ia falar preto, só que ao eu perceber",0,0,,,0,0,0,0,0,0,0,0
DierqZNnOHA,41,89.4,90.84,Que ele ia fazer racismo ao vivo,0,0,,,0,0,0,0,0,0,0,0
DierqZNnOHA,42,90.84,93.34,"Ele, no último segundo, trocou a palavra",0,0,,,0,0,0,0,0,0,0,0
DierqZNnOHA,43,93.34,95.2,"Ele colocou um pres, entendeu",0,0,,,0,0,0,0,0,0,0,0
DierqZNnOHA,44,95.2,96.6,"Um pres, mas ele ia falar preto, entendeu",0,0,,,0,0,0,0,0,0,0,0
DierqZNnOHA,45,96.6,99.06,"Gente, pra mim, isso tá mais que simples",0,0,,,0,0,0,0,0,0,0,0
DierqZNnOHA,46,99.06,100.54,De que não passa de uma homofobia,0,0,,,0,0,0,0,0,0,0,0
DierqZNnOHA,47,100.54,102.84,De que eles se incomodam,0,0,,,0,0,0,0,0,0,0,0
DierqZNnOHA,48,102.84,105.2,"Ah, entendi, olha só, mano, o gay começou a se metimizar",0,0,,,0,0,0,0,0,0,0,0
DierqZNnOHA,49,105.2,106.26,"Ai, meu Deus",0,0,,,0,0,0,0,0,0,0,0
DierqZNnOHA,50,106.26,109.46,"Meu Deus, eu chamei o cara de preto em live",0,0,,,0,0,0,0,0,0,0,0
DierqZNnOHA,51,109.46,111.42,E os caras começaram a falar que eu sou racista,0,0,,,0,0,0,0,0,0,0,0
DierqZNnOHA,52,111.42,113.08,"Deve ser tudo homofóbico, começou já",0,0,,,0,0,0,0,0,0,0,0
DierqZNnOHA,53,113.08,114.38,Eu ficaria muito com ele,0,0,,,0,0,0,0,0,0,0,0
DierqZNnOHA,54,114.38,116.24,"Mano, ele tá muito gostoso aqui, tá, mano",0,0,,,0,0,0,0,0,0,0,0
DierqZNnOHA,55,116.34,120.08,"Não, eu vou ser bem sério, eu que sou normal, ficarei com ele, beleza?",0,0,,,0,0,0,0,0,0,0,0
SBT6DCNR4BY,1,0.08,1.08,"Caraca, mano",0,0,,,0,0,0,0,0,0,0,0
SBT6DCNR4BY,2,1.08,1.6,Pior que essa...,0,0,,,0,0,0,0,0,0,0,0
SBT6DCNR4BY,3,1.6,2.78,"Mano, eu achei ela mais bonita, mano",0,0,,,0,0,0,0,0,0,0,0
SBT6DCNR4BY,4,2.78,3.16,Isso aí mesmo,0,0,,,0,0,0,0,0,0,0,0
SBT6DCNR4BY,5,3.16,4.24,Tipo assim,0,0,,,0,0,0,0,0,0,0,0
SBT6DCNR4BY,6,4.24,5.18,O que eu mais achei legal,0,0,,,0,0,0,0,0,0,0,0
SBT6DCNR4BY,7,5.18,5.84,Dessa mina aqui,0,0,,,0,0,0,0,0,0,0,0
SBT6DCNR4BY,8,5.84,7.24,"É que ela já fez o LOL, mano",0,0,,,0,0,0,0,0,0,0,0
SBT6DCNR4BY,9,7.24,8.4,Ela tem mil PDL,0,0,,,0,0,0,0,0,0,0,0
SBT6DCNR4BY,10,8.4,8.84,É que nem eu,0,0,,,0,0,0,0,0,0,0,0
SBT6DCNR4BY,11,8.84,9.48,"Caralho, mano",1,1,caralho,sexual_degradante,0,0,1,0,0,0,0,0
SBT6DCNR4BY,12,9.48,9.9,Tipo assim,0,0,,,0,0,0,0,0,0,0,0
SBT6DCNR4BY,13,9.9,11.46,Se eu tenho mil PDL,0,0,,,0,0,0,0,0,0,0,0
SBT6DCNR4BY,14,11.46,12.48,E ela tem mil PDL,0,0,,,0,0,0,0,0,0,0,0
SBT6DCNR4BY,15,12.48,13.46,Se nós casarmos,0,0,,,0,0,0,0,0,0,0,0
SBT6DCNR4BY,16,13.46,13.9,E tiver um filho,0,0,,,0,0,0,0,0,0,0,0
SBT6DCNR4BY,17,13.9,14.7,Vai ter dois PDL,0,0,,,0,0,0,0,0,0,0,0
SBT6DCNR4BY,18,14.7,16.0,"Caralho, vai ser um moleque",1,1,caralho,sexual_degradante,0,0,1,0,0,0,0,0
SBT6DCNR4BY,19,16.0,16.38,Meu Deus,0,0,,,0,0,0,0,0,0,0,0
SBT6DCNR4BY,20,16.38,17.46,"Vai ser abençoado, cara",0,0,,,0,0,0,0,0,0,0,0
SBT6DCNR4BY,21,17.46,18.46,Você tá louco,0,0,,,0,0,0,0,0,0,0,0
SBT6DCNR4BY,22,18.46,19.7,"Vai nascer branco também, cara",0,0,,,0,0,0,0,0,0,0,0
SBT6DCNR4BY,23,19.7,20.74,"Porque ela é branca, tá ligado?",0,0,,,0,0,0,0,0,0,0,0
SBT6DCNR4BY,24,21.94,23.2,"Mas eu tô bem pra nascer preto, cara",0,0,,,0,0,0,0,0,0,0,0
SBT6DCNR4BY,25,23.2,24.02,Pra puxar eu também,0,0,,,0,0,0,0,0,0,0,0
SBT6DCNR4BY,26,24.02,24.9,"Mas, mano",0,0,,,0,0,0,0,0,0,0,0
SBT6DCNR4BY,27,24.9,25.32,Você tá louco,0,0,,,0,0,0,0,0,0,0,0
SBT6DCNR4BY,28,25.32,26.24,"Você vai dar até azuda, mano",0,0,,,0,0,0,0,0,0,0,0
SBT6DCNR4BY,29,26.24,27.62,"Vamos ver aqui, vamos ver aqui, mano.",0,0,,,0,0,0,0,0,0,0,0
SBT6DCNR4BY,30,27.8,28.62,É filho nela?,0,0,,,0,0,0,0,0,0,0,0
SBT6DCNR4BY,31,29.68,30.42,Filho nela.,0,0,,,0,0,0,0,0,0,0,0
SBT6DCNR4BY,32,31.16,34.4,"É, eu acho que a gente vai tentar esse game, mas eu não sei se pra ele.",0,0,,,0,0,0,0,0,0,0,0
SBT6DCNR4BY,33,35.9,37.66,"É isso, mano, eu não sou casada já.",0,0,,,0,0,0,0,0,0,0,0
SBT6DCNR4BY,34,39.22,40.7,"Cara, eu acho que ela é mó fofinha.",0,0,,,0,0,0,0,0,0,0,0
SBT6DCNR4BY,35,40.74,43.12,"Mano, eu não consigo ouvir nada que ela fala, vai tomar no cu.",0,0,,,0,0,0,0,0,0,0,0
SBT6DCNR4BY,36,43.42,44.7,"Ela fala pra dentro assim, ó.",0,0,,,0,0,0,0,0,0,0,0
SBT6DCNR4BY,37,44.76,46.42,"Ela fala que nem um mongo, tá ligado?",0,0,,,0,0,0,0,0,0,0,0
SBT6DCNR4BY,38,46.78,48.08,"Eu não consigo ouvir nada que ela fala, mano.",0,0,,,0,0,0,0,0,0,0,0
SBT6DCNR4BY,39,48.16,51.04,"Mano, tipo assim, eu tenho muita pena.",0,0,,,0,0,0,0,0,0,0,0
SBT6DCNR4BY,40,51.04,54.38,"Porque, tipo assim, eu dissonei ela um mês passado.",0,0,,,0,0,0,0,0,0,0,0
SBT6DCNR4BY,41,54.38,55.56,Porque era três da manhã,0,0,,,0,0,0,0,0,0,0,0
SBT6DCNR4BY,42,55.56,58.04,"Ela tinha mudado o caçadinho, tá ligado?",0,0,,,0,0,0,0,0,0,0,0
SBT6DCNR4BY,43,58.38,60.68,"E eu falei assim, mano, você vai morrer antes dos 30 anos que você é gay",0,0,,,0,0,0,0,0,0,0,0
SBT6DCNR4BY,44,60.68,61.82,"Cara, seu animal!",0,0,,,0,0,0,0,0,0,0,0
SBT6DCNR4BY,45,62.1,64.8,"Olha o seu animal, olha o que você tá clipando e postando na página",0,0,,,0,0,0,0,0,0,0,0
SBT6DCNR4BY,46,64.8,66.22,"Cara, mano, o Mitch",0,0,,,0,0,0,0,0,0,0,0
SBT6DCNR4BY,47,66.22,68.92,Você tá clipando eu falando que gay vai morrer antes dos 30 anos de idade,0,0,,,0,0,0,0,0,0,0,0
SBT6DCNR4BY,48,68.92,69.64,Tá postando na página,0,0,,,0,0,0,0,0,0,0,0
SBT6DCNR4BY,49,69.64,71.72,"Ninguém segue essa bosta aqui não, cara",0,0,,,0,0,0,0,0,0,0,0
SBT6DCNR4BY,50,71.72,72.82,"Que que é isso aí, cara? Que que é isso?",0,0,,,0,0,0,0,0,0,0,0
SBT6DCNR4BY,51,73.76,75.66,"Você, mano, mas você se arrependeu",0,0,,,0,0,0,0,0,0,0,0
SBT6DCNR4BY,52,75.66,78.38,"Ah, então beleza, ah, me arrependi, ah, eu tô arrependido",0,0,,,0,0,0,0,0,0,0,0
SBT6DCNR4BY,53,78.38,80.18,"Tá bom, eu estou arrependido",0,0,,,0,0,0,0,0,0,0,0
SBT6DCNR4BY,54,80.18,81.7,"Eu falei clipe antigo, clipe antigo",0,0,,,0,0,0,0,0,0,0,0
SBT6DCNR4BY,55,81.7,82.44,"Falei assim, tá ligado?",0,0,,,0,0,0,0,0,0,0,0
SBT6DCNR4BY,56,82.44,84.22,"Mas eu me arrependi, na real",0,0,,,0,0,0,0,0,0,0,0
SBT6DCNR4BY,57,84.22,85.62,"Isso aqui foi agora, na real",0,0,,,0,0,0,0,0,0,0,0
SBT6DCNR4BY,58,85.62,88.78,Eu não consigo entender nada que essa pessoa tá falando,0,0,,,0,0,0,0,0,0,0,0
SBT6DCNR4BY,59,88.78,91.68,"Caralho, cara, caralho",2,1,caralho,sexual_degradante,0,0,1,0,0,0,0,0
SBT6DCNR4BY,60,91.68,92.6,Ele se arrependeu,0,0,,,0,0,0,0,0,0,0,0
SBT6DCNR4BY,61,92.6,95.56,"Ah, ele se arrependeu",0,0,,,0,0,0,0,0,0,0,0
SBT6DCNR4BY,62,95.56,97.04,Eu arrependi nada,0,0,,,0,0,0,0,0,0,0,0
SBT6DCNR4BY,63,97.04,98.16,"Não, eu arrependi sim, dozão",0,0,,,0,0,0,0,0,0,0,0
SBT6DCNR4BY,64,98.16,99.04,Ela ficou tímida,0,0,,,0,0,0,0,0,0,0,0
SBT6DCNR4BY,65,99.04,103.38,Você conseguiu tomar feedback de Vaiana,0,0,,,0,0,0,0,0,0,0,0
SBT6DCNR4BY,66,103.38,104.48,"Que ponto chegou, mestre",0,0,,,0,0,0,0,0,0,0,0
SBT6DCNR4BY,67,104.48,106.04,Eu não sabia que era você,0,0,,,0,0,0,0,0,0,0,0
SBT6DCNR4BY,68,106.04,112.94,"Caralho, mano",1,1,caralho,sexual_degradante,0,0,1,0,0,0,0,0
SBT6DCNR4BY,69,112.94,113.86,"Meu Deus, cara",0,0,,,0,0,0,0,0,0,0,0
SBT6DCNR4BY,70,113.86,115.6,"Por favor, traduz o que ela fala",0,0,,,0,0,0,0,0,0,0,0
SBT6DCNR4BY,71,115.6,120.38,Você não acha que essa voz dela é pouco feminina?,0,0,,,0,0,0,0,0,0,0,0
SBT6DCNR4BY,72,122.84,124.76,Eu também tô achando um pouquinho,0,0,,,0,0,0,0,0,0,0,0
SBT6DCNR4BY,73,124.76,125.66,Um pouquinho masculina essa voz dela,0,0,,,0,0,0,0,0,0,0,0
SBT6DCNR4BY,74,125.66,127.22,Ele é muito gente boa também,0,0,,,0,0,0,0,0,0,0,0
SBT6DCNR4BY,75,127.22,129.8,"Ah, é nóis, tamo junto, mano",0,0,,,0,0,0,0,0,0,0,0
SBT6DCNR4BY,76,129.8,131.46,"Eu sou gente boa pra caralho, mano",1,1,caralho,sexual_degradante,0,0,1,0,0,0,0,0
SBT6DCNR4BY,77,131.46,133.52,Vocês pensam que eu sou tudo de ruim,0,0,,,0,0,0,0,0,0,0,0
SBT6DCNR4BY,78,133.52,135.38,"Que eu sou não sei o que, eu sou gente boa pra caralho, viu",1,1,caralho,sexual_degradante,0,0,1,0,0,0,0,0
SBT6DCNR4BY,79,135.38,137.1,Eu sei que eu sou a pessoa,0,0,,,0,0,0,0,0,0,0,0
SBT6DCNR4BY,80,137.1,138.76,Eu sei que eu sou a pessoa boa de coração,0,0,,,0,0,0,0,0,0,0,0
SBT6DCNR4BY,81,138.76,140.08,Ele disse que sabia que era eu,0,0,,,0,0,0,0,0,0,0,0
SBT6DCNR4BY,82,140.08,142.08,Pior que eu achei que ele não sabia que era eu,0,0,,,0,0,0,0,0,0,0,0
SBT6DCNR4BY,83,142.08,143.2,Eu achei que ele descobriu que era eu,0,0,,,0,0,0,0,0,0,0,0
SBT6DCNR4BY,84,143.2,145.44,"Ele ia, tipo assim, mandar eu me matar",0,0,,,0,0,0,0,0,0,0,0
SBT6DCNR4BY,85,145.44,147.38,"Não, cara, meu Deus, cara",0,0,,,0,0,0,0,0,0,0,0
SBT6DCNR4BY,86,147.38,148.48,"Claro que não, cara",0,0,,,0,0,0,0,0,0,0,0
SBT6DCNR4BY,87,148.48,148.94,Mano,0,0,,,0,0,0,0,0,0,0,0
SBT6DCNR4BY,88,148.94,150.84,"Eu tô com a fama terrível, cara",0,0,,,0,0,0,0,0,0,0,0
SBT6DCNR4BY,89,150.84,151.54,Que que é isso?,0,0,,,0,0,0,0,0,0,0,0
SBT6DCNR4BY,90,151.56,152.84,"Acha o modelo de se matar, cara?",0,0,,,0,0,0,0,0,0,0,0
SBT6DCNR4BY,91,153.44,154.06,"É, eu vou descobrir",0,0,,,0,0,0,0,0,0,0,0
SBT6DCNR4BY,92,154.06,155.24,"Mano, olha, olha, mano",0,0,,,0,0,0,0,0,0,0,0
SBT6DCNR4BY,93,155.24,155.88,Fala sério,0,0,,,0,0,0,0,0,0,0,0
SBT6DCNR4BY,94,155.88,157.14,Olha como é que os gays ve...,0,0,,,0,0,0,0,0,0,0,0
SBT6DCNR4BY,95,157.14,157.58,Mano,0,0,,,0,0,0,0,0,0,0,0
SBT6DCNR4BY,96,157.58,159.6,Olha como é que os gays me interpretam,0,0,,,0,0,0,0,0,0,0,0
SBT6DCNR4BY,97,159.6,160.88,"Tipo assim, ela...",0,0,,,0,0,0,0,0,0,0,0
SBT6DCNR4BY,98,160.88,161.7,"Mano, parou, meu",0,0,,,0,0,0,0,0,0,0,0
SBT6DCNR4BY,99,161.7,162.02,Parou,0,0,,,0,0,0,0,0,0,0,0
SBT6DCNR4BY,100,162.02,163.06,Ela vai descobrir,0,0,,,0,0,0,0,0,0,0,0
SBT6DCNR4BY,101,163.06,168.48,Ela pensou que eu ia descobrir que é gay e ia mandar o cara se matar.,0,0,,,0,0,0,0,0,0,0,0
SBT6DCNR4BY,102,168.68,169.18,"Não, cara.",0,0,,,0,0,0,0,0,0,0,0
SBT6DCNR4BY,103,169.24,170.02,"Meu Deus, cara.",0,0,,,0,0,0,0,0,0,0,0
SBT6DCNR4BY,104,170.64,172.34,"Eu sou gente boa, cara.",0,0,,,0,0,0,0,0,0,0,0
SBT6DCNR4BY,105,172.36,173.0,O Sam sabe.,0,0,,,0,0,0,0,0,0,0,0
SBT6DCNR4BY,106,173.06,173.54,O Sam sabe.,0,0,,,0,0,0,0,0,0,0,0
SBT6DCNR4BY,107,173.6,174.06,Eu sou gente boa.,0,0,,,0,0,0,0,0,0,0,0
SBT6DCNR4BY,108,175.8,176.66,Eu sou gente boa.,0,0,,,0,0,0,0,0,0,0,0
SBT6DCNR4BY,109,176.76,177.84,O Sam tá de prova.,0,0,,,0,0,0,0,0,0,0,0
SBT6DCNR4BY,110,177.94,178.82,"Eu sou um cara de gente boa, mano.",0,0,,,0,0,0,0,0,0,0,0
SBT6DCNR4BY,111,181.58,182.04,"Nossa, cara.",0,0,,,0,0,0,0,0,0,0,0
SBT6DCNR4BY,112,182.62,183.2,"Calma aí, nego.",0,0,,,0,0,0,0,0,0,0,0
SBT6DCNR4BY,113,183.28,183.58,Calma aí.,0,0,,,0,0,0,0,0,0,0,0
SBT6DCNR4BY,114,183.58,184.34,"Vai dar merda aqui, mano.",0,0,,,0,0,0,0,0,0,0,0
SBT6DCNR4BY,115,184.4,184.68,Ok.,0,0,,,0,0,0,0,0,0,0,0
SBT6DCNR4BY,116,186.54,187.92,"Vai dar merda pros caras, na real, né?",0,0,,,0,0,0,0,0,0,0,0
SBT6DCNR4BY,117,188.02,189.5,"Pô, eu comecei Doran's Shield ainda, cara.",0,0,,,0,0,0,0,0,0,0,0
SBT6DCNR4BY,118,189.5,190.04,Vai se foder.,1,1,foder,sexual_degradante,0,0,1,0,0,0,0,0
SBT6DCNR4BY,119,190.32,191.42,"Cara, eu esqueci Doran's Shield.",0,0,,,0,0,0,0,0,0,0,0
SBT6DCNR4BY,120,191.42,193.96,Eu farmo os minions com hit depois da torre.,0,0,,,0,0,0,0,0,0,0,0
SBT6DCNR4BY,121,193.96,198.34,"Ai, ai, a cristalzinha tá descendo o bot, não consigo pingar nada",0,0,,,0,0,0,0,0,0,0,0
SBT6DCNR4BY,122,198.34,201.04,"É, tá bom, mano, close",0,0,,,0,0,0,0,0,0,0,0
SBT6DCNR4BY,123,201.04,204.54,"É, pior que esse cainha vai me pingar, tá ligado?",0,0,,,0,0,0,0,0,0,0,0
SBT6DCNR4BY,124,204.7,209.2,"Mano, é foda que eu não consigo fazer quase nada aqui, se eu for bem sincero, ok?",0,0,,,0,0,0,0,0,0,0,0
SBT6DCNR4BY,125,210.82,213.72,"Nossa, mas aí deu merda aqui, aí deu merda real, cara",0,0,,,0,0,0,0,0,0,0,0
SBT6DCNR4BY,126,213.72,215.8,"Meu bot tá esticado, mano",0,0,,,0,0,0,0,0,0,0,0
SBT6DCNR4BY,127,215.8,217.54,"Ih, eu vou indicar a tapa azul, né, cara?",0,0,,,0,0,0,0,0,0,0,0
SBT6DCNR4BY,128,218.34,219.82,"O cristalzinho tá ficando milí comigo, louco",0,0,,,0,0,0,0,0,0,0,0
SBT6DCNR4BY,129,219.82,220.54,Beleza,0,0,,,0,0,0,0,0,0,0,0
SBT6DCNR4BY,130,220.54,224.08,"Uau, uau",0,0,,,0,0,0,0,0,0,0,0
SBT6DCNR4BY,131,224.08,225.58,morrer não morro aqui não mano,0,0,,,0,0,0,0,0,0,0,0
SBT6DCNR4BY,132,225.58,230.43,caraca eu morri aqui ainda mano,0,0,,,0,0,0,0,0,0,0,0
SBT6DCNR4BY,133,230.43,231.85,não botei fé que eu morreria aqui não cara,0,0,,,0,0,0,0,0,0,0,0
SBT6DCNR4BY,134,231.85,233.91,que chase satânico é esse cara eu morri aqui,0,0,,,0,0,0,0,0,0,0,0
SBT6DCNR4BY,135,233.91,235.23,jogar mais socada aqui,0,0,,,0,0,0,0,0,0,0,0
SBT6DCNR4BY,136,235.23,238.37,porque,0,0,,,0,0,0,0,0,0,0,0
SBT6DCNR4BY,137,238.37,239.05,durante shield,0,0,,,0,0,0,0,0,0,0,0
SBT6DCNR4BY,138,239.05,242.09,eu nunca comece mano eu nunca comece durante shield,0,0,,,0,0,0,0,0,0,0,0
SBT6DCNR4BY,139,242.09,243.53,eu comecei aqui já me arrependi já,0,0,,,0,0,0,0,0,0,0,0
SBT6DCNR4BY,140,243.53,246.21,acho que o playstyle é pior só aí ponto,0,0,,,0,0,0,0,0,0,0,0
SBT6DCNR4BY,141,246.21,247.97,eu falei era pra tá bem pra se meter pisudo,0,0,,,0,0,0,0,0,0,0,0
SBT6DCNR4BY,142,247.97,248.99,alguma coisa errada ela fez,0,0,,,0,0,0,0,0,0,0,0
SBT6DCNR4BY,143,248.99,251.31,acho que ela rotou né,0,0,,,0,0,0,0,0,0,0,0
SBT6DCNR4BY,144,251.31,258.23,o cara da gank sem pingar mano,0,0,,,0,0,0,0,0,0,0,0
SBT6DCNR4BY,145,258.23,259.23,calma aí negocio,0,0,,,0,0,0,0,0,0,0,0
SBT6DCNR4BY,146,259.23,262.55,"Onde tá? Caralho, meu Deus, what the fuck, caralho, meu Deus, mano.",2,1,caralho,sexual_degradante,0,0,1,0,0,0,0,0
SBT6DCNR4BY,147,263.19,266.65,"Cara, eu não consigo, eu não boto fé, calma aí, deixa eu, meu dia tá levando invade aqui, mano.",0,0,,,0,0,0,0,0,0,0,0
SBT6DCNR4BY,148,266.71,270.51,"Mano, você resgatou memórias minhas, mano, na época da Babilônica, mano.",0,0,,,0,0,0,0,0,0,0,0
SBT6DCNR4BY,149,270.61,272.99,"Meu Deus, cara, deixa isso, o que que esse cara tá fazendo aqui, mano?",0,0,,,0,0,0,0,0,0,0,0
SBT6DCNR4BY,150,275.98,279.44,"Guardar meu rei pra acompanhar o dash. Nossa, essa caçadinha é muito ruim, rapaziada, calma aí.",0,0,,,0,0,0,0,0,0,0,0
SBT6DCNR4BY,151,280.84,282.26,"Cara, meu campeão é muito ruim!",0,0,,,0,0,0,0,0,0,0,0
SBT6DCNR4BY,152,282.8,288.22,"Cara, meu campeão é muito ruim, mano, por isso que eu não começo de Doran Shield na matchup, cara.",0,0,,,0,0,0,0,0,0,0,0
SBT6DCNR4BY,153,288.26,289.92,"Olha o dano que eu dei na Kindred, mano, meu Deus.",0,0,,,0,0,0,0,0,0,0,0
SBT6DCNR4BY,154,289.92,292.44,"Cara, você esgatou embora as minhas da época da Babilônica",0,0,,,0,0,0,0,0,0,0,0
SBT6DCNR4BY,155,292.44,293.74,"Tava um Zé Leguiba, cara",0,0,,,0,0,0,0,0,0,0,0
SBT6DCNR4BY,156,293.74,295.8,"Ah, é o ligeiro, mano, com o Izuda",0,0,,,0,0,0,0,0,0,0,0
SBT6DCNR4BY,157,295.8,297.12,Ou é outro ligeiro?,0,0,,,0,0,0,0,0,0,0,0
SBT6DCNR4BY,158,297.88,299.98,"Porra, meu campeão é muito podre, rapaziada, na moral mesmo, cara",0,0,,,0,0,0,0,0,0,0,0
SBT6DCNR4BY,159,299.98,302.04,"Cara, eu juro, mano, falando sério",0,0,,,0,0,0,0,0,0,0,0
SBT6DCNR4BY,160,302.04,304.18,"Tipo assim, essa play só deu sério porque meu campeão é podre",0,0,,,0,0,0,0,0,0,0,0
SBT6DCNR4BY,161,304.18,304.56,Isso aí mesmo,0,0,,,0,0,0,0,0,0,0,0
SBT6DCNR4BY,162,304.56,307.92,"Se eu tivesse Nazir aqui, mano",0,0,,,0,0,0,0,0,0,0,0
SBT6DCNR4BY,163,307.92,309.98,"Qualquer outro campeão do jogo, essa play era tipo",0,0,,,0,0,0,0,0,0,0,0
SBT6DCNR4BY,164,309.98,310.68,Sem zero nosso,0,0,,,0,0,0,0,0,0,0,0
SBT6DCNR4BY,165,310.68,313.8,"Olha isso aqui, cara, o cara morreu, não, os caras morreram aqui, eu tô base",0,0,,,0,0,0,0,0,0,0,0
SBT6DCNR4BY,166,313.8,315.86,"Olha o flecha nesse cara aí, mano",0,0,,,0,0,0,0,0,0,0,0
SBT6DCNR4BY,167,315.86,316.34,"Boa, boa",0,0,,,0,0,0,0,0,0,0,0
SBT6DCNR4BY,168,316.34,319.74,"Olha o campeão do cara, mano, que porra é essa?",0,0,,,0,0,0,0,0,0,0,0
SBT6DCNR4BY,169,319.92,321.92,"Eu já escapei um inimigo pedo**o, cara!",0,0,,,0,0,0,0,0,0,0,0
SBT6DCNR4BY,170,322.78,325.78,"Fred, dói gum no teu time, meu time tá na seleção zuda mesmo.",0,0,,,0,0,0,0,0,0,0,0
SBT6DCNR4BY,171,327.04,330.26,"Os caras tão dando ghost, eu acho, não tenho certeza disso, mas os caras tão pingando...",0,0,,,0,0,0,0,0,0,0,0
SBT6DCNR4BY,172,330.6,332.6,"Não sei se você tava em live, mano, não sei se tava em live ou não.",0,0,,,0,0,0,0,0,0,0,0
SBT6DCNR4BY,173,333.38,335.88,"Mas os caras tão pingando pra caralho o mapa, achei estranho, tá ligado?",1,1,caralho,sexual_degradante,0,0,1,0,0,0,0,0
SBT6DCNR4BY,174,337.06,341.34,"Os caras tão dando motor de ping, pô, no mapa, eu falei, o que que é isso? Macrogame tá instando assim? Macrogame dos caras?",0,0,,,0,0,0,0,0,0,0,0
SBT6DCNR4BY,175,341.34,344.72,"Ah, pior que o Stalzinha pegou aquelas 3 kills e fudeu o meio-chefe inteiro agora, hein, mano.",0,0,,,0,0,0,0,0,0,0,0
SBT6DCNR4BY,176,345.48,347.48,"Se bem que tem como ganhar isso aqui, porque a minha comp...",0,0,,,0,0,0,0,0,0,0,0
SBT6DCNR4BY,177,347.48,350.12,"Eu compro um skill bem brutal, tá ligado?",0,0,,,0,0,0,0,0,0,0,0
SBT6DCNR4BY,178,358.36,360.2,"Mano, a cristalzinha é muito ruim, rapaziada",0,0,,,0,0,0,0,0,0,0,0
SBT6DCNR4BY,179,360.2,363.46,"Olha o dano que ela levou pra usar o shield, tá ligado?",0,0,,,0,0,0,0,0,0,0,0
SBT6DCNR4BY,180,364.46,366.44,"Eu posso frisar aqui ou eu posso puxar, mano",0,0,,,0,0,0,0,0,0,0,0
SBT6DCNR4BY,181,366.44,370.76,"Eu vou frisar isso aqui, sendo bem sincero",0,0,,,0,0,0,0,0,0,0,0
SBT6DCNR4BY,182,370.76,371.8,"Vou frisar isso aqui, mano",0,0,,,0,0,0,0,0,0,0,0
SBT6DCNR4BY,183,371.8,374.7,"Mudei de ideia, tá ligado?",0,0,,,0,0,0,0,0,0,0,0
SBT6DCNR4BY,184,374.82,375.76,Mudei de ideia que apareceu,0,0,,,0,0,0,0,0,0,0,0
SBT6DCNR4BY,185,375.76,378.6,Vou estacar a balinha aqui no rei,0,0,,,0,0,0,0,0,0,0,0
SBT6DCNR4BY,186,378.6,379.9,"Rei Anami, tá ligado?",0,0,,,0,0,0,0,0,0,0,0
SBT6DCNR4BY,187,381.54,382.58,Eu mudei de ideia aqui,0,0,,,0,0,0,0,0,0,0,0
SBT6DCNR4BY,188,382.58,385.68,"Eu ia frisar, só que o baianão ia desfrisar a porra do TNZ.",0,0,,,0,0,0,0,0,0,0,0
SBT6DCNR4BY,189,386.34,388.12,"Cara, eu gosto da balinha do neném.",0,0,,,0,0,0,0,0,0,0,0
SBT6DCNR4BY,190,389.22,390.86,"Mano, será que eu pego uma kill aqui, nebudo?",0,0,,,0,0,0,0,0,0,0,0
SBT6DCNR4BY,191,391.12,391.7,Fiz a questão.,0,0,,,0,0,0,0,0,0,0,0
SBT6DCNR4BY,192,391.84,392.96,Eu acho que talvez sim.,0,0,,,0,0,0,0,0,0,0,0
SBT6DCNR4BY,193,398.63,400.05,Eu podia virar e matar o Lúcio.,0,0,,,0,0,0,0,0,0,0,0
SBT6DCNR4BY,194,400.13,400.91,"Eu joguei mal aqui, né?",0,0,,,0,0,0,0,0,0,0,0
SBT6DCNR4BY,195,401.27,402.05,"Eu não fiz isso, cara.",0,0,,,0,0,0,0,0,0,0,0
SBT6DCNR4BY,196,403.07,405.15,"É que eu não vi que ele hitou em mim, targaíra, bicho da torre.",0,0,,,0,0,0,0,0,0,0,0
SBT6DCNR4BY,197,405.23,405.71,"My bad, minha.",0,0,,,0,0,0,0,0,0,0,0
SBT6DCNR4BY,198,405.77,406.83,"Eu matava o Lúcio assim, mano.",0,0,,,0,0,0,0,0,0,0,0
SBT6DCNR4BY,199,407.43,408.21,Eu não sei morrer...,0,0,,,0,0,0,0,0,0,0,0
SBT6DCNR4BY,200,408.21,409.45,"Mano, calma aí, rapaziada.",0,0,,,0,0,0,0,0,0,0,0
SBT6DCNR4BY,201,409.53,410.51,"Calma aí, vocês estão, mano.",0,0,,,0,0,0,0,0,0,0,0
SBT6DCNR4BY,202,413.44,414.02,Calma aí também.,0,0,,,0,0,0,0,0,0,0,0
SBT6DCNR4BY,203,414.14,415.26,"Se você quer me dar evasão, você vai dar merda.",0,0,,,0,0,0,0,0,0,0,0
SBT6DCNR4BY,204,415.58,415.86,Ok.,0,0,,,0,0,0,0,0,0,0,0
SBT6DCNR4BY,205,415.86,417.94,"Eu matava o Lucian aqui, mas é de mim",0,0,,,0,0,0,0,0,0,0,0
SBT6DCNR4BY,206,417.94,420.42,Eu não vi que a Toi virou um Lucian zudo,0,0,,,0,0,0,0,0,0,0,0
SBT6DCNR4BY,207,420.42,421.42,Mas eu peguei o evento inteiro aqui,0,0,,,0,0,0,0,0,0,0,0
SBT6DCNR4BY,208,421.42,424.44,"E aí, a gente mata alguém aqui, mano?",0,0,,,0,0,0,0,0,0,0,0
SBT6DCNR4BY,209,424.58,426.24,"Não, né? Nossa, mano, o cara também ficou",0,0,,,0,0,0,0,0,0,0,0
SBT6DCNR4BY,210,426.24,428.54,"Mano, a Cristalzinha tá me chutando, cara",0,0,,,0,0,0,0,0,0,0,0
SBT6DCNR4BY,211,428.54,433.41,"Calma aí, Cristalzinha zuda",0,0,,,0,0,0,0,0,0,0,0
SBT6DCNR4BY,212,433.41,433.93,Calma aí,0,0,,,0,0,0,0,0,0,0,0
SBT6DCNR4BY,213,433.93,439.39,"Calma aí, Cristalzinha zuda",0,0,,,0,0,0,0,0,0,0,0
SBT6DCNR4BY,214,439.39,441.97,"Calma aí, Cristalzinha zuda",0,0,,,0,0,0,0,0,0,0,0
SBT6DCNR4BY,215,441.97,443.75,"Tá jogando demais, negona",0,0,,,0,0,0,0,0,0,0,0
SBT6DCNR4BY,216,443.75,445.89,"Vou chamar de linda aqui, mano",0,0,,,0,0,0,0,0,0,0,0
SBT6DCNR4BY,217,445.89,448.31,Eu vou ganhar alguém,0,0,,,0,0,0,0,0,0,0,0
SBT6DCNR4BY,218,448.31,449.73,Depois chamar de linda pela zoeira,0,0,,,0,0,0,0,0,0,0,0
SBT6DCNR4BY,219,449.73,453.1,"Vou levar a Dive aqui, rapaziada",0,0,,,0,0,0,0,0,0,0,0
SBT6DCNR4BY,220,453.1,455.6,"Pode deixar, eu nasci ontem, tá ligado",0,0,,,0,0,0,0,0,0,0,0
SBT6DCNR4BY,221,455.6,457.06,"Eu nasci ontem, vou levar a dave aqui",0,0,,,0,0,0,0,0,0,0,0
SBT6DCNR4BY,222,457.06,458.74,Pode deixar que eu,0,0,,,0,0,0,0,0,0,0,0
SBT6DCNR4BY,223,458.74,461.36,"Ai meu Deus, cristalzinha azuda, calma aí, mano",0,0,,,0,0,0,0,0,0,0,0
SBT6DCNR4BY,224,461.36,463.24,What the fuck,0,0,,,0,0,0,0,0,0,0,0
SBT6DCNR4BY,225,463.24,465.8,"De trivela, pô, próximo de mim, de trivela",0,0,,,0,0,0,0,0,0,0,0
SBT6DCNR4BY,226,465.8,467.4,Calma que eu tô velho no LoL,0,0,,,0,0,0,0,0,0,0,0
SBT6DCNR4BY,227,467.4,468.78,"Mas não idoso, né, cara",0,0,,,0,0,0,0,0,0,0,0
SBT6DCNR4BY,228,468.78,471.26,"Meu reflexo tá, continua bom, tá ligado",0,0,,,0,0,0,0,0,0,0,0
SBT6DCNR4BY,229,471.26,473.78,"Eu tô velho, mas não idoso, pô",0,0,,,0,0,0,0,0,0,0,0
SBT6DCNR4BY,230,473.78,475.84,Meu TP foi meio troll,0,0,,,0,0,0,0,0,0,0,0
SBT6DCNR4BY,231,475.84,476.58,"Eu tô achando, mano",0,0,,,0,0,0,0,0,0,0,0
SBT6DCNR4BY,232,476.58,481.62,Cadê o petrófilo aqui,0,0,,,0,0,0,0,0,0,0,0
SBT6DCNR4BY,233,481.62,482.82,"Do delícia aqui, mano",0,0,,,0,0,0,0,0,0,0,0
SBT6DCNR4BY,234,482.82,484.54,"Minha TP mesmo, não sei se eu tenho TP aqui não, mano",0,0,,,0,0,0,0,0,0,0,0
SBT6DCNR4BY,235,484.54,486.52,"Essa minha real ela joga meio estranho, tá ligado?",0,0,,,0,0,0,0,0,0,0,0
SBT6DCNR4BY,236,487.32,489.46,"Pra não falar que o cara é podre de ruim, favelado",0,0,,,0,0,0,0,0,0,0,0
SBT6DCNR4BY,237,489.46,491.12,"Mas o cara é estranho, só",0,0,,,0,0,0,0,0,0,0,0
SBT6DCNR4BY,238,491.12,496.11,"Mano, se eu tivesse Lacre Negro aqui",0,0,,,0,0,0,0,0,0,0,0
SBT6DCNR4BY,239,496.11,497.39,Eu estaria com os stacks Lacre Negro,0,0,,,0,0,0,0,0,0,0,0
SBT6DCNR4BY,240,497.39,498.43,"O jogo estaria clima, mano",0,0,,,0,0,0,0,0,0,0,0
SBT6DCNR4BY,241,498.43,502.41,"Caralho, o cara vai invadir você assim, cara",1,1,caralho,sexual_degradante,0,0,1,0,0,0,0,0
SBT6DCNR4BY,242,502.41,503.27,Meu Deus,0,0,,,0,0,0,0,0,0,0,0
SBT6DCNR4BY,243,503.27,505.37,"Malditos, velho, malditos",0,0,,,0,0,0,0,0,0,0,0
SBT6DCNR4BY,244,505.37,518.44,"E aí, Cristalzinha Azuda",0,0,,,0,0,0,0,0,0,0,0
SBT6DCNR4BY,245,518.44,520.28,"Muda sua barreira, mano",0,0,,,0,0,0,0,0,0,0,0
SBT6DCNR4BY,246,520.28,525.49,"Uau, Cristalzinha",0,0,,,0,0,0,0,0,0,0,0
SBT6DCNR4BY,247,525.49,529.34,"Vou chamar de linda aqui, sabe pelo menos",0,0,,,0,0,0,0,0,0,0,0
SBT6DCNR4BY,248,529.34,531.18,A Mel em stream,0,0,,,0,0,0,0,0,0,0,0
SBT6DCNR4BY,249,531.18,532.4,A Mel é uma mina que eu chamei,0,0,,,0,0,0,0,0,0,0,0
SBT6DCNR4BY,250,532.4,535.14,"É um travecão que eu chamei de linda no Twitter, de zoeira.",0,0,,,0,0,0,0,0,0,0,0
SBT6DCNR4BY,251,536.38,538.54,Ele tá abrindo todo mundo aqui do pedofilia?,0,0,,,0,0,0,0,0,0,0,0
SBT6DCNR4BY,252,539.1,539.76,Ele é pedófilo?,0,0,,,0,0,0,0,0,0,0,0
SBT6DCNR4BY,253,540.64,541.68,"É, agora sim, agora sim.",0,0,,,0,0,0,0,0,0,0,0
SBT6DCNR4BY,254,542.6,544.06,"Ok, vou dar B aqui.",0,0,,,0,0,0,0,0,0,0,0
SBT6DCNR4BY,255,545.6,547.3,"Uau, vamos, negudos, bora.",0,0,,,0,0,0,0,0,0,0,0
SBT6DCNR4BY,256,553.81,555.37,"Cristalzinho, olha tu aqui, mano.",0,0,,,0,0,0,0,0,0,0,0
SBT6DCNR4BY,257,555.47,556.71,"Você tá fazendo o que aqui, cara?",0,0,,,0,0,0,0,0,0,0,0
SBT6DCNR4BY,258,558.27,559.83,"Que que é isso, cristalzinho azul?",0,0,,,0,0,0,0,0,0,0,0
SBT6DCNR4BY,259,559.93,561.53,"Daqui vem um play de alto nível, mano, meu Deus.",0,0,,,0,0,0,0,0,0,0,0
SBT6DCNR4BY,260,561.53,563.11,"Ai, meu cair é muito podre, mano.",0,0,,,0,0,0,0,0,0,0,0
SBT6DCNR4BY,261,563.15,564.21,"Esse cair é faveladaço, cara.",0,0,,,0,0,0,0,0,0,0,0
SBT6DCNR4BY,262,565.47,566.55,"Vai invadir aqui, relaxa.",0,0,,,0,0,0,0,0,0,0,0
SBT6DCNR4BY,263,566.75,567.41,Tô tendo contenção.,0,0,,,0,0,0,0,0,0,0,0
SBT6DCNR4BY,264,567.71,574.43,"E se eu morrer, vai ficar louco se eu morrer aqui o bagulho, hein, mano.",0,0,,,0,0,0,0,0,0,0,0
SBT6DCNR4BY,265,577.89,578.93,"Nosso Deus, cara.",0,0,,,0,0,0,0,0,0,0,0
SBT6DCNR4BY,266,579.01,579.99,"Que que é isso, cara?",0,0,,,0,0,0,0,0,0,0,0
SBT6DCNR4BY,267,582.76,585.54,"Cara, por que todo mundo começou a se matar assim do nada, cara, no game?",0,0,,,0,0,0,0,0,0,0,0
SBT6DCNR4BY,268,586.1,587.4,"Tem que juntar cinco mid logo, mano.",0,0,,,0,0,0,0,0,0,0,0
SBT6DCNR4BY,269,587.54,588.3,Tem que juntar cinco mid logo.,0,0,,,0,0,0,0,0,0,0,0
SBT6DCNR4BY,270,588.36,588.86,Favela aí também.,0,0,,,0,0,0,0,0,0,0,0
SBT6DCNR4BY,271,589.38,590.52,"É pra deixar o cara morrer, mano.",0,0,,,0,0,0,0,0,0,0,0
SBT6DCNR4BY,272,590.6,591.1,Favela aí.,0,0,,,0,0,0,0,0,0,0,0
SBT6DCNR4BY,273,591.6,593.34,"Gastei meu flash, gastei meu flash nesse animal.",0,0,,,0,0,0,0,0,0,0,0
SBT6DCNR4BY,274,595.88,596.68,Dá pra fightar ali.,0,0,,,0,0,0,0,0,0,0,0
SBT6DCNR4BY,275,596.74,597.7,"Eu tenho TP, mano.",0,0,,,0,0,0,0,0,0,0,0
SBT6DCNR4BY,276,597.84,598.2,Não dá não?,0,0,,,0,0,0,0,0,0,0,0
SBT6DCNR4BY,277,598.76,599.5,O tempo atrai.,0,0,,,0,0,0,0,0,0,0,0
SBT6DCNR4BY,278,599.8,600.66,"Aí, vamos fightar?",0,0,,,0,0,0,0,0,0,0,0
SBT6DCNR4BY,279,601.62,602.66,"Minha TP, meu, tá ligado?",0,0,,,0,0,0,0,0,0,0,0
SBT6DCNR4BY,280,602.88,603.92,"Não, nós ganhamos isso aqui.",0,0,,,0,0,0,0,0,0,0,0
SBT6DCNR4BY,281,608.38,609.76,"Uau, olha quem tá aqui, mano.",0,0,,,0,0,0,0,0,0,0,0
SBT6DCNR4BY,282,611.26,613.06,"Ah, Dudu, perda reto aí, mano.",0,0,,,0,0,0,0,0,0,0,0
SBT6DCNR4BY,283,619.02,620.82,"É, achei que eu ia perdoar bem balanceado, mano.",0,0,,,0,0,0,0,0,0,0,0
SBT6DCNR4BY,284,620.88,622.0,"Pega minhas skills tudo aí, Fabinho.",0,0,,,0,0,0,0,0,0,0,0
SBT6DCNR4BY,285,624.35,625.65,"Ah, tem ult aqui, mano?",0,0,,,0,0,0,0,0,0,0,0
SBT6DCNR4BY,286,627.15,628.55,"Caralho, ele matou eu ainda, cara.",1,1,caralho,sexual_degradante,0,0,1,0,0,0,0,0
SBT6DCNR4BY,287,628.61,629.47,Branco sempre usudo.,0,0,,,0,0,0,0,0,0,0,0
SBT6DCNR4BY,288,630.35,631.45,"Bom, deixa eu ver o que eu build aqui, mano.",0,0,,,0,0,0,0,0,0,0,0
SBT6DCNR4BY,289,632.31,633.67,Eu prendi um K de gold pro Cristalzinho.,0,0,,,0,0,0,0,0,0,0,0
SBT6DCNR4BY,290,633.73,634.39,"Eu favelei, mano.",0,0,,,0,0,0,0,0,0,0,0
SBT6DCNR4BY,291,635.01,636.85,"Cara, eu não consigo jogar sem o Lack negro, mano.",0,0,,,0,0,0,0,0,0,0,0
SBT6DCNR4BY,292,637.21,638.01,Lack negro é muito bronco.,0,0,,,0,0,0,0,0,0,0,0
SBT6DCNR4BY,293,638.09,639.35,"Pra gastar dinheiro, tem que mudar esse item, Core.",0,0,,,0,0,0,0,0,0,0,0
SBT6DCNR4BY,294,639.55,640.69,Temos aqui o Cristalzinho e a Padul.,0,0,,,0,0,0,0,0,0,0,0
SBT6DCNR4BY,295,641.61,642.71,"Vamos ver, vamos ver ela aqui, mano.",0,0,,,0,0,0,0,0,0,0,0
SBT6DCNR4BY,296,642.93,653.58,o aparelho samarim morrer cara eu vou ver depois eu ganho eu ganho eu vou jogar bem,0,0,,,0,0,0,0,0,0,0,0
SBT6DCNR4BY,297,653.58,657.78,pra ganhar essa game game ta bem equilibrado né eu nem sei como eu fiquei forte nessa partida aqui,0,0,,,0,0,0,0,0,0,0,0
SBT6DCNR4BY,298,657.78,667.77,sendo bem sério mas eu fiquei cara você é que eu vou dar chase ai eu to inferno eu acho que vou,0,0,,,0,0,0,0,0,0,0,0
SBT6DCNR4BY,299,667.77,673.59,ta ligado vou dar B aqui cara o cara que caça de na frente é bem ridículo mano é só andar reto e,0,0,,,0,0,0,0,0,0,0,0
SBT6DCNR4BY,300,673.59,677.59,"A Void tem essa serona, mas ela tem cara de mulher, mano.",0,0,,,0,0,0,0,0,0,0,0
SBT6DCNR4BY,301,677.59,679.59,Ela parece ser uma gostosona.,0,0,,,0,0,0,0,0,0,0,0
SBT6DCNR4BY,302,679.59,683.59,"Ih, acabou o game, cara. What the fuck? Acabou o gamezudo.",0,0,,,0,0,0,0,0,0,0,0
SBT6DCNR4BY,303,683.59,686.59,"Vamo ver se vai me reportar o duplo do f***. Vamo ver, vamo ver, vamo ver.",0,0,,,0,0,0,0,0,0,0,0
SBT6DCNR4BY,304,686.59,690.59,"Vamo ver, vamo ver a reação dele, se vai me reportar o duplo do f***.",0,0,,,0,0,0,0,0,0,0,0
SBT6DCNR4BY,305,690.59,693.59,"Vai me reportar ou não? Não é possível me reportar, mano.",0,0,,,0,0,0,0,0,0,0,0
SBT6DCNR4BY,306,693.59,696.59,"Vai me reportar ou não? Não é possível, mano. Me reportar eu vou ficar chutado.",0,0,,,0,0,0,0,0,0,0,0
SBT6DCNR4BY,307,696.59,700.59,"Ai, tá com 1.500 pontos. Ah, vai se fuder pra mim tentar nesse game, cara.",0,0,,,0,0,0,0,0,0,0,0
SBT6DCNR4BY,308,700.59,701.59,"Não reportou não, beleza.",0,0,,,0,0,0,0,0,0,0,0
SBT6DCNR4BY,309,701.59,703.35,Então eu posso chamar de p***,0,0,,,0,0,0,0,0,0,0,0
SBT6DCNR4BY,310,703.35,705.95,"Caralho, é pra eu tentar esse game",1,1,caralho,sexual_degradante,0,0,1,0,0,0,0,0
SBT6DCNR4BY,311,705.95,707.25,"Que ninguém avisou pra mim, cara",0,0,,,0,0,0,0,0,0,0,0
SBT6DCNR4BY,312,707.25,708.95,Tudo bem se eu tenho tanto ponto assim,0,0,,,0,0,0,0,0,0,0,0
SBT6DCNR4BY,313,708.95,710.89,"30 do jogo, cara, vai se fuder, mano",0,0,,,0,0,0,0,0,0,0,0
SBT6DCNR4BY,314,710.89,713.49,"Eu dei ponto com o pedaço de graça, cara",0,0,,,0,0,0,0,0,0,0,0
SBT6DCNR4BY,315,713.49,714.29,"Meu Deus, mano",0,0,,,0,0,0,0,0,0,0,0
SBT6DCNR4BY,316,714.29,717.31,"Eu vou cair com ele, vou colocar o camisa 10, lendário, pra campo",0,0,,,0,0,0,0,0,0,0,0
SBT6DCNR4BY,317,717.31,718.67,"Fui top dando o jogo ainda, quase",0,0,,,0,0,0,0,0,0,0,0
SBT6DCNR4BY,318,718.67,724.42,"Ela tiltou, cara",0,0,,,0,0,0,0,0,0,0,0
SBT6DCNR4BY,319,724.42,726.46,"Mano, olha ela passando",0,0,,,0,0,0,0,0,0,0,0
SBT6DCNR4BY,320,726.46,727.96,"Que nem, cara, passou que nem",0,0,,,0,0,0,0,0,0,0,0
SBT6DCNR4BY,321,727.96,729.96,"Também um mulambo, cara, que porra é essa, mano",0,0,,,0,0,0,0,0,0,0,0
SBT6DCNR4BY,322,729.96,731.56,"Atravessando o mapa de mel, tá ligado",0,0,,,0,0,0,0,0,0,0,0
SBT6DCNR4BY,323,731.56,737.41,"Olha a cristalzuda, mano",0,0,,,0,0,0,0,0,0,0,0
SBT6DCNR4BY,324,737.41,748.14,"Ela tem medo de caçadinha, mano",0,0,,,0,0,0,0,0,0,0,0
SBT6DCNR4BY,325,748.14,748.58,Não,0,0,,,0,0,0,0,0,0,0,0
SBT6DCNR4BY,326,748.58,751.18,"Ela tem medo de caçadinha por causa de quem, cara?",0,0,,,0,0,0,0,0,0,0,0
SBT6DCNR4BY,327,751.18,753.08,Que medo de caçadinha,0,0,,,0,0,0,0,0,0,0,0
SBT6DCNR4BY,328,753.08,755.36,"Pior que eu acho ela mó fofinha, cara",0,0,,,0,0,0,0,0,0,0,0
SBT6DCNR4BY,329,755.36,757.84,"Mano, tipo assim, eu tenho muita pena",0,0,,,0,0,0,0,0,0,0,0
SBT6DCNR4BY,330,757.84,759.9,"Porque, tipo assim, eu dissonei ela",0,0,,,0,0,0,0,0,0,0,0
SBT6DCNR4BY,331,759.9,762.36,"Um mês passado, porque era 3 da manhã",0,0,,,0,0,0,0,0,0,0,0
SBT6DCNR4BY,332,762.36,764.4,Ela tinha medo do caçadinha,0,0,,,0,0,0,0,0,0,0,0
SBT6DCNR4BY,333,764.4,765.72,Tá ligado? E eu falei assim,0,0,,,0,0,0,0,0,0,0,0
SBT6DCNR4BY,334,765.72,767.46,"Mano, você vai morrer antes dos 30 anos que você é gay",0,0,,,0,0,0,0,0,0,0,0
SBT6DCNR4BY,335,767.46,768.34,"Falei assim, tá ligado?",0,0,,,0,0,0,0,0,0,0,0
SBT6DCNR4BY,336,768.86,770.96,"Mas eu me arrependi depois, ela é uma gente boa, mano",0,0,,,0,0,0,0,0,0,0,0
SBT6DCNR4BY,337,770.96,775.12,Eu não consigo entender nada que essa pessoa tá falando,0,0,,,0,0,0,0,0,0,0,0
SBT6DCNR4BY,338,775.12,775.86,Nem eu consigo entender,0,0,,,0,0,0,0,0,0,0,0
SBT6DCNR4BY,339,775.86,777.16,Ela é tímida,0,0,,,0,0,0,0,0,0,0,0
SBT6DCNR4BY,340,777.16,779.52,Pior que sabe que saiu na Romora,0,0,,,0,0,0,0,0,0,0,0
SBT6DCNR4BY,341,779.52,781.76,Pior que sabe que saiu na Romora,0,0,,,0,0,0,0,0,0,0,0
SBT6DCNR4BY,342,781.76,783.62,"Claro que eu sei, né, cara?",0,0,,,0,0,0,0,0,0,0,0
SBT6DCNR4BY,343,784.12,784.9,"Claro que eu sei, pô",0,0,,,0,0,0,0,0,0,0,0
SBT6DCNR4BY,344,784.9,785.82,Tô fazendo dúvida sincera agora,0,0,,,0,0,0,0,0,0,0,0
SBT6DCNR4BY,345,785.82,788.4,"Claro que eu sei, pô",0,0,,,0,0,0,0,0,0,0,0
SBT6DCNR4BY,346,788.4,792.46,"Tudo é cidade de pau duro, paga essa merda",0,0,,,0,0,0,0,0,0,0,0
SBT6DCNR4BY,347,792.46,794.06,Pega essa merda,0,0,,,0,0,0,0,0,0,0,0
bxVRyxvjqmc,1,0.1,3.48,"Que isso cara, todo game que eu vejo você, você tá entrando, o que que eu vou fazer?",0,0,,,0,0,0,0,0,0,0,0
bxVRyxvjqmc,2,3.64,5.84,"O que que eu vou fazer? Eu sou animal, me fala.",0,0,,,0,0,0,0,0,0,0,0
bxVRyxvjqmc,3,5.9,8.82,O que que eu posso fazer que em live meu campeão não passe no jogo? Fazer o que mano?,0,0,,,0,0,0,0,0,0,0,0
bxVRyxvjqmc,4,8.86,11.66,"Em live tem o Adolf Hitler me targetando, fazer o que mano? Essa merda.",0,0,,,0,0,0,0,0,0,0,0
zeYD8_RXrrA,1,0.0,2.36,"Ah, cara, eu quero descer já, cara. Começou a favelice.",0,0,,,0,0,0,0,0,0,0,0
zeYD8_RXrrA,2,2.66,3.6,Bela kill e desce.,0,0,,,0,0,0,0,0,0,0,0
zeYD8_RXrrA,3,3.64,6.7,"Não, sorry. Vai ser do mid.",0,0,,,0,0,0,0,0,0,0,0
zeYD8_RXrrA,4,6.82,7.5,"Não, cara!",0,0,,,0,0,0,0,0,0,0,0
zeYD8_RXrrA,5,8.46,10.16,"Caralho, que bando de malditos, mano.",1,1,caralho,sexual_degradante,0,0,1,0,0,0,0,0
zeYD8_RXrrA,6,10.22,11.62,"Não consigo jogar minha lane, cara.",0,0,,,0,0,0,0,0,0,0,0
zeYD8_RXrrA,7,12.24,14.58,"Esse cara... Pô, só pega uma PC bot",0,0,,,0,0,0,0,0,0,0,0
zeYD8_RXrrA,8,14.58,16.16,"cheia de lobo. Se o cara for bom,",0,0,,,0,0,0,0,0,0,0,0
zeYD8_RXrrA,9,16.26,18.16,"deixa eu pegar minha lane. Se o cara for um faveladão do mestre,",0,0,,,0,0,0,0,0,0,0,0
zeYD8_RXrrA,10,18.22,19.24,ele fudeu. Ok.,0,0,,,0,0,0,0,0,0,0,0
zeYD8_RXrrA,11,19.8,21.64,"Porra, tem que dar merda na minha jungle, mano.",0,0,,,0,0,0,0,0,0,0,0
zeYD8_RXrrA,12,24.49,26.11,Só a caçadinha vai mid. Vou fazer isso mesmo.,0,0,,,0,0,0,0,0,0,0,0
zeYD8_RXrrA,13,27.15,27.97,Eu sou um outro...,0,0,,,0,0,0,0,0,0,0,0
zeYD8_RXrrA,14,27.97,29.61,"Eu vou do mid, tá louco? Será que eu vou descer?",0,0,,,0,0,0,0,0,0,0,0
zeYD8_RXrrA,15,29.75,31.45,"Puta que pariu. E ó, que agomax.",1,1,puta,xingamentos_genero,0,0,0,0,1,0,0,0
zeYD8_RXrrA,16,32.05,41.59,agora que eu faço o que agora eu vou ter que dormir de mesmo não tenho culpa de nada entendeu,0,0,,,0,0,0,0,0,0,0,0
zeYD8_RXrrA,17,41.59,47.17,o general antes é mandou um salve a com salve então pude um salve então por onde Zé tá bom,0,0,,,0,0,0,0,0,0,0,0
zeYD8_RXrrA,18,47.17,57.1,é nós juntasse mano salve tudo aí isso não vai você vai para minha conta aqui para dormir de,0,0,,,0,0,0,0,0,0,0,0
zeYD8_RXrrA,19,57.1,61.42,outro tá eu que se minha conta é muito fácil vai bamba tá minha conta boa até mas o foda,0,0,,,0,0,0,0,0,0,0,0
zeYD8_RXrrA,20,61.42,63.34,Foda que não tenha descido essa quantia,0,0,,,0,0,0,0,0,0,0,0
zeYD8_RXrrA,21,63.34,66.52,"X9k, XD, é nóis",0,0,,,0,0,0,0,0,0,0,0
zeYD8_RXrrA,22,66.52,67.8,"Banner, banner",0,0,,,0,0,0,0,0,0,0,0
zeYD8_RXrrA,23,67.8,69.48,"Dá banner minha pica, é isso, o random",1,1,pica,sexual_degradante,0,0,1,0,0,0,0,0
zeYD8_RXrrA,24,69.48,71.74,"Liga do cred, já disse que ele é random",0,0,,,0,0,0,0,0,0,0,0
zeYD8_RXrrA,25,71.74,72.64,Ok,0,0,,,0,0,0,0,0,0,0,0
zeYD8_RXrrA,26,72.64,75.0,É só tu e bot,0,0,,,0,0,0,0,0,0,0,0
zeYD8_RXrrA,27,75.0,77.56,"Vai ser do mid aqui, mano",0,0,,,0,0,0,0,0,0,0,0
zeYD8_RXrrA,28,77.56,80.0,"Vai do mid chamar a Aurea, pô",0,0,,,0,0,0,0,0,0,0,0
zeYD8_RXrrA,29,80.0,81.56,"O Pidgey, ele deve tá felizassa",0,0,,,0,0,0,0,0,0,0,0
zeYD8_RXrrA,30,81.56,83.36,"Agora o Pidgey aqui, né, que eu tô tentando o game",0,0,,,0,0,0,0,0,0,0,0
zeYD8_RXrrA,31,83.36,86.48,"Ai, meu Deus, galera",0,0,,,0,0,0,0,0,0,0,0
zeYD8_RXrrA,32,86.48,89.18,"O Pidgey aqui, zudo",0,0,,,0,0,0,0,0,0,0,0
zeYD8_RXrrA,33,89.18,91.74,"Relaxa que eu não sou o Tomoban, tá, Mac?",0,0,,,0,0,0,0,0,0,0,0
zeYD8_RXrrA,34,91.94,92.3,Beleza,0,0,,,0,0,0,0,0,0,0,0
zeYD8_RXrrA,35,92.3,95.78,"Mano, se tivesse como eBot",0,0,,,0,0,0,0,0,0,0,0
zeYD8_RXrrA,36,95.78,97.46,"Eu ia bot, tá ligado? Mas não tem como eBot",0,0,,,0,0,0,0,0,0,0,0
zeYD8_RXrrA,37,97.46,99.9,Tem que jogar um game na maior de caçadinho,0,0,,,0,0,0,0,0,0,0,0
zeYD8_RXrrA,38,99.9,101.5,"Mano, só velado assim, pega porra da minha lane",0,0,,,0,0,0,0,0,0,0,0
zeYD8_RXrrA,39,101.5,104.44,"Pede pra mim o DC aí, eu tô jogando a minha rola de boas",0,0,,,0,0,0,0,0,0,0,0
zeYD8_RXrrA,40,104.44,106.04,Pior que agora mesmo se ele for bot,0,0,,,0,0,0,0,0,0,0,0
zeYD8_RXrrA,41,106.04,107.36,"O que ele fez acabou no mid já, né?",0,0,,,0,0,0,0,0,0,0,0
zeYD8_RXrrA,42,107.42,110.18,"Tô levando um level já do Divisor de Espelha, ele fez inteira",0,0,,,0,0,0,0,0,0,0,0
zeYD8_RXrrA,43,110.18,112.02,"Nossa, o PGI tá true em todo game, cara",0,0,,,0,0,0,0,0,0,0,0
zeYD8_RXrrA,44,112.02,113.46,"Se eu for eBot ganhar o jogo, mano",0,0,,,0,0,0,0,0,0,0,0
zeYD8_RXrrA,45,113.46,115.66,Compensa? Será o eBot vencer a partida?,0,0,,,0,0,0,0,0,0,0,0
zeYD8_RXrrA,46,116.92,118.0,Eu vou tentar eBot vencer,0,0,,,0,0,0,0,0,0,0,0
zeYD8_RXrrA,47,118.0,118.8,"Essa bomba aqui, bora",0,0,,,0,0,0,0,0,0,0,0
zeYD8_RXrrA,48,118.8,151.16,"Ok, ADC, caça de embalo de champion, esse ali é um crachaço, animal, caralho, que ponto, tem um gota, cara, eu falo só em bachatô, hein, o cara pensa de gota, eu vou falar em bachatô de caça a dof, mano, bom, é isso, né, dois, dois bons seguidos tomaram, não, acho que não, eu fui em bot agora, tomar esses bons pra minha conta aqui vai ficar louco, mano, isso aí é meio bizarro, mano, minha conta chega no pé dos 1kpd, levar a boa, isso aí tá louco, mano, se essa minha conta levar a boa, acabou, eu vou aceitar,",1,1,caralho,sexual_degradante,0,0,1,0,0,0,0,0
zeYD8_RXrrA,49,151.16,153.4,"Será que eu vou terminar a scissor sem conta mesmo ou pra outra não, mano?",0,0,,,0,0,0,0,0,0,0,0
zeYD8_RXrrA,50,153.6,155.56,"Pior que eu vou levar Pema Freezer aqui, mas...",0,0,,,0,0,0,0,0,0,0,0
zeYD8_RXrrA,51,155.56,158.12,"Mano, eu só vou jogar esse game aqui porque eu tô contra o P-Jack.",0,0,,,0,0,0,0,0,0,0,0
zeYD8_RXrrA,52,158.32,160.48,"Tipo assim, eu odeio o P-Jack, mano.",0,0,,,0,0,0,0,0,0,0,0
zeYD8_RXrrA,53,161.32,162.92,"Ele é podre de ruim, todo jogo ele entra, mano.",0,0,,,0,0,0,0,0,0,0,0
zeYD8_RXrrA,54,163.64,166.48,"Então como eu sei que ele vai entrar a partida, que ele é podre de ruim, um faveladaço.",0,0,,,0,0,0,0,0,0,0,0
zeYD8_RXrrA,55,167.28,170.58,"Vou jogar aqui, vou levar 50 CS aqui, mas eu vou ganhar o game também.",0,0,,,0,0,0,0,0,0,0,0
zeYD8_RXrrA,56,174.94,175.72,"E aí, rapaziada?",0,0,,,0,0,0,0,0,0,0,0
zeYD8_RXrrA,57,175.74,176.82,Vou deixar eu morrer aqui.,0,0,,,0,0,0,0,0,0,0,0
zeYD8_RXrrA,58,177.6,178.96,E a cara não quer me shieldar.,0,0,,,0,0,0,0,0,0,0,0
zeYD8_RXrrA,59,183.26,186.7,"Meu Deus, eu perdi isso, cara!",0,0,,,0,0,0,0,0,0,0,0
zeYD8_RXrrA,60,186.7,187.5,"Quase demais, beleza.",0,0,,,0,0,0,0,0,0,0,0
zeYD8_RXrrA,61,187.5,189.22,E agora?,0,0,,,0,0,0,0,0,0,0,0
zeYD8_RXrrA,62,190.04,191.24,"Ele vai ficar boa pra mim? Não, né?",0,0,,,0,0,0,0,0,0,0,0
zeYD8_RXrrA,63,191.24,193.9,"Não posso ficar aqui, minha vida tá meio close",0,0,,,0,0,0,0,0,0,0,0
zeYD8_RXrrA,64,193.9,195.58,Beleza,0,0,,,0,0,0,0,0,0,0,0
zeYD8_RXrrA,65,195.58,197.54,Deu merda?,0,0,,,0,0,0,0,0,0,0,0
zeYD8_RXrrA,66,197.6,198.16,"Não deu merda nada, né?",0,0,,,0,0,0,0,0,0,0,0
zeYD8_RXrrA,67,198.6,200.02,Ou pra eles,0,0,,,0,0,0,0,0,0,0,0
zeYD8_RXrrA,68,200.02,203.58,"Cara, como é que pode? Acho que eu vou ganhar um game assim, mano",0,0,,,0,0,0,0,0,0,0,0
zeYD8_RXrrA,69,203.58,205.62,"E ficar cacete a descer, cara, meu Deus",0,0,,,0,0,0,0,0,0,0,0
zeYD8_RXrrA,70,205.62,207.32,"Eu não posso ir, pode dar a volta em mim",0,0,,,0,0,0,0,0,0,0,0
zeYD8_RXrrA,71,207.32,209.46,"Eu morrer, né? Isso pode acontecer, mas eu vou riscar aqui",0,0,,,0,0,0,0,0,0,0,0
zeYD8_RXrrA,72,209.46,215.87,"Se eu morrer, foda-se",0,0,,,0,0,0,0,0,0,0,0
zeYD8_RXrrA,73,215.87,217.55,"Cara, ele deu o bem nessa wave, cara",0,0,,,0,0,0,0,0,0,0,0
zeYD8_RXrrA,74,217.55,219.67,"Que porra é essa, mano?",0,0,,,0,0,0,0,0,0,0,0
zeYD8_RXrrA,75,220.31,221.87,"Luta aí, luta aí, luta aí, luta aí",0,0,,,0,0,0,0,0,0,0,0
zeYD8_RXrrA,76,221.87,224.43,Aí deu bem mesmo,0,0,,,0,0,0,0,0,0,0,0
zeYD8_RXrrA,77,224.43,237.36,Viet.xyz mandou 2 reais,0,0,,,0,0,0,0,0,0,0,0
zeYD8_RXrrA,78,237.36,237.88,Tá o negócio,0,0,,,0,0,0,0,0,0,0,0
zeYD8_RXrrA,79,237.88,240.42,"Pô cara, melhorei pra caralho de caça-dolas",1,1,caralho,sexual_degradante,0,0,1,0,0,0,0,0
zeYD8_RXrrA,80,240.42,241.8,Obrigado pelo diazudo,0,0,,,0,0,0,0,0,0,0,0
zeYD8_RXrrA,81,241.8,243.76,"É, nós estamos juntos, mano",0,0,,,0,0,0,0,0,0,0,0
zeYD8_RXrrA,82,243.76,244.62,"É nós, estamos juntas",0,0,,,0,0,0,0,0,0,0,0
zeYD8_RXrrA,83,244.62,249.52,Eu só dou sem zero,0,0,,,0,0,0,0,0,0,0,0
zeYD8_RXrrA,84,249.52,251.2,Nem por causa que não tem ulti ainda pra botar aí,0,0,,,0,0,0,0,0,0,0,0
zeYD8_RXrrA,85,251.2,252.48,Eu tentei meu pós-spy,0,0,,,0,0,0,0,0,0,0,0
zeYD8_RXrrA,86,252.48,253.4,Mas levou lenço aqui agora,0,0,,,0,0,0,0,0,0,0,0
zeYD8_RXrrA,87,253.4,254.42,Senão fica muito ruim de jogar,0,0,,,0,0,0,0,0,0,0,0
zeYD8_RXrrA,88,254.42,256.72,"Ô meu Deus, essa torre foi god",0,0,,,0,0,0,0,0,0,0,0
zeYD8_RXrrA,89,256.72,258.28,"Valeu, levou torre, god",0,0,,,0,0,0,0,0,0,0,0
zeYD8_RXrrA,90,258.28,259.76,"Cara, eu pedi essa estupida",0,0,,,0,0,0,0,0,0,0,0
zeYD8_RXrrA,91,259.76,266.46,"Cara, olha a build dos caras, mano",0,0,,,0,0,0,0,0,0,0,0
zeYD8_RXrrA,92,266.46,267.24,"Que isso, mano",0,0,,,0,0,0,0,0,0,0,0
zeYD8_RXrrA,93,267.24,270.44,Já sabe que esse cara aqui um tempo atrás,0,0,,,0,0,0,0,0,0,0,0
zeYD8_RXrrA,94,270.44,271.32,Já sabe que ele é script,0,0,,,0,0,0,0,0,0,0,0
zeYD8_RXrrA,95,271.32,273.04,Não sei hoje em dia,0,0,,,0,0,0,0,0,0,0,0
zeYD8_RXrrA,96,273.04,274.64,"Caralho, mano",1,1,caralho,sexual_degradante,0,0,1,0,0,0,0,0
zeYD8_RXrrA,97,274.64,281.11,"Doar aqui também, né",0,0,,,0,0,0,0,0,0,0,0
zeYD8_RXrrA,98,281.11,282.97,"É nóis, mano, velho, tamo junto, tá, segucho",0,0,,,0,0,0,0,0,0,0,0
zeYD8_RXrrA,99,282.97,285.73,"Mandando dinheiro pros judeus, tá bom",0,0,,,0,0,0,0,0,0,0,0
zeYD8_RXrrA,100,285.73,287.67,Mandando dinheiro pros judeus,0,0,,,0,0,0,0,0,0,0,0
zeYD8_RXrrA,101,287.67,288.43,"É nóis, tamo junto",0,0,,,0,0,0,0,0,0,0,0
zeYD8_RXrrA,102,288.43,295.34,"Meu Deus, cara",0,0,,,0,0,0,0,0,0,0,0
zeYD8_RXrrA,103,295.34,297.46,"Eu apertei o botão errado, cara",0,0,,,0,0,0,0,0,0,0,0
zeYD8_RXrrA,104,297.46,299.92,"Eu matava esse cara 100%, cara",0,0,,,0,0,0,0,0,0,0,0
zeYD8_RXrrA,105,299.92,301.6,"Ai, meu Deus",0,0,,,0,0,0,0,0,0,0,0
zeYD8_RXrrA,106,301.6,303.6,"Esse cara é podre, mano",0,0,,,0,0,0,0,0,0,0,0
zeYD8_RXrrA,107,303.6,304.36,Podre,0,0,,,0,0,0,0,0,0,0,0
zeYD8_RXrrA,108,304.36,309.72,"Cara, você tava morto, cara",0,0,,,0,0,0,0,0,0,0,0
zeYD8_RXrrA,109,309.72,311.96,"Ai, meu Deus, cara, eu flechei sem querer",0,0,,,0,0,0,0,0,0,0,0
zeYD8_RXrrA,110,311.96,313.04,"Dedo obeso, mano",0,0,,,0,0,0,0,0,0,0,0
zeYD8_RXrrA,111,313.04,315.94,"Cara, não tem uma pochamia que eu não tenha um",0,0,,,0,0,0,0,0,0,0,0
zeYD8_RXrrA,112,315.94,318.16,Fleche com dedo obeso,0,0,,,0,0,0,0,0,0,0,0
zeYD8_RXrrA,113,318.16,320.28,"Cara, tá foda, é culpa dos caras",0,0,,,0,0,0,0,0,0,0,0
zeYD8_RXrrA,114,320.28,322.12,"Tá bem ninja aqui, na real",0,0,,,0,0,0,0,0,0,0,0
zeYD8_RXrrA,115,322.12,323.26,"Tá bem ninja aqui, parece um bom item",0,0,,,0,0,0,0,0,0,0,0
zeYD8_RXrrA,116,323.26,326.26,"Fica dando pelo 10-1, qual o patch em bolsa",0,0,,,0,0,0,0,0,0,0,0
zeYD8_RXrrA,117,326.26,327.08,Que eu dou pra ajudar ou não,0,0,,,0,0,0,0,0,0,0,0
zeYD8_RXrrA,118,327.08,328.6,"É, mandando mais 10 reais, né, negão",0,0,,,0,0,0,0,0,0,0,0
zeYD8_RXrrA,119,328.6,331.0,"Mano, eu peguei o GG, tô no fixado, mano",0,0,,,0,0,0,0,0,0,0,0
zeYD8_RXrrA,120,331.0,333.56,"Mas é nóis, tamo de um taça aí, uma paixa vai pra mim também",0,0,,,0,0,0,0,0,0,0,0
zeYD8_RXrrA,121,333.56,347.04,"O que você tá fazendo, cara?",0,0,,,0,0,0,0,0,0,0,0
zeYD8_RXrrA,122,350.77,351.47,"Shield, please",0,0,,,0,0,0,0,0,0,0,0
zeYD8_RXrrA,123,351.47,353.07,"Tá bom, matei os três",0,0,,,0,0,0,0,0,0,0,0
zeYD8_RXrrA,124,353.07,354.87,"Eu voltei bem pro game, Zudo",0,0,,,0,0,0,0,0,0,0,0
zeYD8_RXrrA,125,354.87,358.01,"Eu acho que meio atravessou essa desgraçada imunda aqui, né?",0,0,,,0,0,0,0,0,0,0,0
zeYD8_RXrrA,126,358.41,360.01,"Mano, a gente não mata o cara aqui não, mano",0,0,,,0,0,0,0,0,0,0,0
zeYD8_RXrrA,127,360.01,361.63,"E pode fazer 2x1, cuidado",0,0,,,0,0,0,0,0,0,0,0
zeYD8_RXrrA,128,361.63,362.33,Que o cara me empetou,0,0,,,0,0,0,0,0,0,0,0
zeYD8_RXrrA,129,362.33,371.59,"Faz empetão, Zudo!",0,0,,,0,0,0,0,0,0,0,0
zeYD8_RXrrA,130,375.79,377.61,"Pijé 0x7, ele é podre mesmo",0,0,,,0,0,0,0,0,0,0,0
zeYD8_RXrrA,131,377.61,380.23,"TP ruim, cara?",0,0,,,0,0,0,0,0,0,0,0
zeYD8_RXrrA,132,380.27,381.77,"O que você tá fazendo com esse TP podre, mano?",0,0,,,0,0,0,0,0,0,0,0
zeYD8_RXrrA,133,381.77,384.17,"Tá louco, mano",0,0,,,0,0,0,0,0,0,0,0
zeYD8_RXrrA,134,384.17,385.49,"Que TP asqueroso, mano",0,0,,,0,0,0,0,0,0,0,0
zeYD8_RXrrA,135,385.49,390.43,"Eu não tenho um R pra compensar a play sua, não, mano.",0,0,,,0,0,0,0,0,0,0,0
zeYD8_RXrrA,136,390.93,391.43,Será que eu tenho?,0,0,,,0,0,0,0,0,0,0,0
zeYD8_RXrrA,137,392.15,392.87,"Será que eu tenho, Zan?",0,0,,,0,0,0,0,0,0,0,0
zeYD8_RXrrA,138,399.76,400.98,"Eu joguei mal aqui, mano.",0,0,,,0,0,0,0,0,0,0,0
zeYD8_RXrrA,139,401.04,402.6,"Porque o meu Q deu visão pra ele, eu acho.",0,0,,,0,0,0,0,0,0,0,0
zeYD8_RXrrA,140,402.76,404.82,"Mas esse TP da cara foi ruim no geral também, tá vendo?",0,0,,,0,0,0,0,0,0,0,0
zeYD8_RXrrA,141,406.34,409.5,"Assim, mesmo se a gente matasse aquele cara, eu não morreria.",0,0,,,0,0,0,0,0,0,0,0
zeYD8_RXrrA,142,410.78,412.2,"Cara, o cara não se matou aqui, não?",0,0,,,0,0,0,0,0,0,0,0
zeYD8_RXrrA,143,413.1,413.88,"Ah, xD.",0,0,,,0,0,0,0,0,0,0,0
zeYD8_RXrrA,144,415.34,415.94,Outro nível.,0,0,,,0,0,0,0,0,0,0,0
zeYD8_RXrrA,145,416.76,418.42,"Ah, deixa aqui pra mim, eu sou pedaço.",0,0,,,0,0,0,0,0,0,0,0
zeYD8_RXrrA,146,419.14,420.16,"Vai no cu, mano.",0,0,,,0,0,0,0,0,0,0,0
zeYD8_RXrrA,147,421.44,421.98,"Malditos, cara.",0,0,,,0,0,0,0,0,0,0,0
zeYD8_RXrrA,148,421.98,435.98,e tem problema assim tem que só subir cara aqui mano deixa aqui o beleza é bom mesmo quando esse,0,0,,,0,0,0,0,0,0,0,0
zeYD8_RXrrA,149,435.98,441.62,cara mongol pegar o caso leite mas o caso leite você mando o que eu sou todos o leite com a meu,0,0,,,0,0,0,0,0,0,0,0
zeYD8_RXrrA,150,441.62,447.2,Deus para minha mente não cara não aguento daqui não mas o caso leite o caso leite ele que vai,0,0,,,0,0,0,0,0,0,0,0
zeYD8_RXrrA,151,447.2,455.23,estar o próximo depois o leite o que foi aí que nem eu falei eu vou entrar ninguém para o cara,0,0,,,0,0,0,0,0,0,0,0
zeYD8_RXrrA,152,455.23,457.39,Betis mandou 100 reais,0,0,,,0,0,0,0,0,0,0,0
zeYD8_RXrrA,153,457.39,458.87,Pede um lanche lá,0,0,,,0,0,0,0,0,0,0,0
zeYD8_RXrrA,154,458.87,460.81,"Caralho, meu, de que porra é essa?",1,1,caralho,sexual_degradante,0,0,1,0,0,0,0,0
zeYD8_RXrrA,155,460.89,463.21,"Que isso? O cara mandou 500 dólares, mano",0,0,,,0,0,0,0,0,0,0,0
zeYD8_RXrrA,156,463.21,465.27,O cara mandou 500 dólares,0,0,,,0,0,0,0,0,0,0,0
zeYD8_RXrrA,157,465.27,466.15,"Zudo, dei fudeu",0,0,,,0,0,0,0,0,0,0,0
zeYD8_RXrrA,158,466.15,467.77,"Meu Deus, parou, parou",0,0,,,0,0,0,0,0,0,0,0
zeYD8_RXrrA,159,467.77,470.25,"Caralho, tamo juntasso, mano",1,1,caralho,sexual_degradante,0,0,1,0,0,0,0,0
zeYD8_RXrrA,160,470.25,471.65,"O cara mandou 100 zudos, beleza?",0,0,,,0,0,0,0,0,0,0,0
zeYD8_RXrrA,161,472.95,474.89,"O cara mandou 100 zudos pra nós, obrigado pela moral",0,0,,,0,0,0,0,0,0,0,0
zeYD8_RXrrA,162,474.89,476.05,"Tá bom, é nóis, tamo junto, mano",0,0,,,0,0,0,0,0,0,0,0
zeYD8_RXrrA,163,476.05,477.63,O cara mandou 100 zudos,0,0,,,0,0,0,0,0,0,0,0
zeYD8_RXrrA,164,477.63,481.03,"Mano, eu falei 500 porque eu tava lembrando daquele jogo",0,0,,,0,0,0,0,0,0,0,0
zeYD8_RXrrA,165,481.03,482.91,Onde que eu fingi que eu ganhei,0,0,,,0,0,0,0,0,0,0,0
zeYD8_RXrrA,166,482.91,484.47,"500 reais pra colocar o camisa 10, tá bom?",0,0,,,0,0,0,0,0,0,0,0
zeYD8_RXrrA,167,485.23,488.01,"Cara, mano, pra tu ver, a lavagem de trabalho que eu fiz foi tão grande",0,0,,,0,0,0,0,0,0,0,0
zeYD8_RXrrA,168,488.01,490.01,"que até agora eu tô pensando naquele jogo lá, tá bom?",0,0,,,0,0,0,0,0,0,0,0
zeYD8_RXrrA,169,490.35,491.65,"Mas, ô, velho, tamo juntasso, mano.",0,0,,,0,0,0,0,0,0,0,0
zeYD8_RXrrA,170,492.13,493.71,"Brigadão pelos cem reais, tá bom?",0,0,,,0,0,0,0,0,0,0,0
zeYD8_RXrrA,171,494.39,495.77,"Hoje vai ter a janta, é nóis.",0,0,,,0,0,0,0,0,0,0,0
zeYD8_RXrrA,172,495.85,496.89,"Tamo junto, tamo junto, mano.",0,0,,,0,0,0,0,0,0,0,0
zeYD8_RXrrA,173,497.59,498.39,"Olha pra lá, mano, ajuda aí.",0,0,,,0,0,0,0,0,0,0,0
zeYD8_RXrrA,174,498.43,499.25,"Tamo junto, mano, é nóis, mano.",0,0,,,0,0,0,0,0,0,0,0
zeYD8_RXrrA,175,499.47,500.97,"Eu andar aqui é meio estranho, né?",0,0,,,0,0,0,0,0,0,0,0
zeYD8_RXrrA,176,501.05,502.21,"Eu vou pegar só a visão aqui, ó.",0,0,,,0,0,0,0,0,0,0,0
zeYD8_RXrrA,177,506.11,508.43,"Encontrei o P-Jack aqui favelando, querendo um favelado mesmo.",0,0,,,0,0,0,0,0,0,0,0
zeYD8_RXrrA,178,508.55,509.33,"Matei ele, ok.",0,0,,,0,0,0,0,0,0,0,0
zeYD8_RXrrA,179,509.81,512.11,"Cara, por isso que eu falei que a assadinha é broke só no Brasil.",0,0,,,0,0,0,0,0,0,0,0
zeYD8_RXrrA,180,512.23,514.01,"Só que brasileiros caçam tudo pedaço, cara.",0,0,,,0,0,0,0,0,0,0,0
zeYD8_RXrrA,181,514.15,514.49,O que é isso aqui?,0,0,,,0,0,0,0,0,0,0,0
zeYD8_RXrrA,182,515.25,516.27,"Isso aqui existe, cara?",0,0,,,0,0,0,0,0,0,0,0
zeYD8_RXrrA,183,516.27,521.51,que é isso mano morrer aqui mano eu tenho horas aqui,0,0,,,0,0,0,0,0,0,0,0
zeYD8_RXrrA,184,521.51,540.72,vai se fuder cara eu sei vivo mano betis mandou 69 reais ou não quer melhorar o,0,0,,,0,0,0,0,0,0,0,0
zeYD8_RXrrA,185,540.72,547.8,rio reais parou o que é isso mano não realmente acho que eu vou querer souber,0,0,,,0,0,0,0,0,0,0,0
zeYD8_RXrrA,186,547.8,550.38,Eu ganhei 2 mil reais,0,0,,,0,0,0,0,0,0,0,0
zeYD8_RXrrA,187,550.38,551.92,Mas é nóis,0,0,,,0,0,0,0,0,0,0,0
zeYD8_RXrrA,188,551.92,554.08,É nóis,0,0,,,0,0,0,0,0,0,0,0
zeYD8_RXrrA,189,554.08,556.34,"Caralho, é nóis",1,1,caralho,sexual_degradante,0,0,1,0,0,0,0,0
zeYD8_RXrrA,190,556.34,557.86,"Pagou a janta demais hoje, mano",0,0,,,0,0,0,0,0,0,0,0
zeYD8_RXrrA,191,557.86,560.14,"Hoje, mano, vou ter que jantar pequeno",0,0,,,0,0,0,0,0,0,0,0
zeYD8_RXrrA,192,560.14,562.04,"Pagou demais a janta, tamo junto",0,0,,,0,0,0,0,0,0,0,0
zeYD8_RXrrA,193,562.04,563.82,"É nóis, mano",0,0,,,0,0,0,0,0,0,0,0
zeYD8_RXrrA,194,563.82,565.94,"É nóis, tamo junto",0,0,,,0,0,0,0,0,0,0,0
zeYD8_RXrrA,195,565.94,566.72,"É nóis, mano",0,0,,,0,0,0,0,0,0,0,0
zeYD8_RXrrA,196,566.72,575.6,"Que que esse cara tá fazendo de Wukong, cara",0,0,,,0,0,0,0,0,0,0,0
zeYD8_RXrrA,197,575.6,577.34,"Que isso, que apenas são zuda, mano",0,0,,,0,0,0,0,0,0,0,0
zeYD8_RXrrA,198,577.34,593.64,"E deu merda, mano",0,0,,,0,0,0,0,0,0,0,0
zeYD8_RXrrA,199,593.64,594.24,"Deu merda, hein",0,0,,,0,0,0,0,0,0,0,0
zeYD8_RXrrA,200,594.24,596.6,"Ai, meu Deus, fui esculpido",0,0,,,0,0,0,0,0,0,0,0
zeYD8_RXrrA,201,596.6,600.12,"Caralho, que eu mandei 50 reais, o que que é isso?",1,1,caralho,sexual_degradante,0,0,1,0,0,0,0,0
zeYD8_RXrrA,202,601.46,602.84,"Caralho, mano, ô louco",1,1,caralho,sexual_degradante,0,0,1,0,0,0,0,0
zeYD8_RXrrA,203,602.84,605.32,"Pings até você perder isso logo, ô louco",0,0,,,0,0,0,0,0,0,0,0
zeYD8_RXrrA,204,605.32,607.02,"Não, isso aqui é vitória, não zica, beleza",0,0,,,0,0,0,0,0,0,0,0
zeYD8_RXrrA,205,607.02,609.42,"Não, isso aqui é pra você perder, cara, nem se, mano",0,0,,,0,0,0,0,0,0,0,0
zeYD8_RXrrA,206,609.42,612.86,"Cara, eu acho que é mais fácil o Hitler voltar do que eu perder essa partida aqui",0,0,,,0,0,0,0,0,0,0,0
zeYD8_RXrrA,207,612.86,614.06,"Eu sei mesmo, cara, não tem como perder isso aqui, mano",0,0,,,0,0,0,0,0,0,0,0
zeYD8_RXrrA,208,614.06,617.78,Eu não sei se cair a CVNest dos quadros do meu time cair agora,0,0,,,0,0,0,0,0,0,0,0
zeYD8_RXrrA,209,617.78,622.12,"Ai, meu Deus, cara, pior quando eu venço meu clube principal, eu fico muito feliz, cara",0,0,,,0,0,0,0,0,0,0,0
zeYD8_RXrrA,210,622.12,622.7,"Tá louco, mano",0,0,,,0,0,0,0,0,0,0,0
zeYD8_RXrrA,211,622.7,624.6,"Como é que pode, cara?",0,0,,,0,0,0,0,0,0,0,0
zeYD8_RXrrA,212,625.7,627.2,"X9 caçadinho, eu tô animal",0,0,,,0,0,0,0,0,0,0,0
zeYD8_RXrrA,213,627.2,629.46,"Eu fui bot, eu fui bot do IPDL",0,0,,,0,0,0,0,0,0,0,0
zeYD8_RXrrA,214,629.46,635.84,Eu agitei que nem um faveladazo,0,0,,,0,0,0,0,0,0,0,0
zeYD8_RXrrA,215,635.84,636.8,Meu Deus,0,0,,,0,0,0,0,0,0,0,0
7iO7Ygle6sE,1,3.5,5.1,"Tá bom, tá bom, foda-se.",0,0,,,0,0,0,0,0,0,0,0
7iO7Ygle6sE,2,5.2,5.74,Eu sou um guardião.,0,0,,,0,0,0,0,0,0,0,0
7iO7Ygle6sE,3,15.71,16.75,Um guardião é muito sup...,0,0,,,0,0,0,0,0,0,0,0
7iO7Ygle6sE,4,16.75,17.29,Eu falei.,0,0,,,0,0,0,0,0,0,0,0
7iO7Ygle6sE,5,17.83,18.25,"Oi, mano.",0,0,,,0,0,0,0,0,0,0,0
7iO7Ygle6sE,6,18.35,19.41,"Nem cheguei, eu sou um guardião.",0,0,,,0,0,0,0,0,0,0,0
7iO7Ygle6sE,7,19.55,20.53,Não tem como eu poder fight.,0,0,,,0,0,0,0,0,0,0,0
7iO7Ygle6sE,8,21.53,22.17,"Ai, meu Deus.",0,0,,,0,0,0,0,0,0,0,0
7iO7Ygle6sE,9,22.21,23.05,"Eu tô vendo, meu Deus, cara.",0,0,,,0,0,0,0,0,0,0,0
7iO7Ygle6sE,10,23.09,23.31,Meu Deus.,0,0,,,0,0,0,0,0,0,0,0
7iO7Ygle6sE,11,23.41,24.31,"Para, para, para, para.",0,0,,,0,0,0,0,0,0,0,0
7iO7Ygle6sE,12,24.33,24.95,"Não quero mais game assim, não.",0,0,,,0,0,0,0,0,0,0,0
7iO7Ygle6sE,13,24.99,25.37,"Pera aí, meu Deus.",0,0,,,0,0,0,0,0,0,0,0
7iO7Ygle6sE,14,33.06,33.8,"Meu Deus, cara.",0,0,,,0,0,0,0,0,0,0,0
7iO7Ygle6sE,15,33.8,34.78,Eu sou muito sup...,0,0,,,0,0,0,0,0,0,0,0
7iO7Ygle6sE,16,34.78,35.76,"Mano, você tá louco, mano.",0,0,,,0,0,0,0,0,0,0,0
7iO7Ygle6sE,17,37.04,37.78,Nossa senhora.,0,0,,,0,0,0,0,0,0,0,0
7iO7Ygle6sE,18,38.44,39.66,"Cara, o make pode existir, mano.",0,0,,,0,0,0,0,0,0,0,0
7iO7Ygle6sE,19,39.7,40.32,"Que isso, cara?",0,0,,,0,0,0,0,0,0,0,0
7iO7Ygle6sE,20,40.36,40.7,Que isso?,0,0,,,0,0,0,0,0,0,0,0
7iO7Ygle6sE,21,40.72,41.18,É uma máquina.,0,0,,,0,0,0,0,0,0,0,0
7iO7Ygle6sE,22,41.38,42.26,"Nossa, metiu o Thor isso aqui.",0,0,,,0,0,0,0,0,0,0,0
7iO7Ygle6sE,23,42.34,43.22,"Você metiu o Thor, mano.",0,0,,,0,0,0,0,0,0,0,0
7iO7Ygle6sE,24,43.46,44.74,"Pô, bora esse cara lá e vê isso, hein, meme.",0,0,,,0,0,0,0,0,0,0,0
7iO7Ygle6sE,25,44.74,53.35,"Ai, pegou em mim",0,0,,,0,0,0,0,0,0,0,0
7iO7Ygle6sE,26,53.35,56.35,"Close, close",0,0,,,0,0,0,0,0,0,0,0
7iO7Ygle6sE,27,56.35,59.09,"Nossa, travadora é essa, mano",0,0,,,0,0,0,0,0,0,0,0
7iO7Ygle6sE,28,59.09,59.93,Esse meu tá morrendo,0,0,,,0,0,0,0,0,0,0,0
7iO7Ygle6sE,29,59.93,60.55,Ok,0,0,,,0,0,0,0,0,0,0,0
7iO7Ygle6sE,30,60.55,64.8,"Calma aí, mano",0,0,,,0,0,0,0,0,0,0,0
7iO7Ygle6sE,31,64.8,66.42,"Se eu for ser Hitler, eu só ganho nesse nível",0,0,,,0,0,0,0,0,0,0,0
7iO7Ygle6sE,32,66.42,68.52,"Se eu pegar esse mini aqui, eu tô clean zudo",0,0,,,0,0,0,0,0,0,0,0
7iO7Ygle6sE,33,68.52,70.3,"Tá bom, vou pegar B aqui, mano",0,0,,,0,0,0,0,0,0,0,0
7iO7Ygle6sE,34,70.3,71.96,"Se eu cesse, vai estar melhor aí, mano",0,0,,,0,0,0,0,0,0,0,0
7iO7Ygle6sE,35,71.96,74.4,O cara pegou um décimo em comigo de top spot,0,0,,,0,0,0,0,0,0,0,0
7iO7Ygle6sE,36,74.4,77.4,"Eu vou ficar aqui, na real, mano",0,0,,,0,0,0,0,0,0,0,0
7iO7Ygle6sE,37,77.4,78.44,Eu tô com uma podca ainda,0,0,,,0,0,0,0,0,0,0,0
7iO7Ygle6sE,38,78.44,80.96,"Eu posso ficar aqui bem tranquilo, é bazuda aqui",0,0,,,0,0,0,0,0,0,0,0
7iO7Ygle6sE,39,80.96,86.37,"Posso ficar aqui bem tranquilo, é bazuda",0,0,,,0,0,0,0,0,0,0,0
7iO7Ygle6sE,40,86.37,91.14,"Ai, meu pedo",0,0,,,0,0,0,0,0,0,0,0
7iO7Ygle6sE,41,91.14,93.24,Tanto que eu tô na migração,0,0,,,0,0,0,0,0,0,0,0
7iO7Ygle6sE,42,93.24,95.22,"Vou dar B aqui, o de catar, pô, eu sabia, né",0,0,,,0,0,0,0,0,0,0,0
7iO7Ygle6sE,43,95.22,97.24,Sabia que eu ia ter que me dar invasão,0,0,,,0,0,0,0,0,0,0,0
7iO7Ygle6sE,44,97.24,102.14,"Vou dar B, TP aqui, eu tô bem",0,0,,,0,0,0,0,0,0,0,0
7iO7Ygle6sE,45,102.14,104.08,"Olha, ele tá em Tafu Build agora",0,0,,,0,0,0,0,0,0,0,0
7iO7Ygle6sE,46,104.08,104.9,De bota fechada,0,0,,,0,0,0,0,0,0,0,0
7iO7Ygle6sE,47,104.9,107.18,"Ele tá em Tafu Build, deu merda, hein",0,0,,,0,0,0,0,0,0,0,0
7iO7Ygle6sE,48,107.18,111.84,"Pô, não peguei meu level 6",0,0,,,0,0,0,0,0,0,0,0
7iO7Ygle6sE,49,111.84,112.58,"Aqui, mano",0,0,,,0,0,0,0,0,0,0,0
7iO7Ygle6sE,50,112.58,115.54,"Peguei agora, tá bom",0,0,,,0,0,0,0,0,0,0,0
7iO7Ygle6sE,51,115.54,119.18,"Mas tá favelando, hein, mano",0,0,,,0,0,0,0,0,0,0,0
7iO7Ygle6sE,52,119.18,120.26,"Que isso, né, bucho",0,0,,,0,0,0,0,0,0,0,0
7iO7Ygle6sE,53,120.26,127.8,"Vai ter que flechar aqui, mano",0,0,,,0,0,0,0,0,0,0,0
7iO7Ygle6sE,54,127.8,131.33,"Você morreu aqui, né",0,0,,,0,0,0,0,0,0,0,0
7iO7Ygle6sE,55,131.33,149.52,"Tá louco, mano. Acabou com esse mecanica mesmo, que isso. Acerta o grep dele, mano.",0,0,,,0,0,0,0,0,0,0,0
7iO7Ygle6sE,56,149.52,155.52,"Nossa! Cara, aberração de Thresh, mano. Da favela, mano. Todo mundo é aberração,",0,0,,,0,0,0,0,0,0,0,0
7iO7Ygle6sE,57,155.52,160.52,"meu time aqui. Todo mundo é aberração, mano. É viado mesmo, cara. Os caras erram",1,1,viado,homofobia_misoginia,0,0,0,0,0,1,0,0
7iO7Ygle6sE,58,160.52,167.52,"tudo. Isso é muito ruim demais, mano. Dá grep no cara, lantera. Meu Deus! Vai, vai,",0,0,,,0,0,0,0,0,0,0,0
7iO7Ygle6sE,59,167.52,168.6,"Vai, vai, cara.",0,0,,,0,0,0,0,0,0,0,0
7iO7Ygle6sE,60,178.59,179.13,"Ai, meu.",0,0,,,0,0,0,0,0,0,0,0
7iO7Ygle6sE,61,179.55,180.65,"Ai, meu Deus, cara.",0,0,,,0,0,0,0,0,0,0,0
7iO7Ygle6sE,62,180.71,180.99,Meu Deus.,0,0,,,0,0,0,0,0,0,0,0
7iO7Ygle6sE,63,181.25,182.17,"Esse é muito ruim, mano.",0,0,,,0,0,0,0,0,0,0,0
7iO7Ygle6sE,64,183.13,184.21,"Mano, o cara não deu o...",0,0,,,0,0,0,0,0,0,0,0
7iO7Ygle6sE,65,184.21,185.81,"Vamos estressar, não.",0,0,,,0,0,0,0,0,0,0,0
7iO7Ygle6sE,66,185.85,186.05,Tá suave.,0,0,,,0,0,0,0,0,0,0,0
7iO7Ygle6sE,67,187.27,187.83,Tá suave.,0,0,,,0,0,0,0,0,0,0,0
7iO7Ygle6sE,68,189.57,190.11,Deu o...,0,0,,,0,0,0,0,0,0,0,0
7iO7Ygle6sE,69,190.11,190.71,"Tá suave, mano.",0,0,,,0,0,0,0,0,0,0,0
7iO7Ygle6sE,70,191.39,195.17,"Se eu usasse o Ignite, a gente matava o Kha'Zix, mas ele não quis usar o Ignite Zudu.",0,0,,,0,0,0,0,0,0,0,0
7iO7Ygle6sE,71,196.59,197.31,"Tá bom, acontece.",0,0,,,0,0,0,0,0,0,0,0
7iO7Ygle6sE,72,198.31,200.45,"Já fiz já o diagnóstico nele, tá sempre Zudu.",0,0,,,0,0,0,0,0,0,0,0
7iO7Ygle6sE,73,200.89,202.25,"Nossa, o cara entrou tudo, mano.",0,0,,,0,0,0,0,0,0,0,0
7iO7Ygle6sE,74,202.29,203.23,"Que porra é essa aqui, mano?",0,0,,,0,0,0,0,0,0,0,0
7iO7Ygle6sE,75,206.19,207.11,Todo mundo tá em Zudu.,0,0,,,0,0,0,0,0,0,0,0
7iO7Ygle6sE,76,207.33,207.63,Que agora?,0,0,,,0,0,0,0,0,0,0,0
7iO7Ygle6sE,77,207.73,207.89,Do que?,0,0,,,0,0,0,0,0,0,0,0
7iO7Ygle6sE,78,209.11,211.81,"Com o Zé Pézinho, não com o Zé Pézinho, pra ser podre, o Zé Pézinho morreu.",0,0,,,0,0,0,0,0,0,0,0
7iO7Ygle6sE,79,212.97,214.65,"O Zé Pézinho tem que ser muito viado, o Zé Pézinho, mano.",1,1,viado,homofobia_misoginia,0,0,0,0,0,1,0,0
7iO7Ygle6sE,80,217.14,218.86,"Cara, eu caí com o time Lone9, mano.",0,0,,,0,0,0,0,0,0,0,0
7iO7Ygle6sE,81,218.98,220.42,"Caí com o time Lone9 zuda aqui, mano.",0,0,,,0,0,0,0,0,0,0,0
7iO7Ygle6sE,82,221.1,223.18,"O cara tá indo do mid mesmo, geral tá indo do mid, foda-se.",0,0,,,0,0,0,0,0,0,0,0
7iO7Ygle6sE,83,227.84,229.34,"Cara, o cara não vai bot mesmo não, mano.",0,0,,,0,0,0,0,0,0,0,0
7iO7Ygle6sE,84,229.38,230.32,O cara quis me imitar mesmo.,0,0,,,0,0,0,0,0,0,0,0
7iO7Ygle6sE,85,231.94,233.06,"Eu tô provando aqui, né?",0,0,,,0,0,0,0,0,0,0,0
7iO7Ygle6sE,86,233.06,233.82,"Eu provo veneno, né, mano?",0,0,,,0,0,0,0,0,0,0,0
7iO7Ygle6sE,87,234.12,235.14,"Ele morreu, pra ser podre.",0,0,,,0,0,0,0,0,0,0,0
7iO7Ygle6sE,88,240.55,242.03,"Mas mata eu demais já, calma aí.",0,0,,,0,0,0,0,0,0,0,0
7iO7Ygle6sE,89,242.51,243.71,"Nossa, ele não morreu, mano.",0,0,,,0,0,0,0,0,0,0,0
7iO7Ygle6sE,90,244.57,246.31,"Ok, eu morro aqui, mano.",0,0,,,0,0,0,0,0,0,0,0
7iO7Ygle6sE,91,246.31,247.75,As vezes pode ter ult,0,0,,,0,0,0,0,0,0,0,0
7iO7Ygle6sE,92,247.75,248.47,Uou,0,0,,,0,0,0,0,0,0,0,0
7iO7Ygle6sE,93,248.47,251.27,"Uou, uou, uou",0,0,,,0,0,0,0,0,0,0,0
7iO7Ygle6sE,94,251.27,261.6,"Ah, eu errei, meu, você vilou, cara",0,0,,,0,0,0,0,0,0,0,0
7iO7Ygle6sE,95,261.6,263.46,"Meu Deus, mano",0,0,,,0,0,0,0,0,0,0,0
7iO7Ygle6sE,96,263.46,265.94,"Isso aqui tá pra Deus já, mano",0,0,,,0,0,0,0,0,0,0,0
7iO7Ygle6sE,97,265.94,267.58,Os caras tão,0,0,,,0,0,0,0,0,0,0,0
7iO7Ygle6sE,98,267.58,268.48,"Trau, pô",0,0,,,0,0,0,0,0,0,0,0
7iO7Ygle6sE,99,268.48,271.02,"Cara, quem tá trau é esse fudidão aqui, mano",0,0,,,0,0,0,0,0,0,0,0
7iO7Ygle6sE,100,271.02,272.92,"Vou ter que bot, caçadinho, quiser vencer o jogo, mano",0,0,,,0,0,0,0,0,0,0,0
7iO7Ygle6sE,101,272.92,275.08,"Pô, o cara tá em dual mid mesmo",0,0,,,0,0,0,0,0,0,0,0
7iO7Ygle6sE,102,275.08,276.58,"Ele foi estuprado, bosta em dual mid",0,0,,,0,0,0,0,0,0,0,0
7iO7Ygle6sE,103,276.58,279.84,"Tem que me pôr aqui, mano",0,0,,,0,0,0,0,0,0,0,0
7iO7Ygle6sE,104,279.84,289.57,"Nossa, eu guardei meu die, peguei aqui",0,0,,,0,0,0,0,0,0,0,0
7iO7Ygle6sE,105,289.57,290.41,Agora tem game zudo,0,0,,,0,0,0,0,0,0,0,0
7iO7Ygle6sE,106,290.41,292.89,"Agora tem game zudo aqui, guardei o merda, hein, mano",0,0,,,0,0,0,0,0,0,0,0
7iO7Ygle6sE,107,292.89,298.77,"Ah, bom, bora, bora, bora",0,0,,,0,0,0,0,0,0,0,0
7iO7Ygle6sE,108,298.77,300.49,"Agora tem game, agora tem game",0,0,,,0,0,0,0,0,0,0,0
7iO7Ygle6sE,109,300.49,303.97,"Pessoal, faz essa P do build todo jogo",0,0,,,0,0,0,0,0,0,0,0
7iO7Ygle6sE,110,303.97,304.91,Eu nunca vi o que é,0,0,,,0,0,0,0,0,0,0,0
7iO7Ygle6sE,111,304.91,306.03,"O que é bro, o que é champion",0,0,,,0,0,0,0,0,0,0,0
7iO7Ygle6sE,112,306.03,308.79,"A rua é muito podre, pô",0,0,,,0,0,0,0,0,0,0,0
7iO7Ygle6sE,113,308.79,309.59,"Agora sim, mano",0,0,,,0,0,0,0,0,0,0,0
7iO7Ygle6sE,114,309.59,312.05,Tem games tudo aqui,0,0,,,0,0,0,0,0,0,0,0
7iO7Ygle6sE,115,312.05,314.31,O cara tá realmente me dando a dente,0,0,,,0,0,0,0,0,0,0,0
7iO7Ygle6sE,116,314.31,317.07,"Não fui estuprado, não",0,0,,,0,0,0,0,0,0,0,0
7iO7Ygle6sE,117,317.07,318.83,Ou será que eu fui?,0,0,,,0,0,0,0,0,0,0,0
7iO7Ygle6sE,118,318.89,319.35,Acho que eu fui,0,0,,,0,0,0,0,0,0,0,0
7iO7Ygle6sE,119,319.35,323.97,"Ah, tá bom, gastou tudo",0,0,,,0,0,0,0,0,0,0,0
7iO7Ygle6sE,120,323.97,325.43,"Eu matei ele um por um, tá bom",0,0,,,0,0,0,0,0,0,0,0
7iO7Ygle6sE,121,325.43,327.51,"Que que é isso, cara?",0,0,,,0,0,0,0,0,0,0,0
7iO7Ygle6sE,122,327.51,328.69,O que é isso?,0,0,,,0,0,0,0,0,0,0,0
7iO7Ygle6sE,123,329.31,330.51,"Ele é pedulão demais, mano.",0,0,,,0,0,0,0,0,0,0,0
7iO7Ygle6sE,124,330.85,332.55,"Mano, meu...",0,0,,,0,0,0,0,0,0,0,0
7iO7Ygle6sE,125,332.55,332.97,XD,0,0,,,0,0,0,0,0,0,0,0
7iO7Ygle6sE,126,332.97,343.51,"É, tá bom.",0,0,,,0,0,0,0,0,0,0,0
7iO7Ygle6sE,127,348.12,349.76,"A pessoa quer fazer o quê, mano?",0,0,,,0,0,0,0,0,0,0,0
7iO7Ygle6sE,128,350.34,351.46,"Eu pensei que ela tinha um flash,",0,0,,,0,0,0,0,0,0,0,0
7iO7Ygle6sE,129,351.52,352.82,"fica milizão, milizão assim comigo.",0,0,,,0,0,0,0,0,0,0,0
7iO7Ygle6sE,130,353.3,354.96,"Eu pensei que ela queria flechar, meu, é, então, hein.",0,0,,,0,0,0,0,0,0,0,0
7iO7Ygle6sE,131,361.02,362.22,"Ela tem o Zuda aqui, né?",0,0,,,0,0,0,0,0,0,0,0
7iO7Ygle6sE,132,362.34,362.88,Ela tem o Zuda.,0,0,,,0,0,0,0,0,0,0,0
7iO7Ygle6sE,133,363.38,365.3,Essa sinistra aqui é boa mesmo.,0,0,,,0,0,0,0,0,0,0,0
7iO7Ygle6sE,134,366.1,367.26,"Dá nem pra te ouvir, pô,",0,0,,,0,0,0,0,0,0,0,0
7iO7Ygle6sE,135,367.32,368.6,porque não avisou...,0,0,,,0,0,0,0,0,0,0,0
7iO7Ygle6sE,136,368.6,374.17,"Ai, meu...",0,0,,,0,0,0,0,0,0,0,0
7iO7Ygle6sE,137,374.17,375.29,"Corri, tomou, tomou.",0,0,,,0,0,0,0,0,0,0,0
7iO7Ygle6sE,138,376.47,376.83,Adiós.,0,0,,,0,0,0,0,0,0,0,0
7iO7Ygle6sE,139,377.77,378.99,"Pô, porque não avisou, rapaz,",0,0,,,0,0,0,0,0,0,0,0
7iO7Ygle6sE,140,378.99,382.43,"Mas eu não sabia que o som tava muito alto não, eu vou baixar bastante, mano.",0,0,,,0,0,0,0,0,0,0,0
7iO7Ygle6sE,141,382.43,384.17,"Eu não sabia que o som tava tão alto assim não, mano.",0,0,,,0,0,0,0,0,0,0,0
7iO7Ygle6sE,142,384.17,387.23,"O Crial de Dremis Nudo parece ser ele mesmo, mano.",0,0,,,0,0,0,0,0,0,0,0
7iO7Ygle6sE,143,387.23,388.23,Deve ser ele mesmo.,0,0,,,0,0,0,0,0,0,0,0
7iO7Ygle6sE,144,388.23,394.53,De repente é que tá que nem o dele.,0,0,,,0,0,0,0,0,0,0,0
7iO7Ygle6sE,145,394.53,399.08,"Eu solo você, mano.",0,0,,,0,0,0,0,0,0,0,0
7iO7Ygle6sE,146,399.08,403.75,"Ai meu Deus, mano, ele tinha ult ainda, mano.",0,0,,,0,0,0,0,0,0,0,0
7iO7Ygle6sE,147,403.75,406.09,"Cara, eu quase solei um Kha'Zix e eu...",0,0,,,0,0,0,0,0,0,0,0
7iO7Ygle6sE,148,406.09,409.75,"Pega ele da fonte pra caralho, tá com dois levels em cima de mim, mano.",1,1,caralho,sexual_degradante,0,0,1,0,0,0,0,0
7iO7Ygle6sE,149,409.75,412.63,"Cara, se nós tivéssemos level parecido eu só lava ele, né mano.",0,0,,,0,0,0,0,0,0,0,0
7iO7Ygle6sE,150,412.63,418.33,E aí condição nossa aí que esse nós ganhar uma parte de algum segundo milagre para levar,0,0,,,0,0,0,0,0,0,0,0
7iO7Ygle6sE,151,418.33,424.39,picotas gravar e te fazer tacando talvez talvez dá para sonhar também olha que porra isso aqui,0,0,,,0,0,0,0,0,0,0,0
7iO7Ygle6sE,152,424.39,430.21,no vídeo mano isso aqui pode quando você manda isso para mim usudo não terra não tem não mano,0,0,,,0,0,0,0,0,0,0,0
7iO7Ygle6sE,153,430.21,439.14,terra azul e porra nenhuma nossa pegou minha aqui ainda mano eu te peço aí mano você tá,0,0,,,0,0,0,0,0,0,0,0
7iO7Ygle6sE,154,439.14,444.55,Guardar meu QR pra garantir essa kill,0,0,,,0,0,0,0,0,0,0,0
7iO7Ygle6sE,155,444.55,448.03,"Mano, o cara tá passando 50 Wards",0,0,,,0,0,0,0,0,0,0,0
7iO7Ygle6sE,156,448.03,448.67,"De onde, mano?",0,0,,,0,0,0,0,0,0,0,0
7iO7Ygle6sE,157,448.71,449.43,"Que isso, mano?",0,0,,,0,0,0,0,0,0,0,0
7iO7Ygle6sE,158,450.81,451.85,"Liberou, né? Liberou",0,0,,,0,0,0,0,0,0,0,0
7iO7Ygle6sE,159,451.85,454.43,"Esse aqui é muito ruim, mano",0,0,,,0,0,0,0,0,0,0,0
7iO7Ygle6sE,160,454.43,455.55,"Como é que pode, mano?",0,0,,,0,0,0,0,0,0,0,0
7iO7Ygle6sE,161,455.97,461.48,"Mata o cara, mano!",0,0,,,0,0,0,0,0,0,0,0
7iO7Ygle6sE,162,461.54,462.82,"Meu Deus, tá dando pra trás, mano",0,0,,,0,0,0,0,0,0,0,0
7iO7Ygle6sE,163,462.82,463.38,Que isso?,0,0,,,0,0,0,0,0,0,0,0
7iO7Ygle6sE,164,463.96,467.22,Tá dando pra trás de pante,0,0,,,0,0,0,0,0,0,0,0
7iO7Ygle6sE,165,467.22,470.02,"Tá dando pra trás de pante, mano",0,0,,,0,0,0,0,0,0,0,0
7iO7Ygle6sE,166,470.02,474.92,Esse cara é muito ruim,0,0,,,0,0,0,0,0,0,0,0
7iO7Ygle6sE,167,474.92,479.23,"Acho que eu mato ele aqui, mano",0,0,,,0,0,0,0,0,0,0,0
7iO7Ygle6sE,168,480.37,480.97,Tomou,0,0,,,0,0,0,0,0,0,0,0
7iO7Ygle6sE,169,480.97,487.52,"Meu Deus, mano",0,0,,,0,0,0,0,0,0,0,0
7iO7Ygle6sE,170,487.52,488.36,Buffs,0,0,,,0,0,0,0,0,0,0,0
7iO7Ygle6sE,171,488.36,489.7,Buffs do caçador,0,0,,,0,0,0,0,0,0,0,0
7iO7Ygle6sE,172,489.7,491.0,Buffs do caçador,0,0,,,0,0,0,0,0,0,0,0
7iO7Ygle6sE,173,491.0,491.54,Buffs do champion,0,0,,,0,0,0,0,0,0,0,0
7iO7Ygle6sE,174,491.54,493.6,"Pega Buffs que deram, mano",0,0,,,0,0,0,0,0,0,0,0
7iO7Ygle6sE,175,493.6,495.0,Pegamos o dragão,0,0,,,0,0,0,0,0,0,0,0
7iO7Ygle6sE,176,495.0,495.66,Venceu o jogo,0,0,,,0,0,0,0,0,0,0,0
7iO7Ygle6sE,177,495.66,496.88,"Meu Deus, rapaziada",0,0,,,0,0,0,0,0,0,0,0
7iO7Ygle6sE,178,496.88,497.74,"Não tô zoando, é sério, tá?",0,0,,,0,0,0,0,0,0,0,0
7iO7Ygle6sE,179,498.34,498.94,Eu venci o game,0,0,,,0,0,0,0,0,0,0,0
7iO7Ygle6sE,180,498.94,499.58,"Me dá beijar, hein?",0,0,,,0,0,0,0,0,0,0,0
7iO7Ygle6sE,181,500.4,501.02,"Ih, deu merda",0,0,,,0,0,0,0,0,0,0,0
7iO7Ygle6sE,182,501.02,501.52,Deu merda,0,0,,,0,0,0,0,0,0,0,0
7iO7Ygle6sE,183,501.52,502.6,Eu peguei o dragão,0,0,,,0,0,0,0,0,0,0,0
7iO7Ygle6sE,184,502.6,503.3,Eu carreguei o jogo,0,0,,,0,0,0,0,0,0,0,0
7iO7Ygle6sE,185,503.3,504.14,"Não tô zoando, mano",0,0,,,0,0,0,0,0,0,0,0
7iO7Ygle6sE,186,504.14,507.2,"Mata esse cara, mano",0,0,,,0,0,0,0,0,0,0,0
7iO7Ygle6sE,187,507.2,518.66,Eu venci o jogo,0,0,,,0,0,0,0,0,0,0,0
7iO7Ygle6sE,188,518.66,519.94,"Meu Deus, nem fodendo, cara",0,0,,,0,0,0,0,0,0,0,0
7iO7Ygle6sE,189,519.94,521.16,Nem fodendo,0,0,,,0,0,0,0,0,0,0,0
7iO7Ygle6sE,190,521.16,521.7,Eu venci o game,0,0,,,0,0,0,0,0,0,0,0
7iO7Ygle6sE,191,521.7,522.54,"Nem fodendo, meu Deus",0,0,,,0,0,0,0,0,0,0,0
7iO7Ygle6sE,192,522.54,524.38,É easy game,0,0,,,0,0,0,0,0,0,0,0
7iO7Ygle6sE,193,524.38,526.12,Eu venci a bot,0,0,,,0,0,0,0,0,0,0,0
7iO7Ygle6sE,194,526.12,526.82,Literalmente,0,0,,,0,0,0,0,0,0,0,0
7iO7Ygle6sE,195,526.82,531.74,Fechei minhas zonas,0,0,,,0,0,0,0,0,0,0,0
7iO7Ygle6sE,196,531.74,533.22,"Pegamos um dragão pra escalar, acabou",0,0,,,0,0,0,0,0,0,0,0
7iO7Ygle6sE,197,533.22,536.36,Broken Bumps do caçador,0,0,,,0,0,0,0,0,0,0,0
7iO7Ygle6sE,198,536.36,537.3,"Broken Bumps, mano",0,0,,,0,0,0,0,0,0,0,0
7iO7Ygle6sE,199,537.3,539.4,"E eu não fechei Void até agora, mano",0,0,,,0,0,0,0,0,0,0,0
7iO7Ygle6sE,200,539.4,541.2,Mas por que os caras,0,0,,,0,0,0,0,0,0,0,0
7iO7Ygle6sE,201,541.2,543.14,"Não olham isso aqui, mano",0,0,,,0,0,0,0,0,0,0,0
7iO7Ygle6sE,202,543.14,552.66,"Ah, minhas zonas, cara",0,0,,,0,0,0,0,0,0,0,0
7iO7Ygle6sE,203,552.66,554.56,"Eu queria o Taisoninha, não deu",0,0,,,0,0,0,0,0,0,0,0
7iO7Ygle6sE,204,554.56,558.87,Essa play foi meio meia,0,0,,,0,0,0,0,0,0,0,0
7iO7Ygle6sE,205,558.87,559.79,Podia ser melhor isso aqui,0,0,,,0,0,0,0,0,0,0,0
7iO7Ygle6sE,206,559.79,562.01,"Gastou um flash deles, bastante",0,0,,,0,0,0,0,0,0,0,0
7iO7Ygle6sE,207,562.01,563.29,Muito flash,0,0,,,0,0,0,0,0,0,0,0
7iO7Ygle6sE,208,563.29,567.01,"Mas vocês são muito pá de focar o Pantheon, mano",0,0,,,0,0,0,0,0,0,0,0
7iO7Ygle6sE,209,567.01,569.31,"Quer dizer, de um Nautilus, mano",0,0,,,0,0,0,0,0,0,0,0
7iO7Ygle6sE,210,569.31,577.64,"Tá, mano, eles não são nem um Tonafite, cara",0,0,,,0,0,0,0,0,0,0,0
7iO7Ygle6sE,211,577.64,578.32,"Meu Deus, mano",0,0,,,0,0,0,0,0,0,0,0
7iO7Ygle6sE,212,578.32,580.4,Roa tá com 3% de um rate,0,0,,,0,0,0,0,0,0,0,0
7iO7Ygle6sE,213,580.4,581.42,Mais ou menos valência,0,0,,,0,0,0,0,0,0,0,0
7iO7Ygle6sE,214,581.42,583.82,"Mano, você tá me chutando, mano",0,0,,,0,0,0,0,0,0,0,0
7iO7Ygle6sE,215,583.82,585.14,"Você tá me chutando true, mano, sem meme",0,0,,,0,0,0,0,0,0,0,0
7iO7Ygle6sE,216,585.14,588.82,"Sua matemática básica é ser nível fundamental, mano",0,0,,,0,0,0,0,0,0,0,0
7iO7Ygle6sE,217,588.82,590.84,"Eu costumo é do peak rate, mano",0,0,,,0,0,0,0,0,0,0,0
7iO7Ygle6sE,218,590.84,591.7,É óbvio que vai ter mais de um rate,0,0,,,0,0,0,0,0,0,0,0
7iO7Ygle6sE,219,591.7,592.36,Ninguém vida a Roa,0,0,,,0,0,0,0,0,0,0,0
7iO7Ygle6sE,220,592.36,594.22,"Nossa, me chutou isso aqui",0,0,,,0,0,0,0,0,0,0,0
7iO7Ygle6sE,221,594.22,595.28,"Você tá me chutando, mano",0,0,,,0,0,0,0,0,0,0,0
7iO7Ygle6sE,222,595.28,596.72,"Pô, bora esse cara lá e vem, sem meme",0,0,,,0,0,0,0,0,0,0,0
7iO7Ygle6sE,223,596.72,609.27,"É o seguinte play que eu vou fazer aqui, rapaziada",0,0,,,0,0,0,0,0,0,0,0
7iO7Ygle6sE,224,609.27,611.09,Eu vou ficar aqui,0,0,,,0,0,0,0,0,0,0,0
7iO7Ygle6sE,225,611.09,612.91,Eu vou pegar essa T2,0,0,,,0,0,0,0,0,0,0,0
7iO7Ygle6sE,226,612.91,613.49,Tá ligado?,0,0,,,0,0,0,0,0,0,0,0
7iO7Ygle6sE,227,614.55,615.83,Ou eu vou forçar o TP,0,0,,,0,0,0,0,0,0,0,0
7iO7Ygle6sE,228,615.83,621.46,"Se meu time se matar ali, foda-se",0,0,,,0,0,0,0,0,0,0,0
7iO7Ygle6sE,229,621.46,622.7,Vou pegar a T2,0,0,,,0,0,0,0,0,0,0,0
7iO7Ygle6sE,230,622.7,624.78,É isso,0,0,,,0,0,0,0,0,0,0,0
7iO7Ygle6sE,231,624.78,625.72,Vou pingar ali,0,0,,,0,0,0,0,0,0,0,0
7iO7Ygle6sE,232,625.72,627.86,Vou ver se a gente tem alguma coisa,0,0,,,0,0,0,0,0,0,0,0
7iO7Ygle6sE,233,627.86,632.12,Agora eu tô até azuda,0,0,,,0,0,0,0,0,0,0,0
7iO7Ygle6sE,234,632.12,634.9,"O game acabou, os caras são pedófilos mesmo",0,0,,,0,0,0,0,0,0,0,0
7iO7Ygle6sE,235,634.9,639.69,"Tem podre, né",0,0,,,0,0,0,0,0,0,0,0
7iO7Ygle6sE,236,639.69,644.46,"Ok, nós ganhamos isso aqui, mano?",0,0,,,0,0,0,0,0,0,0,0
7iO7Ygle6sE,237,644.48,645.14,Não sei se ganhamos,0,0,,,0,0,0,0,0,0,0,0
7iO7Ygle6sE,238,645.14,656.93,"Meu Deus, cara, eu sou muito suposto",0,0,,,0,0,0,0,0,0,0,0
7iO7Ygle6sE,239,656.93,658.07,"Você tá louco, mano",0,0,,,0,0,0,0,0,0,0,0
7iO7Ygle6sE,240,658.07,660.07,Nossa senhora,0,0,,,0,0,0,0,0,0,0,0
7iO7Ygle6sE,241,660.07,662.57,"Cara, como é que pode existir, mano? O que é isso, cara?",0,0,,,0,0,0,0,0,0,0,0
7iO7Ygle6sE,242,662.61,663.47,O que é isso? É uma máquina,0,0,,,0,0,0,0,0,0,0,0
7iO7Ygle6sE,243,663.47,666.19,Que porra é essa? O que é isso?,0,0,,,0,0,0,0,0,0,0,0
7iO7Ygle6sE,244,667.13,668.47,"A ideia tá azul, né, pô? Tá louco",0,0,,,0,0,0,0,0,0,0,0
7iO7Ygle6sE,245,668.47,668.99,Tem que fazer um vídeo,0,0,,,0,0,0,0,0,0,0,0
7iO7Ygle6sE,246,668.99,673.33,"Mano, deu merda, hein",0,0,,,0,0,0,0,0,0,0,0
7iO7Ygle6sE,247,673.33,675.15,"Ai, meu Deus",0,0,,,0,0,0,0,0,0,0,0
7iO7Ygle6sE,248,675.15,676.53,"Cara, perdi o game, meu Deus, mano",0,0,,,0,0,0,0,0,0,0,0
7iO7Ygle6sE,249,676.53,679.27,"Ah, não deu pra fechar o guardião, mano",0,0,,,0,0,0,0,0,0,0,0
7iO7Ygle6sE,250,679.27,680.79,"Eu ganhei o game agora, literalmente",0,0,,,0,0,0,0,0,0,0,0
7iO7Ygle6sE,251,680.79,681.59,Não tem como perder,0,0,,,0,0,0,0,0,0,0,0
7iO7Ygle6sE,252,681.59,685.27,Eu posso andar reto,0,0,,,0,0,0,0,0,0,0,0
7iO7Ygle6sE,253,685.27,687.23,Que nem um tanque de guerra soviético,0,0,,,0,0,0,0,0,0,0,0
7iO7Ygle6sE,254,687.23,687.69,Tá aqui,0,0,,,0,0,0,0,0,0,0,0
7iO7Ygle6sE,255,687.69,695.62,Eu tô sem zones,0,0,,,0,0,0,0,0,0,0,0
7iO7Ygle6sE,256,695.62,697.42,"Ai meu, que que é isso",0,0,,,0,0,0,0,0,0,0,0
7iO7Ygle6sE,257,697.42,698.82,"Meu Deus, nem fodendo, mano",0,0,,,0,0,0,0,0,0,0,0
7iO7Ygle6sE,258,698.82,701.22,"Meu Deus, nem fodendo, cara, tá bom",0,0,,,0,0,0,0,0,0,0,0
7iO7Ygle6sE,259,701.22,704.18,"Pera aí, tá bom, tá bom",0,0,,,0,0,0,0,0,0,0,0
7iO7Ygle6sE,260,704.18,705.98,"Cara, esse time é muito pedófilo, mano",0,0,,,0,0,0,0,0,0,0,0
7iO7Ygle6sE,261,705.98,706.98,"Que fodido, mano",0,0,,,0,0,0,0,0,0,0,0
7iO7Ygle6sE,262,706.98,709.46,"Meu, que que é isso aqui que eu tô vendo",0,0,,,0,0,0,0,0,0,0,0
7iO7Ygle6sE,263,709.46,712.04,"Pode isso aqui, liberou",0,0,,,0,0,0,0,0,0,0,0
7iO7Ygle6sE,264,712.04,714.0,"Tá tão ruim assim não, mano",0,0,,,0,0,0,0,0,0,0,0
7iO7Ygle6sE,265,714.0,715.98,"Mano, é impossível os caras reagirem, a senhora é no sol, né",0,0,,,0,0,0,0,0,0,0,0
7iO7Ygle6sE,266,715.98,717.48,"O cara só dá o tempo do skill e limpa o wave, não?",0,0,,,0,0,0,0,0,0,0,0
7iO7Ygle6sE,267,718.16,718.92,"Meu Deus, faz uma coisa",0,0,,,0,0,0,0,0,0,0,0
7iO7Ygle6sE,268,718.92,721.18,"Uta, limpa o wave, faz uma coisa",0,0,,,0,0,0,0,0,0,0,0
7iO7Ygle6sE,269,721.18,722.46,"Alguém faz uma coisa, mano, pelo amor de Deus",0,0,,,0,0,0,0,0,0,0,0
7iO7Ygle6sE,270,722.46,724.84,"Puta, mano",1,1,puta,xingamentos_genero,0,0,0,0,1,0,0,0
7iO7Ygle6sE,271,724.84,726.9,"Boa, boa, boa",0,0,,,0,0,0,0,0,0,0,0
7iO7Ygle6sE,272,726.9,727.24,Última,0,0,,,0,0,0,0,0,0,0,0
7iO7Ygle6sE,273,727.24,730.3,"O que você tá levado, mano",0,0,,,0,0,0,0,0,0,0,0
7iO7Ygle6sE,274,730.3,744.86,"Ai, meu",0,0,,,0,0,0,0,0,0,0,0
7iO7Ygle6sE,275,744.86,747.82,Ok,0,0,,,0,0,0,0,0,0,0,0
7iO7Ygle6sE,276,747.82,752.02,"O meu flash foi podre, esse aqui eu flechei não, mano",0,0,,,0,0,0,0,0,0,0,0
7iO7Ygle6sE,277,752.02,753.96,Eu flechei pra quê?,0,0,,,0,0,0,0,0,0,0,0
7iO7Ygle6sE,278,754.02,754.94,Não tem nem barulho vivo,0,0,,,0,0,0,0,0,0,0,0
7iO7Ygle6sE,279,755.6,758.22,"Mas tá bom, eu sei que, mano, eu falei muito, mano.",0,0,,,0,0,0,0,0,0,0,0
7iO7Ygle6sE,280,758.94,760.04,"Nossa, esse aqui foi muito troll.",0,0,,,0,0,0,0,0,0,0,0
7iO7Ygle6sE,281,760.52,761.58,Comprar pode ser o beijo.,0,0,,,0,0,0,0,0,0,0,0
7iO7Ygle6sE,282,761.74,762.92,"Comprei já, mano, você percebeu?",0,0,,,0,0,0,0,0,0,0,0
7iO7Ygle6sE,283,763.0,763.24,Não lembro.,0,0,,,0,0,0,0,0,0,0,0
7iO7Ygle6sE,284,763.6,764.46,Comprei já pode ser o beijo.,0,0,,,0,0,0,0,0,0,0,0
7iO7Ygle6sE,285,765.4,767.56,"Eu tenho que só tentar fechar, fechar o guardião azul daqui só, mano.",0,0,,,0,0,0,0,0,0,0,0
7iO7Ygle6sE,286,768.96,770.36,"Assim, falta muito gold, na real.",0,0,,,0,0,0,0,0,0,0,0
7iO7Ygle6sE,287,770.48,771.58,"Não dá tempo de comprar não, mano.",0,0,,,0,0,0,0,0,0,0,0
7iO7Ygle6sE,288,772.22,772.92,Dá tempo de comprar.,0,0,,,0,0,0,0,0,0,0,0
7iO7Ygle6sE,289,775.22,775.98,"Tá não, mano.",0,0,,,0,0,0,0,0,0,0,0
7iO7Ygle6sE,290,776.32,777.14,"Eu morri, talvez.",0,0,,,0,0,0,0,0,0,0,0
7iO7Ygle6sE,291,777.86,778.6,"Não, eu morri não.",0,0,,,0,0,0,0,0,0,0,0
7iO7Ygle6sE,292,779.14,779.66,Acho que não.,0,0,,,0,0,0,0,0,0,0,0
7iO7Ygle6sE,293,783.6,784.42,"Nossa, olha essa peça.",0,0,,,0,0,0,0,0,0,0,0
7iO7Ygle6sE,294,784.42,785.38,"Essa peça é podre, mano.",0,0,,,0,0,0,0,0,0,0,0
7iO7Ygle6sE,295,785.64,786.56,"Olha essa peça aí, mano.",0,0,,,0,0,0,0,0,0,0,0
7iO7Ygle6sE,296,787.72,789.06,"Meu teste é muito burrinho, né, mano?",0,0,,,0,0,0,0,0,0,0,0
7iO7Ygle6sE,297,789.06,792.22,"Calma negudo, calma",0,0,,,0,0,0,0,0,0,0,0
7iO7Ygle6sE,298,792.22,795.53,"Mas tá aqui, calma",0,0,,,0,0,0,0,0,0,0,0
7iO7Ygle6sE,299,795.53,801.76,"Vou morrer aqui, será não",0,0,,,0,0,0,0,0,0,0,0
7iO7Ygle6sE,300,801.76,806.3,"Caralho, conta chase",1,1,caralho,sexual_degradante,0,0,1,0,0,0,0,0
7iO7Ygle6sE,301,806.3,807.6,"Mano, os cara tão dando em nós",0,0,,,0,0,0,0,0,0,0,0
7iO7Ygle6sE,302,807.6,809.92,"E a gente não faz nada, os lambentos",0,0,,,0,0,0,0,0,0,0,0
7iO7Ygle6sE,303,809.92,811.72,"Os burros, mano, sai de mim, ô pedra maldita",0,0,,,0,0,0,0,0,0,0,0
7iO7Ygle6sE,304,811.72,813.86,Pedra imunda,0,0,,,0,0,0,0,0,0,0,0
7iO7Ygle6sE,305,813.86,814.58,Que que é isso,0,0,,,0,0,0,0,0,0,0,0
7iO7Ygle6sE,306,814.58,832.86,"Cara, você tá lutando pra onde, mano",0,0,,,0,0,0,0,0,0,0,0
7iO7Ygle6sE,307,832.86,834.18,"Que que é isso que você tá fazendo, cara",0,0,,,0,0,0,0,0,0,0,0
7iO7Ygle6sE,308,834.18,835.38,"Tá bom, deixa que eu levo aqui, mano",0,0,,,0,0,0,0,0,0,0,0
7iO7Ygle6sE,309,835.38,839.08,"Eu não levo nada aqui não, tem o Timoteo vivo",0,0,,,0,0,0,0,0,0,0,0
7iO7Ygle6sE,310,839.08,841.34,"Tá bom, foda-se, ah meu Deus",0,0,,,0,0,0,0,0,0,0,0
7iO7Ygle6sE,311,841.34,847.46,"Ai meu deus cara, eu cometei 10 anos de vida mano, a outra vez eu tenho que jogar de caçadi",0,0,,,0,0,0,0,0,0,0,0
7iO7Ygle6sE,312,847.46,853.42,"mano, meu deus mano, cara, mano engaja a mid, e que isso, o cara puxou no evc mano,",0,0,,,0,0,0,0,0,0,0,0
7iO7Ygle6sE,313,853.52,867.86,"não, parou, parou, ai tinha flash mano, cometeu um no aqui rapaziada, tá louco, tá bom,",0,0,,,0,0,0,0,0,0,0,0
7iO7Ygle6sE,314,867.96,882.53,"tá bom, os guardiões, os guardiões é muito, não, eu falei, não é mano, nem cheguei",0,0,,,0,0,0,0,0,0,0,0
7iO7Ygle6sE,315,882.53,886.87,"o guardião, não tem como poder fight, ai meu deus, eu tô vendo, meu deus cara, meu",0,0,,,0,0,0,0,0,0,0,0
7iO7Ygle6sE,316,886.87,894.01,"Deus, para, para, para, para, não quer mais ninguém me ensinar, pelo amor de Deus, cadê",0,0,,,0,0,0,0,0,0,0,0
7iO7Ygle6sE,317,894.01,908.62,"ele, mano, ok, que negócio tá louco, ai, ai, cara, olha os redes de onde que é caçadinho,",0,0,,,0,0,0,0,0,0,0,0
7iO7Ygle6sE,318,908.76,911.94,"mano, meu Deus, mano, não sei porque eu tô pegando, pegando um erro na site do Full",0,0,,,0,0,0,0,0,0,0,0
7iO7Ygle6sE,319,911.94,914.86,"Build, mano, o que é isso aqui, o que eu tô fazendo, olha, olha o cara, olha esse",0,0,,,0,0,0,0,0,0,0,0
7iO7Ygle6sE,320,914.86,925.58,"cara aqui, mano, eu tepei lá, tepei de uma maneira, bora, chega aí, bora, cadê, ninguém",0,0,,,0,0,0,0,0,0,0,0
7iO7Ygle6sE,321,925.58,927.48,"Quem morreu aqui não, mano? Cadê os caras, velho?",0,0,,,0,0,0,0,0,0,0,0
7iO7Ygle6sE,322,927.54,928.42,"Que porra é essa, mano?",0,0,,,0,0,0,0,0,0,0,0
7iO7Ygle6sE,323,928.88,934.0,"Ah, deu bom na real, mano.",0,0,,,0,0,0,0,0,0,0,0
7iO7Ygle6sE,324,934.22,935.78,"Deixa a velou, rapaziada. Deu merda, mano.",0,0,,,0,0,0,0,0,0,0,0
7iO7Ygle6sE,325,936.72,937.04,Ok.,0,0,,,0,0,0,0,0,0,0,0
7iO7Ygle6sE,326,938.3,938.9,E que isso?,0,0,,,0,0,0,0,0,0,0,0
7iO7Ygle6sE,327,940.18,941.12,Antes que eu atentei.,0,0,,,0,0,0,0,0,0,0,0
7iO7Ygle6sE,328,951.54,951.9,Mano.,0,0,,,0,0,0,0,0,0,0,0
7iO7Ygle6sE,329,954.04,955.08,"Caralho, não para de...",1,1,caralho,sexual_degradante,0,0,1,0,0,0,0,0
7iO7Ygle6sE,330,955.08,956.58,"Mano, deixa eu fechar aqui pra dar início.",0,0,,,0,0,0,0,0,0,0,0
7iO7Ygle6sE,331,958.54,959.5,"Cara, eu flechei.",0,0,,,0,0,0,0,0,0,0,0
7iO7Ygle6sE,332,959.56,961.14,Eu flechei pelo meme. Tem que acabar a partida aqui agora.,0,0,,,0,0,0,0,0,0,0,0
7iO7Ygle6sE,333,961.56,963.58,"A gente é mid! A gente é mid, cara!",0,0,,,0,0,0,0,0,0,0,0
7iO7Ygle6sE,334,963.58,965.14,"A gente é mid. Eu flechei pelo meme, cara.",0,0,,,0,0,0,0,0,0,0,0
7iO7Ygle6sE,335,965.14,967.24,"Eu flechei, mano",0,0,,,0,0,0,0,0,0,0,0
7iO7Ygle6sE,336,967.24,968.72,"Não acabou o game, não",0,0,,,0,0,0,0,0,0,0,0
7iO7Ygle6sE,337,968.72,970.22,"Não sei como, o jogo não acaba nunca",0,0,,,0,0,0,0,0,0,0,0
7iO7Ygle6sE,338,970.22,971.82,"Eu vou dar FF, chega",0,0,,,0,0,0,0,0,0,0,0
7iO7Ygle6sE,339,971.82,973.22,"Não desisto do game, desisto",0,0,,,0,0,0,0,0,0,0,0
7iO7Ygle6sE,340,973.22,975.38,"É no cansaço, tá ligado?",0,0,,,0,0,0,0,0,0,0,0
7iO7Ygle6sE,341,976.02,977.64,"Cara, os caras só ganham o jogo se vão na mão",0,0,,,0,0,0,0,0,0,0,0
7iO7Ygle6sE,342,977.64,980.14,Vão na...,0,0,,,0,0,0,0,0,0,0,0
7iO7Ygle6sE,343,980.14,981.32,Tirei aqui,0,0,,,0,0,0,0,0,0,0,0
7iO7Ygle6sE,344,981.32,985.74,"O que tá acontecendo aqui que eu não tô vendo, cara",0,0,,,0,0,0,0,0,0,0,0
7iO7Ygle6sE,345,985.74,995.93,"Eu tenho hoje o guardião aqui, né?",0,0,,,0,0,0,0,0,0,0,0
7iO7Ygle6sE,346,1002.74,1004.34,"Até ele, corre muito, mano",0,0,,,0,0,0,0,0,0,0,0
7iO7Ygle6sE,347,1004.34,1005.9,"O cara corre demais, velho",0,0,,,0,0,0,0,0,0,0,0
7iO7Ygle6sE,348,1005.9,1008.56,"Até agora eu não morri, os caras não me focam, não, pô",0,0,,,0,0,0,0,0,0,0,0
7iO7Ygle6sE,349,1008.56,1032.8,o cabelo não tem dano não mano agora eu morri vou voltar fumando a GG aqui meu Deus cara meu,0,0,,,0,0,0,0,0,0,0,0
7iO7Ygle6sE,350,1032.8,1039.28,Deus cara olha tô sem mana faz isso não treta maldito chora irmão mano esse trecho é louco,0,0,,,0,0,0,0,0,0,0,0
7iO7Ygle6sE,351,1039.28,1046.96,mano esse trecho é PCD mano meu Deus mano quase que eu vou perder o jogo aqui do nada mano,0,0,,,0,0,0,0,0,0,0,0
cyk1wQGe3tE,1,0.0,2.0,"Não, vou ser entuprado, não",0,0,,,0,0,0,0,0,0,0,0
cyk1wQGe3tE,2,2.0,3.82,"Tem ward aqui, olha essa play, se liga",0,0,,,0,0,0,0,0,0,0,0
cyk1wQGe3tE,3,3.82,6.34,"Gostou, né?",0,0,,,0,0,0,0,0,0,0,0
cyk1wQGe3tE,4,6.38,7.24,"É, sai da reta azul, tá?",0,0,,,0,0,0,0,0,0,0,0
cyk1wQGe3tE,5,7.32,9.96,"Eu sou o próprio lado, sai da reta azul, eu fui bem driblado",0,0,,,0,0,0,0,0,0,0,0
cyk1wQGe3tE,6,9.96,10.86,"É, play alto nível",0,0,,,0,0,0,0,0,0,0,0
cyk1wQGe3tE,7,10.86,15.03,"Ah, vai tomar no cu",0,0,,,0,0,0,0,0,0,0,0
AysubRW-kvQ,1,0.0,2.44,"Eu tô de... Meu Deus, por que que... Não vi isso aqui não, cara.",0,0,,,0,0,0,0,0,0,0,0
AysubRW-kvQ,2,4.34,6.38,"Caraca, mano, fudeu, cara. E agora, mano?",0,0,,,0,0,0,0,0,0,0,0
AysubRW-kvQ,3,7.28,8.8,"Sai de mim, ô, bando de...",0,0,,,0,0,0,0,0,0,0,0
AysubRW-kvQ,4,8.8,13.78,Que isso?,0,0,,,0,0,0,0,0,0,0,0
AysubRW-kvQ,5,14.0,15.92,"Mano, o tio da Nausicaa matou eu, cara.",0,0,,,0,0,0,0,0,0,0,0
xJExphI2SRU,1,0.0,5.92,"O Mukalão te enfapou pra caralho nesse Omegle zudo, na moral, isso é sério, bora ver então, bora ver então, vou dar o play zudo aqui então, mano",1,1,caralho,sexual_degradante,0,0,1,0,0,0,0,0
xJExphI2SRU,2,5.92,9.3,"Ele chegou até te ameaçar, caralho, que isso, mano",1,1,caralho,sexual_degradante,0,0,1,0,0,0,0,0
xJExphI2SRU,3,9.3,11.52,"Aí, aí deu merda, deu merda então",0,0,,,0,0,0,0,0,0,0,0
xJExphI2SRU,4,11.52,15.24,"Ô louco, é nóis, é nóis, que isso, tamo juntasso",0,0,,,0,0,0,0,0,0,0,0
xJExphI2SRU,5,15.24,20.36,"Ô louco, mano, tamo juntasso, é o mano que apareceu no vídeo zudo, mano, salve zudo pra você, tá bom, é nóis aí",0,0,,,0,0,0,0,0,0,0,0
xJExphI2SRU,6,20.36,22.38,"Tamo junto, tamo junto, mano, é nóis, que isso",0,0,,,0,0,0,0,0,0,0,0
xJExphI2SRU,7,22.38,25.34,"Ô louco, é nóis, é nóis, tamo juntasso",0,0,,,0,0,0,0,0,0,0,0
xJExphI2SRU,8,25.34,28.94,"Caralho, tô emocionado aqui, mano, tô emocionado aqui, mano, que isso, é nóis",1,1,caralho,sexual_degradante,0,0,1,0,0,0,0,0
xJExphI2SRU,9,28.94,30.88,"Calma aí, esse narigudo, esse narigudo",0,0,,,0,0,0,0,0,0,0,0
xJExphI2SRU,10,30.88,32.44,"Ô, louco, calma aí, né, calma aí, né",0,0,,,0,0,0,0,0,0,0,0
xJExphI2SRU,11,32.44,33.32,"Vai dar merda, calma aí",0,0,,,0,0,0,0,0,0,0,0
xJExphI2SRU,12,33.32,37.02,"Mano, porque é true, eu fui perceber agora, mano",0,0,,,0,0,0,0,0,0,0,0
xJExphI2SRU,13,37.02,38.48,O cara mostrou o rito zudo,0,0,,,0,0,0,0,0,0,0,0
xJExphI2SRU,14,38.48,39.98,No livro zudo,0,0,,,0,0,0,0,0,0,0,0
xJExphI2SRU,15,39.98,42.94,"Caralho, eu tô seco, mano, meu Deus, mano",1,1,caralho,sexual_degradante,0,0,1,0,0,0,0,0
xJExphI2SRU,16,42.94,45.14,"Ah, aqui, mano, aqui eu já consigo imaginar",0,0,,,0,0,0,0,0,0,0,0
xJExphI2SRU,17,45.14,46.2,"O que vai acontecer, tá bom",0,0,,,0,0,0,0,0,0,0,0
xJExphI2SRU,18,46.2,48.04,"Aqui deu merda, aqui deu merda",0,0,,,0,0,0,0,0,0,0,0
xJExphI2SRU,19,48.04,49.76,"Vá borreto, vá borreto, agora que esse lerdão vazou",0,0,,,0,0,0,0,0,0,0,0
xJExphI2SRU,20,49.76,51.18,Eu tenho certeza que alguém conhece ele,0,0,,,0,0,0,0,0,0,0,0
xJExphI2SRU,21,51.18,53.7,Alguém acha o endereço desse merda,0,0,,,0,0,0,0,0,0,0,0
xJExphI2SRU,22,53.7,54.44,"Aqui deu merda, hein, mano",0,0,,,0,0,0,0,0,0,0,0
xJExphI2SRU,23,54.44,56.9,"Não, mas ele mostrou na zoeira também, mano",0,0,,,0,0,0,0,0,0,0,0
xJExphI2SRU,24,56.9,58.32,"Os caras pegando muito pesada, pô",0,0,,,0,0,0,0,0,0,0,0
xJExphI2SRU,25,58.32,59.24,"Eu quero mostrar no zoeiro também, mano.",0,0,,,0,0,0,0,0,0,0,0
xJExphI2SRU,26,59.24,59.66,Uma porrada.,0,0,,,0,0,0,0,0,0,0,0
xJExphI2SRU,27,59.76,61.48,"Mas eu posso, tipo assim, dar um pescoção.",0,0,,,0,0,0,0,0,0,0,0
xJExphI2SRU,28,61.86,62.52,"Ah, entendi.",0,0,,,0,0,0,0,0,0,0,0
xJExphI2SRU,29,62.68,63.62,Pode deixar com o Bucalão.,0,0,,,0,0,0,0,0,0,0,0
xJExphI2SRU,30,63.8,65.28,"Bucalão com 1,53m de altura.",0,0,,,0,0,0,0,0,0,0,0
xJExphI2SRU,31,65.4,65.6,Beleza.,0,0,,,0,0,0,0,0,0,0,0
xJExphI2SRU,32,65.86,66.88,"Calvo, calvo, tá bom?",0,0,,,0,0,0,0,0,0,0,0
xJExphI2SRU,33,67.28,69.98,"1,53m de altura drogado vai conseguir bater alguém.",0,0,,,0,0,0,0,0,0,0,0
xJExphI2SRU,34,70.08,71.1,"Pode deixar, pode deixar aí, mano.",0,0,,,0,0,0,0,0,0,0,0
xJExphI2SRU,35,71.54,72.94,"Caralho, até eu tô com medo agora, hein, mano.",1,1,caralho,sexual_degradante,0,0,1,0,0,0,0,0
xJExphI2SRU,36,73.02,73.94,Agora é uma então merda.,0,0,,,0,0,0,0,0,0,0,0
xJExphI2SRU,37,75.46,75.66,Bom.,0,0,,,0,0,0,0,0,0,0,0
xJExphI2SRU,38,76.82,77.28,"Caralho, mano.",1,1,caralho,sexual_degradante,0,0,1,0,0,0,0,0
xJExphI2SRU,39,77.32,77.8,Deixa eu fazer uma boiada.,0,0,,,0,0,0,0,0,0,0,0
xJExphI2SRU,40,78.62,82.9,Se um dia eu encontro um moleque que fica brincando com um bagulho de nazi...,0,0,,,0,0,0,0,0,0,0,0
xJExphI2SRU,41,82.9,83.88,"Ah, meu Deus!",0,0,,,0,0,0,0,0,0,0,0
xJExphI2SRU,42,83.88,84.4,Que isso?,0,0,,,0,0,0,0,0,0,0,0
xJExphI2SRU,43,84.54,85.02,"Ô, louco!",0,0,,,0,0,0,0,0,0,0,0
xJExphI2SRU,44,86.28,87.2,"Ô, louco, mano.",0,0,,,0,0,0,0,0,0,0,0
xJExphI2SRU,45,87.26,87.96,"Acabou, rapaziada.",0,0,,,0,0,0,0,0,0,0,0
xJExphI2SRU,46,87.96,88.84,"Agora é o seguinte, mano",0,0,,,0,0,0,0,0,0,0,0
xJExphI2SRU,47,88.84,91.3,"Rapaziada, agora simplesmente acabou pra gente, beleza?",0,0,,,0,0,0,0,0,0,0,0
xJExphI2SRU,48,91.54,93.08,"Vamos ter que virar viado, beleza?",1,1,viado,homofobia_misoginia,0,0,0,0,0,1,0,0
xJExphI2SRU,49,93.22,96.82,"Agora, a partir de agora, vamos ter que trocar todas as gírias azuis da live, tá bom?",0,0,,,0,0,0,0,0,0,0,0
xJExphI2SRU,50,96.84,98.42,"Porque o Mungalow está nos ameaçando, beleza?",0,0,,,0,0,0,0,0,0,0,0
xJExphI2SRU,51,98.8,100.98,"Vamos ter que começar a usar de milhões, tá bom?",0,0,,,0,0,0,0,0,0,0,0
xJExphI2SRU,52,101.02,103.14,"Eu vou até trocar de campeão, tá bom?",0,0,,,0,0,0,0,0,0,0,0
xJExphI2SRU,53,103.38,106.12,Eu vou deixar meu Cassi Adolfo começar a picar boneco colorido,0,0,,,0,0,0,0,0,0,0,0
xJExphI2SRU,54,106.12,107.28,"Picar luckzinha, tá bom?",0,0,,,0,0,0,0,0,0,0,0
xJExphI2SRU,55,107.54,108.84,E eu vou ficar falando uns termos de...,0,0,,,0,0,0,0,0,0,0,0
xJExphI2SRU,56,108.84,109.94,"Mano, de milhões, de milhões",0,0,,,0,0,0,0,0,0,0,0
xJExphI2SRU,57,109.94,112.94,"Aí meu bot, Fida, em vez de buscar de podre horrível",0,0,,,0,0,0,0,0,0,0,0
xJExphI2SRU,58,112.94,115.4,"Eu falo, caralho, que bot tem de centavos, tá bom?",1,1,caralho,sexual_degradante,0,0,1,0,0,0,0,0
xJExphI2SRU,59,115.4,117.68,Vamos ter que agora usar o dialeto,0,0,,,0,0,0,0,0,0,0,0
xJExphI2SRU,60,117.68,119.58,"Dos gayzus, tá bom? Agora deu merda",0,0,,,0,0,0,0,0,0,0,0
xJExphI2SRU,61,119.58,121.52,"Que o Mucaló ameaçou a gente, beleza? Se não, mano",0,0,,,0,0,0,0,0,0,0,0
xJExphI2SRU,62,121.52,123.32,"Se não, acabou, né? Então vai ser nosso fim, tá bom?",0,0,,,0,0,0,0,0,0,0,0
xJExphI2SRU,63,123.74,125.58,"Na tua cabeça, eu sei que já é assim, ah, tô de boa",0,0,,,0,0,0,0,0,0,0,0
xJExphI2SRU,64,125.58,127.42,Eu vou ficar mais dois anos aqui dentro do meu quarto,0,0,,,0,0,0,0,0,0,0,0
xJExphI2SRU,65,127.42,128.94,"Cinco anos, então o Mucaló nunca vai me bater",0,0,,,0,0,0,0,0,0,0,0
xJExphI2SRU,66,128.94,131.68,"Mas, mano, paizão, paizão",0,0,,,0,0,0,0,0,0,0,0
xJExphI2SRU,67,131.68,133.32,"Se um dia eu pego um desses, é menor",0,0,,,0,0,0,0,0,0,0,0
xJExphI2SRU,68,133.32,135.52,"Não, acabou, acabou, se pegar, acabou, beleza?",0,0,,,0,0,0,0,0,0,0,0
xJExphI2SRU,69,135.88,137.44,"Se pegar, mano, se por acaso",0,0,,,0,0,0,0,0,0,0,0
xJExphI2SRU,70,137.44,139.34,"Eu não abrir lá amanhã, porque deu merda, beleza?",0,0,,,0,0,0,0,0,0,0,0
xJExphI2SRU,71,139.74,141.32,Se por acaso amanhã não ter livezuda,0,0,,,0,0,0,0,0,0,0,0
xJExphI2SRU,72,141.32,142.9,"Eu fui pego aqui pelo Mucaló, tá bom?",0,0,,,0,0,0,0,0,0,0,0
xJExphI2SRU,73,143.12,144.94,"O cara acaba me encontrando aqui, deu merda, deu merda",0,0,,,0,0,0,0,0,0,0,0
xJExphI2SRU,74,144.94,147.48,"Eu ia quebrar uma perna ali, um bagulho assim",0,0,,,0,0,0,0,0,0,0,0
xJExphI2SRU,75,147.48,149.68,"Que tu ia falar assim, caralho, sempre que eu for brincar",1,1,caralho,sexual_degradante,0,0,1,0,0,0,0,0
xJExphI2SRU,76,149.68,151.9,Como que o Mucaló pode bater em você,0,0,,,0,0,0,0,0,0,0,0
xJExphI2SRU,77,151.9,154.44,Você fez 10 anos de capoeira,0,0,,,0,0,0,0,0,0,0,0
xJExphI2SRU,78,154.44,156.14,"Cara, eu não fiz 10 anos de macumba",0,0,,,0,0,0,0,0,0,0,0
xJExphI2SRU,79,156.14,158.04,"Mano, eu ia fazer a piadinha aqui de macumba",0,0,,,0,0,0,0,0,0,0,0
xJExphI2SRU,80,158.04,159.68,"Só que agora eu não posso fazer, tá bom",0,0,,,0,0,0,0,0,0,0,0
xJExphI2SRU,81,159.68,161.12,O Mucaló agora passou a causuda,0,0,,,0,0,0,0,0,0,0,0
xJExphI2SRU,82,161.12,162.74,Nós temos que virar viada agora,1,1,viada,homofobia_misoginia,0,0,0,0,0,1,0,0
xJExphI2SRU,83,162.74,165.24,"Nada de piadinha, mano, sobre gays, tá bom",0,0,,,0,0,0,0,0,0,0,0
xJExphI2SRU,84,165.24,167.82,"Sobre nada, tem que agora só ficar usando o dialeto, tá bom",0,0,,,0,0,0,0,0,0,0,0
xJExphI2SRU,85,167.82,169.32,Dos caras normos,0,0,,,0,0,0,0,0,0,0,0
xJExphI2SRU,86,169.32,171.44,"É lá do Kenzi agora, tá lá do Kenzi",0,0,,,0,0,0,0,0,0,0,0
xJExphI2SRU,87,171.44,172.94,"Lá do Kenzi, lá do Dinha",0,0,,,0,0,0,0,0,0,0,0
xJExphI2SRU,88,172.94,179.16,"Caralho, mano",1,1,caralho,sexual_degradante,0,0,1,0,0,0,0,0
xJExphI2SRU,89,179.16,180.82,"Mano, que bizonho, cara",0,0,,,0,0,0,0,0,0,0,0
xJExphI2SRU,90,180.82,181.5,Que bizonho,0,0,,,0,0,0,0,0,0,0,0
xJExphI2SRU,91,181.5,183.76,"Que merda foi essa, cara?",0,0,,,0,0,0,0,0,0,0,0
xJExphI2SRU,92,183.8,187.46,O cara chegou a ameaçar,0,0,,,0,0,0,0,0,0,0,0
xJExphI2SRU,93,187.46,188.34,Quebrar tua perna,0,0,,,0,0,0,0,0,0,0,0
xJExphI2SRU,94,188.34,190.76,"Mano, você realmente acha que o meu canal é grande em 1v1?",0,0,,,0,0,0,0,0,0,0,0
xJExphI2SRU,95,190.9,193.1,"Claro que não, você pesa em 120kg, amigão",0,0,,,0,0,0,0,0,0,0,0
xJExphI2SRU,96,193.1,194.22,"Eu não sou obeso, tá bom?",0,0,,,0,0,0,0,0,0,0,0
xJExphI2SRU,97,194.24,195.32,É 100kg de massa magra,0,0,,,0,0,0,0,0,0,0,0
xJExphI2SRU,98,195.32,196.8,"Eu desmonto meu canal no 1v1, desmonto",0,0,,,0,0,0,0,0,0,0,0
xJExphI2SRU,99,196.8,198.36,"É 8x1 de montagem, tá bom?",0,0,,,0,0,0,0,0,0,0,0
xJExphI2SRU,100,198.38,201.1,"Eu sou um artista marcial completo, completo, tá bom?",0,0,,,0,0,0,0,0,0,0,0
xJExphI2SRU,101,201.2,202.2,Tem que marcar o x1,0,0,,,0,0,0,0,0,0,0,0
xJExphI2SRU,102,202.2,203.64,Pode vir em qualquer momento,0,0,,,0,0,0,0,0,0,0,0
xJExphI2SRU,103,203.64,204.88,"Beleza, pode vir em qualquer momento",0,0,,,0,0,0,0,0,0,0,0
xJExphI2SRU,104,204.88,205.9,"Eu no canal, tá bom",0,0,,,0,0,0,0,0,0,0,0
xJExphI2SRU,105,205.9,207.4,Eu destroço ele pro inteiro,0,0,,,0,0,0,0,0,0,0,0
xJExphI2SRU,106,207.4,208.14,Destroço,0,0,,,0,0,0,0,0,0,0,0
xJExphI2SRU,107,208.14,209.02,"Destroço, tá bom",0,0,,,0,0,0,0,0,0,0,0
xJExphI2SRU,108,209.02,209.66,Vai dar reto,0,0,,,0,0,0,0,0,0,0,0
xJExphI2SRU,109,209.66,210.52,Eu me tachei empadaço,0,0,,,0,0,0,0,0,0,0,0
xJExphI2SRU,110,210.52,211.38,"Mas não vejo a altura, tá bom",0,0,,,0,0,0,0,0,0,0,0
xJExphI2SRU,111,211.38,211.88,"Cara, pra mim",0,0,,,0,0,0,0,0,0,0,0
xJExphI2SRU,112,211.88,213.22,Pra alguém vencer time no V1,0,0,,,0,0,0,0,0,0,0,0
xJExphI2SRU,113,213.22,213.98,"Tem que ser, sei lá, mano",0,0,,,0,0,0,0,0,0,0,0
xJExphI2SRU,114,213.98,214.64,"Pô, Atan",0,0,,,0,0,0,0,0,0,0,0
xJExphI2SRU,115,214.64,215.98,Tem que ser o cara do Excalibre,0,0,,,0,0,0,0,0,0,0,0
xJExphI2SRU,116,215.98,216.6,E o UFC,0,0,,,0,0,0,0,0,0,0,0
xJExphI2SRU,117,216.6,217.18,John Jones,0,0,,,0,0,0,0,0,0,0,0
xJExphI2SRU,118,217.18,219.26,"Eu acho que nem John Jones vence, tá bom",0,0,,,0,0,0,0,0,0,0,0
xJExphI2SRU,119,219.26,220.04,Ele tá idoso agora,0,0,,,0,0,0,0,0,0,0,0
xJExphI2SRU,120,220.04,220.5,Ele tá idoso,0,0,,,0,0,0,0,0,0,0,0
xJExphI2SRU,121,220.5,224.03,"Nossa, essa medição aqui",0,0,,,0,0,0,0,0,0,0,0
xJExphI2SRU,122,224.03,224.89,"Eu vou te contar, hein, mano",0,0,,,0,0,0,0,0,0,0,0
xJExphI2SRU,123,224.89,227.63,"O cara começou com uma kill, mano",0,0,,,0,0,0,0,0,0,0,0
xJExphI2SRU,124,227.63,228.03,Você tá louco,0,0,,,0,0,0,0,0,0,0,0
xJExphI2SRU,125,228.03,229.01,"Tem que ter paciência aqui, mano",0,0,,,0,0,0,0,0,0,0,0
xJExphI2SRU,126,229.01,230.25,Ok,0,0,,,0,0,0,0,0,0,0,0
xJExphI2SRU,127,230.25,231.89,"Bom, deixa eu pegar os XP",0,0,,,0,0,0,0,0,0,0,0
xJExphI2SRU,128,231.89,232.79,Os três minions aqui,0,0,,,0,0,0,0,0,0,0,0
xJExphI2SRU,129,232.79,233.59,"Ou dois, na real",0,0,,,0,0,0,0,0,0,0,0
xJExphI2SRU,130,234.09,234.67,"Deixa eu ver aqui, mano.",0,0,,,0,0,0,0,0,0,0,0
xJExphI2SRU,131,237.05,239.47,"É, eu perdi um ou dois minions aqui, mano.",0,0,,,0,0,0,0,0,0,0,0
xJExphI2SRU,132,240.77,241.79,"Ser Fizudo, ser Fizudo.",0,0,,,0,0,0,0,0,0,0,0
xJExphI2SRU,133,242.23,244.73,"Lorde, o campeão tá medíocre ainda caçando o Fizudo?",0,0,,,0,0,0,0,0,0,0,0
xJExphI2SRU,134,246.37,247.99,"Cara, medíocre não tá não, mano.",0,0,,,0,0,0,0,0,0,0,0
xJExphI2SRU,135,248.05,249.23,"O campeão melhorou bastante, tá ligado?",0,0,,,0,0,0,0,0,0,0,0
xJExphI2SRU,136,250.87,254.63,"Assim, pelo menos agora, se você jogar bem o late game, você escala pelo menos, né?",0,0,,,0,0,0,0,0,0,0,0
xJExphI2SRU,137,254.67,255.51,Antigamente nem isso fazia.,0,0,,,0,0,0,0,0,0,0,0
xJExphI2SRU,138,256.63,258.43,"A Leni fez o campeão com a mesma merda de sempre, né?",0,0,,,0,0,0,0,0,0,0,0
xJExphI2SRU,139,259.31,261.21,"Não sei se vai ser escadado, mas o campeão escala bem agora.",0,0,,,0,0,0,0,0,0,0,0
xJExphI2SRU,140,261.51,262.95,"Cara, o cara nem gastou o flash, eu acho.",0,0,,,0,0,0,0,0,0,0,0
xJExphI2SRU,141,263.03,264.87,"Só foi uma kill de graça aqui e pronto, mano.",0,0,,,0,0,0,0,0,0,0,0
xJExphI2SRU,142,265.69,267.71,"Nossa, que que é isso aqui, mano?",0,0,,,0,0,0,0,0,0,0,0
xJExphI2SRU,143,267.75,268.73,"Tô sendo fuzilado, cara",0,0,,,0,0,0,0,0,0,0,0
xJExphI2SRU,144,268.73,269.35,Deu merda a zuda,0,0,,,0,0,0,0,0,0,0,0
xJExphI2SRU,145,269.35,270.97,"Deu merda a zuda, deu merda",0,0,,,0,0,0,0,0,0,0,0
xJExphI2SRU,146,270.97,273.47,"Eu acho que meu dia vai fazer blue e eu vim reto aqui, mano",0,0,,,0,0,0,0,0,0,0,0
xJExphI2SRU,147,273.47,275.39,"Tô meio que quem faz isso aqui mesmo, né?",0,0,,,0,0,0,0,0,0,0,0
xJExphI2SRU,148,275.39,276.77,"Quem é free gang aqui na quinzuda, mano",0,0,,,0,0,0,0,0,0,0,0
xJExphI2SRU,149,276.77,277.55,É a baita ela que faz,0,0,,,0,0,0,0,0,0,0,0
xJExphI2SRU,150,277.55,282.64,"Ela morreu aqui agora, mano",0,0,,,0,0,0,0,0,0,0,0
xJExphI2SRU,151,282.64,287.38,Ela morreu?,0,0,,,0,0,0,0,0,0,0,0
xJExphI2SRU,152,287.5,288.5,"Tem que morrer isso aqui, mano",0,0,,,0,0,0,0,0,0,0,0
xJExphI2SRU,153,288.5,289.1,"Não é possível, cara",0,0,,,0,0,0,0,0,0,0,0
xJExphI2SRU,154,289.1,293.96,"Meu Deus, cara",0,0,,,0,0,0,0,0,0,0,0
xJExphI2SRU,155,293.96,295.94,"Ainda bem que eu comprei essa pelo limite aqui, mano",0,0,,,0,0,0,0,0,0,0,0
xJExphI2SRU,156,295.94,297.04,"E aí, fiz tudo ok",0,0,,,0,0,0,0,0,0,0,0
xJExphI2SRU,157,297.04,300.04,"Tô aqui não, velho",0,0,,,0,0,0,0,0,0,0,0
xJExphI2SRU,158,300.04,300.94,"Jogo na minha conta, né?",0,0,,,0,0,0,0,0,0,0,0
xJExphI2SRU,159,301.0,301.94,"É o mano, se eu quiser jogar",0,0,,,0,0,0,0,0,0,0,0
xJExphI2SRU,160,301.94,302.92,"Boa noite, boa noite, mano",0,0,,,0,0,0,0,0,0,0,0
xJExphI2SRU,161,302.92,303.8,Isso não pode ter guxo,0,0,,,0,0,0,0,0,0,0,0
xJExphI2SRU,162,303.8,308.33,"Caralho, mano, só dá um bilhão de gana",1,1,caralho,sexual_degradante,0,0,1,0,0,0,0,0
xJExphI2SRU,163,308.33,309.29,Nessa piranha aqui,1,1,piranha,xingamentos_genero,0,0,0,0,1,0,0,0
xJExphI2SRU,164,309.29,311.83,"E acabou o game, cara, que porra é essa, mano",0,0,,,0,0,0,0,0,0,0,0
xJExphI2SRU,165,311.83,313.87,É o P do B full,0,0,,,0,0,0,0,0,0,0,0
xJExphI2SRU,166,313.87,314.79,"Full pie, mano",0,0,,,0,0,0,0,0,0,0,0
xJExphI2SRU,167,314.79,316.89,Quando eu tirei esse ponto de partida aqui,0,0,,,0,0,0,0,0,0,0,0
xJExphI2SRU,168,316.89,318.99,Eu só fui farmar aqui no meu bot,0,0,,,0,0,0,0,0,0,0,0
xJExphI2SRU,169,318.99,321.11,Pingar só e por aí aceitar,0,0,,,0,0,0,0,0,0,0,0
xJExphI2SRU,170,321.11,325.08,"Derramei pro exame o meu bot, ele se matou de já",0,0,,,0,0,0,0,0,0,0,0
xJExphI2SRU,171,325.08,325.48,Os devs,0,0,,,0,0,0,0,0,0,0,0
xJExphI2SRU,172,325.48,329.62,"Ok, eu vou puxar aqui e vou dar B logo aqui",0,0,,,0,0,0,0,0,0,0,0
xJExphI2SRU,173,329.62,331.16,Dar meu B zudo aqui,0,0,,,0,0,0,0,0,0,0,0
xJExphI2SRU,174,331.16,332.28,E teclinzudo aqui,0,0,,,0,0,0,0,0,0,0,0
xJExphI2SRU,175,332.28,335.44,"Bom, agora eu posso sim fazer o meu playstyle",0,0,,,0,0,0,0,0,0,0,0
xJExphI2SRU,176,335.44,336.48,"Que eu queria fazer, rapaziada, bora",0,0,,,0,0,0,0,0,0,0,0
xJExphI2SRU,177,336.48,338.86,"Comprar aqui, bota a zuda aqui logo, mano",0,0,,,0,0,0,0,0,0,0,0
xJExphI2SRU,178,338.86,339.84,Ok,0,0,,,0,0,0,0,0,0,0,0
xJExphI2SRU,179,339.84,345.29,"Tem que comprar, ah tá, mano",0,0,,,0,0,0,0,0,0,0,0
xJExphI2SRU,180,345.29,346.79,"Que porra é essa, mano",0,0,,,0,0,0,0,0,0,0,0
xJExphI2SRU,181,346.79,348.61,Tem que fazer um save zudo,0,0,,,0,0,0,0,0,0,0,0
xJExphI2SRU,182,348.61,350.97,"Que bota a zuda é essa, é broken boots",0,0,,,0,0,0,0,0,0,0,0
xJExphI2SRU,183,350.97,352.77,"É broken boots aqui, mano, é broken",0,0,,,0,0,0,0,0,0,0,0
xJExphI2SRU,184,352.77,355.83,É broken boots zudas,0,0,,,0,0,0,0,0,0,0,0
xJExphI2SRU,185,355.83,360.11,"Ah, inverteram isso aqui, mano",0,0,,,0,0,0,0,0,0,0,0
xJExphI2SRU,186,360.11,361.25,"Eu gostei, na real",0,0,,,0,0,0,0,0,0,0,0
xJExphI2SRU,187,361.25,364.29,"Inverteram porra nenhuma, cara",0,0,,,0,0,0,0,0,0,0,0
xJExphI2SRU,188,364.29,370.28,"Dá pra matar ele aqui, acho que ele morreu",0,0,,,0,0,0,0,0,0,0,0
xJExphI2SRU,189,370.28,371.16,"Inclusive aqui, mano",0,0,,,0,0,0,0,0,0,0,0
xJExphI2SRU,190,371.16,373.04,"Só o Tai mata ele, só isso",0,0,,,0,0,0,0,0,0,0,0
xJExphI2SRU,191,373.04,380.22,"Boa negócio, boa, save zudo, ok",0,0,,,0,0,0,0,0,0,0,0
xJExphI2SRU,192,380.22,381.76,Já saiu da esmeralda?,0,0,,,0,0,0,0,0,0,0,0
xJExphI2SRU,193,381.82,383.46,"Claro que não, eu tô esmeraldola ainda, mano",0,0,,,0,0,0,0,0,0,0,0
xJExphI2SRU,194,383.46,384.64,Eu sou o criado azul do mano,0,0,,,0,0,0,0,0,0,0,0
xJExphI2SRU,195,384.64,387.16,"Eu sou o suskit preto, tá ligado?",0,0,,,0,0,0,0,0,0,0,0
xJExphI2SRU,196,388.68,389.7,"Eu morri aqui, mano",0,0,,,0,0,0,0,0,0,0,0
xJExphI2SRU,197,389.7,392.3,"Ai, meu Deus, cara",0,0,,,0,0,0,0,0,0,0,0
xJExphI2SRU,198,392.3,393.52,"O cara não dá nem o ping, mano",0,0,,,0,0,0,0,0,0,0,0
xJExphI2SRU,199,393.52,395.02,"No topside, tem como saber nada",0,0,,,0,0,0,0,0,0,0,0
xJExphI2SRU,200,395.02,396.44,"Onde a Queen tá no mapa, cara",0,0,,,0,0,0,0,0,0,0,0
xJExphI2SRU,201,396.44,399.36,"Eu acho que eu mato ela com flash aqui, mano",0,0,,,0,0,0,0,0,0,0,0
xJExphI2SRU,202,399.36,400.52,"Ela morreu aqui, ou não, né",0,0,,,0,0,0,0,0,0,0,0
xJExphI2SRU,203,400.52,403.16,"Ou não, ou foi do meu matela mesmo",0,0,,,0,0,0,0,0,0,0,0
xJExphI2SRU,204,403.16,405.16,"Olha aqui pra mim, mano",0,0,,,0,0,0,0,0,0,0,0
xJExphI2SRU,205,405.16,408.22,Não vai escapar assim,0,0,,,0,0,0,0,0,0,0,0
xJExphI2SRU,206,408.22,409.12,"Calma aí também, né, puta",1,1,puta,xingamentos_genero,0,0,0,0,1,0,0,0
xJExphI2SRU,207,409.12,412.62,"Tá bom, o Pedro B tá batendo um lig...",0,0,,,0,0,0,0,0,0,0,0
xJExphI2SRU,208,412.62,413.74,"Hum, perdi a catarpa, cara",0,0,,,0,0,0,0,0,0,0,0
xJExphI2SRU,209,413.74,416.5,"Meu Jean parece ser um ser humano aqui, mano",0,0,,,0,0,0,0,0,0,0,0
xJExphI2SRU,210,416.5,417.34,Isso aqui é uma realidade zuda,0,0,,,0,0,0,0,0,0,0,0
xJExphI2SRU,211,417.34,419.4,"Vamos dar meu besudo aqui, ok",0,0,,,0,0,0,0,0,0,0,0
xJExphI2SRU,212,419.4,422.4,"Chegou o tempo aqui, mano",0,0,,,0,0,0,0,0,0,0,0
xJExphI2SRU,213,422.4,423.38,"Tem que ter pra bot, rapaziada",0,0,,,0,0,0,0,0,0,0,0
xJExphI2SRU,214,423.38,424.7,A Queen vai vir aqui e vai matar os dois,0,0,,,0,0,0,0,0,0,0,0
xJExphI2SRU,215,424.7,425.72,"Tem que ter pra ali de uma vez, Jean",0,0,,,0,0,0,0,0,0,0,0
xJExphI2SRU,216,425.72,429.22,"Tem que ter antecipadamente aqui, tá ligado?",0,0,,,0,0,0,0,0,0,0,0
xJExphI2SRU,217,433.46,433.78,Ok,0,0,,,0,0,0,0,0,0,0,0
xJExphI2SRU,218,433.78,437.06,"Ô, o cara se matou, mano",0,0,,,0,0,0,0,0,0,0,0
xJExphI2SRU,219,437.06,437.6,Que porra...,0,0,,,0,0,0,0,0,0,0,0
xJExphI2SRU,220,437.6,439.5,"Yumi! Vem comigo, mano!",0,0,,,0,0,0,0,0,0,0,0
xJExphI2SRU,221,439.54,440.58,"Que que é isso, Yumi Zuda?",0,0,,,0,0,0,0,0,0,0,0
xJExphI2SRU,222,442.93,443.21,Ok.,0,0,,,0,0,0,0,0,0,0,0
xJExphI2SRU,223,447.37,448.71,"Agora sim deu bom zudo, mano.",0,0,,,0,0,0,0,0,0,0,0
xJExphI2SRU,224,449.95,452.45,"É, pior que eu estupro ela aqui agora, se ela ficar louca, mano.",0,0,,,0,0,0,0,0,0,0,0
xJExphI2SRU,225,453.97,454.97,"Meu Deus, cara!",0,0,,,0,0,0,0,0,0,0,0
xJExphI2SRU,226,455.01,455.49,Meu R não pegou...,0,0,,,0,0,0,0,0,0,0,0
xJExphI2SRU,227,455.49,456.87,"Mano, meu R não pegou nela, cara!",0,0,,,0,0,0,0,0,0,0,0
xJExphI2SRU,228,457.91,459.95,"Pera aí, ela cancelou meu R com o E dela, será, mano?",0,0,,,0,0,0,0,0,0,0,0
xJExphI2SRU,229,459.95,460.75,"Meu R não pegou nela, mano?",0,0,,,0,0,0,0,0,0,0,0
xJExphI2SRU,230,460.75,461.99,Que porra foi essa? Eu matava ela.,0,0,,,0,0,0,0,0,0,0,0
xJExphI2SRU,231,462.75,464.27,"Ia provocar o Tanteló de zudo, mano.",0,0,,,0,0,0,0,0,0,0,0
xJExphI2SRU,232,464.45,465.03,Mas tá bom.,0,0,,,0,0,0,0,0,0,0,0
xJExphI2SRU,233,469.42,469.74,Mano!,0,0,,,0,0,0,0,0,0,0,0
xJExphI2SRU,234,471.12,472.46,"É, eu tenho que só aceitar mesmo, mano.",0,0,,,0,0,0,0,0,0,0,0
xJExphI2SRU,235,472.46,473.7,Eu vou ter que dar recall de novo aqui pro Lugis.,0,0,,,0,0,0,0,0,0,0,0
xJExphI2SRU,236,473.7,476.56,"É, eu tenho que ficar dando recado",0,0,,,0,0,0,0,0,0,0,0
xJExphI2SRU,237,476.56,477.72,"Eu nem fiz inteiro aqui, mano",0,0,,,0,0,0,0,0,0,0,0
xJExphI2SRU,238,477.72,480.4,"Bom, vamos por esse lado positivo aqui",0,0,,,0,0,0,0,0,0,0,0
xJExphI2SRU,239,480.4,481.22,Eu vou sacar minha bota,0,0,,,0,0,0,0,0,0,0,0
xJExphI2SRU,240,481.22,482.9,Eu vendei minha poça de refil logo na vez aqui,0,0,,,0,0,0,0,0,0,0,0
xJExphI2SRU,241,482.9,485.04,"E aí, vocês vão querer vir aqui na playzuda",0,0,,,0,0,0,0,0,0,0,0
xJExphI2SRU,242,485.04,486.26,Vão mutar os caras aqui,0,0,,,0,0,0,0,0,0,0,0
xJExphI2SRU,243,486.26,487.12,Como é que vai ser isso aqui?,0,0,,,0,0,0,0,0,0,0,0
xJExphI2SRU,244,487.18,488.16,"Ah, entendi, mano",0,0,,,0,0,0,0,0,0,0,0
xJExphI2SRU,245,488.16,495.6,Vou matar esse cara aqui,0,0,,,0,0,0,0,0,0,0,0
xJExphI2SRU,246,495.6,496.52,"Vou ter que morrer, rapaz",0,0,,,0,0,0,0,0,0,0,0
xJExphI2SRU,247,496.52,501.34,"E deu merda a truque agora, mano",0,0,,,0,0,0,0,0,0,0,0
xJExphI2SRU,248,501.34,508.11,"Cara, eu sei que meti...",0,0,,,0,0,0,0,0,0,0,0
xJExphI2SRU,249,508.11,509.85,"É, eu estou oficialmente morto aqui",0,0,,,0,0,0,0,0,0,0,0
xJExphI2SRU,250,509.85,512.05,"Tá bom, peguei duas kills",0,0,,,0,0,0,0,0,0,0,0
xJExphI2SRU,251,512.05,512.55,Dá pra carregar,0,0,,,0,0,0,0,0,0,0,0
xJExphI2SRU,252,512.55,514.51,"Mano, meu bot era pra ter vindo bem antes, mano",0,0,,,0,0,0,0,0,0,0,0
xJExphI2SRU,253,514.51,515.19,"Nossa, que demora.",0,0,,,0,0,0,0,0,0,0,0
xJExphI2SRU,254,515.27,516.15,"Que bote podre, mano.",0,0,,,0,0,0,0,0,0,0,0
xJExphI2SRU,255,516.69,517.33,Bote podre.,0,0,,,0,0,0,0,0,0,0,0
xJExphI2SRU,256,518.91,519.27,Ok.,0,0,,,0,0,0,0,0,0,0,0
xJExphI2SRU,257,520.29,520.97,"Nossa, olha a Queen.",0,0,,,0,0,0,0,0,0,0,0
xJExphI2SRU,258,521.57,522.71,"Mano, que porra é essa?",0,0,,,0,0,0,0,0,0,0,0
xJExphI2SRU,259,523.45,525.29,"Cara, a Queen foi só para o UV, cara.",0,0,,,0,0,0,0,0,0,0,0
xJExphI2SRU,260,525.33,525.81,O que é isso?,0,0,,,0,0,0,0,0,0,0,0
xJExphI2SRU,261,526.45,528.41,"Deu merda, deu merda, deu merda, deu merda.",0,0,,,0,0,0,0,0,0,0,0
xJExphI2SRU,262,534.72,536.18,"Quase ganha isso aqui, ganha não, mano.",0,0,,,0,0,0,0,0,0,0,0
xJExphI2SRU,263,537.42,538.54,"Quase ganha isso aqui bem fácil, né?",0,0,,,0,0,0,0,0,0,0,0
xJExphI2SRU,264,539.56,540.58,"Safe, Zulu, safe, Zulu.",0,0,,,0,0,0,0,0,0,0,0
xJExphI2SRU,265,544.67,545.03,Ok.,0,0,,,0,0,0,0,0,0,0,0
xJExphI2SRU,266,546.93,548.35,Superou minhas expectativas?,0,0,,,0,0,0,0,0,0,0,0
xJExphI2SRU,267,549.15,550.97,"Não, eu sabia que você tacava C da bota, mano.",0,0,,,0,0,0,0,0,0,0,0
xJExphI2SRU,268,550.97,558.04,"Nossa, pra que esse dive todo dessa maneira, cara?",0,0,,,0,0,0,0,0,0,0,0
xJExphI2SRU,269,558.84,559.6,"Meu Deus, mano.",0,0,,,0,0,0,0,0,0,0,0
xJExphI2SRU,270,560.66,562.02,"Nossa, que dive podre, mano.",0,0,,,0,0,0,0,0,0,0,0
xJExphI2SRU,271,562.7,565.02,"Esse aqui é um pro contra, esse aqui é tipo assim, asqueroso e ruim, mano.",0,0,,,0,0,0,0,0,0,0,0
xJExphI2SRU,272,566.08,568.52,"Era só não ter feito nada que a gente daivava os caras, tá ligado?",0,0,,,0,0,0,0,0,0,0,0
xJExphI2SRU,273,568.84,569.42,Mas tá bom.,0,0,,,0,0,0,0,0,0,0,0
xJExphI2SRU,274,571.04,572.82,"Os buffs, no caso, fez muita diferença?",0,0,,,0,0,0,0,0,0,0,0
xJExphI2SRU,275,572.96,573.62,"Pior que fez, mano.",0,0,,,0,0,0,0,0,0,0,0
xJExphI2SRU,276,574.56,575.68,"Mas fez uma boa diferença sim, mano.",0,0,,,0,0,0,0,0,0,0,0
xJExphI2SRU,277,575.72,579.52,"Eu vou tempar aqui, mas eu acho que eu tempei à toa, tá ligado?",0,0,,,0,0,0,0,0,0,0,0
xJExphI2SRU,278,579.86,580.82,"Dá pra sonhar aqui, tá ligado?",0,0,,,0,0,0,0,0,0,0,0
xJExphI2SRU,279,586.75,588.37,"Caraca, mas olha o dano dessa merda, cara.",0,0,,,0,0,0,0,0,0,0,0
xJExphI2SRU,280,588.37,591.15,"Caralho, me deu muito dano, mano",1,1,caralho,sexual_degradante,0,0,1,0,0,0,0,0
xJExphI2SRU,281,591.15,591.69,Que que é isso?,0,0,,,0,0,0,0,0,0,0,0
xJExphI2SRU,282,593.17,594.41,"Ah, mano, eu tô vivaz aqui, né",0,0,,,0,0,0,0,0,0,0,0
xJExphI2SRU,283,594.41,595.33,Eu tô podre,0,0,,,0,0,0,0,0,0,0,0
xJExphI2SRU,284,595.33,597.19,Ok,0,0,,,0,0,0,0,0,0,0,0
xJExphI2SRU,285,597.19,601.19,"Mano, o cara me matou",0,0,,,0,0,0,0,0,0,0,0
xJExphI2SRU,286,601.19,604.35,"Que que é isso? O cara me pegou como, velho?",0,0,,,0,0,0,0,0,0,0,0
xJExphI2SRU,287,604.39,605.49,"Que speed é essa, mano?",0,0,,,0,0,0,0,0,0,0,0
xJExphI2SRU,288,606.37,607.91,"Meu, parece que eu tava vivaz aqui ainda",0,0,,,0,0,0,0,0,0,0,0
xJExphI2SRU,289,607.91,609.91,"Bom, fechei minha safe agora, bora",0,0,,,0,0,0,0,0,0,0,0
xJExphI2SRU,290,609.91,612.25,O engraçado é que ela pode vir reto aqui,0,0,,,0,0,0,0,0,0,0,0
xJExphI2SRU,291,612.25,612.95,"Eu morrer, tá ligado?",0,0,,,0,0,0,0,0,0,0,0
xJExphI2SRU,292,612.95,614.27,Eu tô sem minha safe,0,0,,,0,0,0,0,0,0,0,0
xJExphI2SRU,293,614.27,624.49,"É, me dá bem que o Pedobi usou 2 de QI aqui",0,0,,,0,0,0,0,0,0,0,0
xJExphI2SRU,294,624.49,625.51,"Ficou na minha lane aqui, né",0,0,,,0,0,0,0,0,0,0,0
xJExphI2SRU,295,626.21,627.21,"Nossa, pegou até dois aqui.",0,0,,,0,0,0,0,0,0,0,0
xJExphI2SRU,296,627.27,627.95,"Tá bem hoje, Vicky.",0,0,,,0,0,0,0,0,0,0,0
xJExphI2SRU,297,629.55,630.77,"Vamos pra cacete aqui, né, mano?",0,0,,,0,0,0,0,0,0,0,0
xJExphI2SRU,298,632.47,633.19,"Que isso, negócio?",0,0,,,0,0,0,0,0,0,0,0
xJExphI2SRU,299,633.25,634.27,"Pega essa merda aqui logo, mano.",0,0,,,0,0,0,0,0,0,0,0
xJExphI2SRU,300,634.31,634.87,"Tem que dar B, mano.",0,0,,,0,0,0,0,0,0,0,0
xJExphI2SRU,301,634.91,635.17,Tem que dar B.,0,0,,,0,0,0,0,0,0,0,0
xJExphI2SRU,302,637.36,638.46,"Tem que dar B, tipo assim, agora.",0,0,,,0,0,0,0,0,0,0,0
xJExphI2SRU,303,638.54,639.3,"Agora eu vou dar B já, mano.",0,0,,,0,0,0,0,0,0,0,0
xJExphI2SRU,304,641.47,642.55,"Pô, tem que dar B, mano.",0,0,,,0,0,0,0,0,0,0,0
xJExphI2SRU,305,642.59,643.53,"O cara favelou, cara.",0,0,,,0,0,0,0,0,0,0,0
xJExphI2SRU,306,643.59,644.25,"Meu Deus, mano.",0,0,,,0,0,0,0,0,0,0,0
xJExphI2SRU,307,644.27,645.59,"Vamos que vai atacar a Zulu, mano.",0,0,,,0,0,0,0,0,0,0,0
xJExphI2SRU,308,648.56,650.62,"Nossa, o cara ficou louco pro pedobir, mano.",0,0,,,0,0,0,0,0,0,0,0
xJExphI2SRU,309,650.84,652.2,"Vamos ter que descer lá e reta, mano.",0,0,,,0,0,0,0,0,0,0,0
xJExphI2SRU,310,653.56,653.8,Ok.,0,0,,,0,0,0,0,0,0,0,0
xJExphI2SRU,311,654.92,656.5,"Pô, dá pra dar chase, hein, na real, mano.",0,0,,,0,0,0,0,0,0,0,0
xJExphI2SRU,312,660.59,662.41,"Eu vou matar a Queen aqui agora, rapaziada.",0,0,,,0,0,0,0,0,0,0,0
xJExphI2SRU,313,662.41,663.63,O mata pop mesmo,0,0,,,0,0,0,0,0,0,0,0
xJExphI2SRU,314,663.63,666.11,O pop tá aqui,0,0,,,0,0,0,0,0,0,0,0
xJExphI2SRU,315,666.11,668.33,Tem uma cuia aqui,0,0,,,0,0,0,0,0,0,0,0
xJExphI2SRU,316,668.33,668.91,Isso é um problema,0,0,,,0,0,0,0,0,0,0,0
xJExphI2SRU,317,668.91,669.65,Eu tenho zonas também,0,0,,,0,0,0,0,0,0,0,0
xJExphI2SRU,318,669.65,669.97,Não moro nem,0,0,,,0,0,0,0,0,0,0,0
xJExphI2SRU,319,669.97,683.57,"Ah, minhas zonas",0,0,,,0,0,0,0,0,0,0,0
xJExphI2SRU,320,683.57,685.01,"Meu Deus, cara",0,0,,,0,0,0,0,0,0,0,0
xJExphI2SRU,321,685.01,685.77,Acho que eu morri aqui,0,0,,,0,0,0,0,0,0,0,0
xJExphI2SRU,322,685.77,688.91,"Cara, minhas zonas",0,0,,,0,0,0,0,0,0,0,0
xJExphI2SRU,323,688.91,689.45,Tavam três,0,0,,,0,0,0,0,0,0,0,0
xJExphI2SRU,324,689.45,690.13,Eu fiquei com delay,0,0,,,0,0,0,0,0,0,0,0
xJExphI2SRU,325,690.13,690.59,Usando as zonas,0,0,,,0,0,0,0,0,0,0,0
xJExphI2SRU,326,690.59,691.57,Eu fiquei pegando dois,0,0,,,0,0,0,0,0,0,0,0
xJExphI2SRU,327,691.57,692.23,"Na playzuda, mano",0,0,,,0,0,0,0,0,0,0,0
xJExphI2SRU,328,692.23,692.79,Mas deu bom anyway,0,0,,,0,0,0,0,0,0,0,0
xJExphI2SRU,329,692.79,695.23,"Caralho, eu fiquei parado",1,1,caralho,sexual_degradante,0,0,1,0,0,0,0,0
xJExphI2SRU,330,695.23,696.31,Tavam três minhas zonas zudas,0,0,,,0,0,0,0,0,0,0,0
xJExphI2SRU,331,696.31,697.05,Mas tá bom,0,0,,,0,0,0,0,0,0,0,0
xJExphI2SRU,332,697.05,697.71,Peguei uma tacã,0,0,,,0,0,0,0,0,0,0,0
xJExphI2SRU,333,697.71,700.19,Eu gosto dessa bota aqui,0,0,,,0,0,0,0,0,0,0,0
xJExphI2SRU,334,700.19,701.13,Mas não achei essa bota ruim não,0,0,,,0,0,0,0,0,0,0,0
xJExphI2SRU,335,701.13,702.01,Começou a usar mais games,0,0,,,0,0,0,0,0,0,0,0
xJExphI2SRU,336,702.01,707.7,Os caras se mataram aqui,0,0,,,0,0,0,0,0,0,0,0
xJExphI2SRU,337,707.7,708.58,Eu quero dar pezinho pra eles,0,0,,,0,0,0,0,0,0,0,0
xJExphI2SRU,338,708.58,724.74,"Ih, deu merda isso aqui",0,0,,,0,0,0,0,0,0,0,0
xJExphI2SRU,339,724.74,726.3,"Mano, deu merda pra vocês, mano",0,0,,,0,0,0,0,0,0,0,0
xJExphI2SRU,340,726.3,728.84,Broke Saber e Caçador,0,0,,,0,0,0,0,0,0,0,0
xJExphI2SRU,341,728.84,730.0,"Ok, deu merda, deu merda",0,0,,,0,0,0,0,0,0,0,0
xJExphI2SRU,342,730.0,732.64,"Eu peguei muito Broke, Broke Saber, ok",0,0,,,0,0,0,0,0,0,0,0
xJExphI2SRU,343,732.64,733.24,Broke Saber,0,0,,,0,0,0,0,0,0,0,0
xJExphI2SRU,344,733.24,736.32,"Fica na side lá, ninguém puxou, mano",0,0,,,0,0,0,0,0,0,0,0
xJExphI2SRU,345,736.32,738.32,Vai pra Dragão Azul aqui também,0,0,,,0,0,0,0,0,0,0,0
xJExphI2SRU,346,738.32,740.74,"Ok, eu posso morrer aqui, mano",0,0,,,0,0,0,0,0,0,0,0
xJExphI2SRU,347,740.74,741.74,"Eu acho que eu morri, rapaziada",0,0,,,0,0,0,0,0,0,0,0
xJExphI2SRU,348,741.74,748.2,"Eu sabia que o Inverno vinha até aqui, favela",0,0,,,0,0,0,0,0,0,0,0
xJExphI2SRU,349,748.2,749.62,"Começou já a pedolice, mano",0,0,,,0,0,0,0,0,0,0,0
xJExphI2SRU,350,749.62,751.76,"Olha essa fight, pô, ele tá sem minha fight",0,0,,,0,0,0,0,0,0,0,0
xJExphI2SRU,351,751.76,754.12,"Tá sem o Nara fight, só que é um 3v5, mano",0,0,,,0,0,0,0,0,0,0,0
xJExphI2SRU,352,754.12,755.92,"A gente ganha? A gente ganha, mano",0,0,,,0,0,0,0,0,0,0,0
xJExphI2SRU,353,755.92,756.74,"Meu Deus, cara",0,0,,,0,0,0,0,0,0,0,0
xJExphI2SRU,354,756.74,765.24,"Eu tenho que parabenizar essa minha pop aqui, mano, que tá contra mim, mano, que buildou",0,0,,,0,0,0,0,0,0,0,0
xJExphI2SRU,355,765.24,767.98,"full armadura quando eu comecei um full AP, tá ligado?",0,0,,,0,0,0,0,0,0,0,0
xJExphI2SRU,356,767.98,770.98,"Ainda bem que essa pop aqui é, tipo assim, burra pra cacete, mano.",0,0,,,0,0,0,0,0,0,0,0
xJExphI2SRU,357,770.98,774.98,"Quando eu buildo rabadão, ué, quase todo game, mano, o problema é os games não duram,",0,0,,,0,0,0,0,0,0,0,0
xJExphI2SRU,358,774.98,775.98,tá ligado?,0,0,,,0,0,0,0,0,0,0,0
xJExphI2SRU,359,775.98,779.18,"Por exemplo, esse game aqui, eu vou, eu vou mudar o rabadão, mas eu acho que até o version",0,0,,,0,0,0,0,0,0,0,0
xJExphI2SRU,360,779.18,780.18,"it vai acabar a partida, né?",0,0,,,0,0,0,0,0,0,0,0
xJExphI2SRU,361,780.18,783.18,"O cara flechou à toa, porque ele tá morto aqui.",0,0,,,0,0,0,0,0,0,0,0
xJExphI2SRU,362,783.18,792.13,"Cara, eu acho que eu tinha visto alguém aqui, mano, será que eu ouvi a impressão?",0,0,,,0,0,0,0,0,0,0,0
xJExphI2SRU,363,792.13,800.81,Eu te vi servir aqui mesmo,0,0,,,0,0,0,0,0,0,0,0
xJExphI2SRU,364,800.81,804.74,Vou dar BTP logo aqui,0,0,,,0,0,0,0,0,0,0,0
xJExphI2SRU,365,804.74,806.92,"Na real dá pra dar GG aqui, acabou o game",0,0,,,0,0,0,0,0,0,0,0
xJExphI2SRU,366,806.92,809.38,"Isso acontece, eu não consigo fechar a badão",0,0,,,0,0,0,0,0,0,0,0
xJExphI2SRU,367,809.38,810.08,Acabou o game antes,0,0,,,0,0,0,0,0,0,0,0
12oibiOBoSI,1,0.0,1.14,"Mano, que porra é essa?",0,0,,,0,0,0,0,0,0,0,0
12oibiOBoSI,2,1.2,3.98,"Eu vou chorar, mano",0,0,,,0,0,0,0,0,0,0,0
12oibiOBoSI,3,3.98,5.9,"Finalmente, essa empresa é fodida",0,0,,,0,0,0,0,0,0,0,0
12oibiOBoSI,4,5.9,7.84,"Deu buff no caça-dolfin, mano",0,0,,,0,0,0,0,0,0,0,0
12oibiOBoSI,5,7.84,8.88,"Meu Deus, cara, o que é isso?",0,0,,,0,0,0,0,0,0,0,0
12oibiOBoSI,6,9.56,11.16,"Nem fodendo, mano, nem fodendo",0,0,,,0,0,0,0,0,0,0,0
12oibiOBoSI,7,11.16,12.58,"Meu Deus, cara, deixa eu ver essa merda aqui, mano",0,0,,,0,0,0,0,0,0,0,0
12oibiOBoSI,8,12.58,15.32,O caçadinha anda meio estagnado e abaixo,0,0,,,0,0,0,0,0,0,0,0
12oibiOBoSI,9,15.32,16.74,E queríamos consultar de vitória,0,0,,,0,0,0,0,0,0,0,0
12oibiOBoSI,10,16.74,18.66,Queremos melhorar seu dano no late game,0,0,,,0,0,0,0,0,0,0,0
12oibiOBoSI,11,18.66,20.94,"Para encorajar um escalamento arriscado, mas é compensador",0,0,,,0,0,0,0,0,0,0,0
12oibiOBoSI,12,20.94,22.48,Fiquei em jogo com ele com ult,0,0,,,0,0,0,0,0,0,0,0
12oibiOBoSI,13,22.48,24.32,"Caralho, mano, deixa eu ver agora o que vai bufar, mano",1,1,caralho,sexual_degradante,0,0,1,0,0,0,0,0
12oibiOBoSI,14,24.32,26.48,"Bom, bufou 10% da perda do Q",0,0,,,0,0,0,0,0,0,0,0
12oibiOBoSI,15,26.48,28.1,É bastante quando é 10%,0,0,,,0,0,0,0,0,0,0,0
12oibiOBoSI,16,28.1,29.6,E 5% do E,0,0,,,0,0,0,0,0,0,0,0
12oibiOBoSI,17,29.6,32.82,"5% é muito pouco, mas esses 10% do quê, mano?",0,0,,,0,0,0,0,0,0,0,0
12oibiOBoSI,18,32.94,34.62,"Cara, foram bons",0,0,,,0,0,0,0,0,0,0,0
12oibiOBoSI,19,34.62,36.46,"Buffs, mano, 15% de",0,0,,,0,0,0,0,0,0,0,0
12oibiOBoSI,20,36.46,38.3,"AP rate a mais, mano, faz muita diferença",0,0,,,0,0,0,0,0,0,0,0
12oibiOBoSI,21,38.3,39.2,No mid late game,0,0,,,0,0,0,0,0,0,0,0
12oibiOBoSI,22,39.2,42.44,"Cara, agora o campeão vai realmente voltar a escalar",0,0,,,0,0,0,0,0,0,0,0
12oibiOBoSI,23,42.44,43.98,"Bastante late game zudo, mano",0,0,,,0,0,0,0,0,0,0,0
12oibiOBoSI,24,43.98,45.96,"Tipo assim, o L game muda por nenhuma, mas",0,0,,,0,0,0,0,0,0,0,0
12oibiOBoSI,25,45.96,48.54,"Quando o jogo vai passando, vai mudando AP, mano",0,0,,,0,0,0,0,0,0,0,0
12oibiOBoSI,26,48.54,50.18,Já que meu faro AP rate muda pra caralho,1,1,caralho,sexual_degradante,0,0,1,0,0,0,0,0
12oibiOBoSI,27,50.18,50.98,"Pra caralho, pra caralho",2,1,caralho,sexual_degradante,0,0,1,0,0,0,0,0
12oibiOBoSI,28,50.98,53.98,"Bom, na teoria são buffs perceptíveis aqui, né",0,0,,,0,0,0,0,0,0,0,0
12oibiOBoSI,29,53.98,56.12,O problema agora é começar uns bans de viadinho,1,1,viadinho,homofobia_misoginia,0,0,0,0,0,1,0,0
12oibiOBoSI,30,56.12,57.68,"Ai, meu Deus, o campeão tá muito broco, meu Deus",0,0,,,0,0,0,0,0,0,0,0
12oibiOBoSI,31,57.68,58.78,"Eu tenho que banir essa merda aqui, meu Deus",0,0,,,0,0,0,0,0,0,0,0
12oibiOBoSI,32,58.78,60.72,"Eu sou viadinho aqui, jogo de Lux aqui",1,1,viadinho,homofobia_misoginia,0,0,0,0,0,1,0,0
12oibiOBoSI,33,60.72,61.98,"Tenho que banir o champion aqui, muito broken",0,0,,,0,0,0,0,0,0,0,0
12oibiOBoSI,34,61.98,64.14,"Caralho, mano, eu pensei, vou fazer o quê, mano?",1,1,caralho,sexual_degradante,0,0,1,0,0,0,0,0
12oibiOBoSI,35,64.18,67.76,"Mas, pelo visto, aqui deram uma ajudadora azul aqui no E também, mano",0,0,,,0,0,0,0,0,0,0,0
12oibiOBoSI,36,67.76,69.64,"Caralho, meu velho, eu vou ter que testar agora",1,1,caralho,sexual_degradante,0,0,1,0,0,0,0,0
12oibiOBoSI,37,69.64,71.42,"Eu vou testar agora, tá bom? O campeão está broken",0,0,,,0,0,0,0,0,0,0,0
12oibiOBoSI,38,71.42,72.88,"O campeão está broken, eu vou testar agora",0,0,,,0,0,0,0,0,0,0,0
12oibiOBoSI,39,72.88,74.42,Vamos ver na prática a azul daqui agora,0,0,,,0,0,0,0,0,0,0,0
12oibiOBoSI,40,74.42,76.44,"Opa, meu E aqui, favelém, mano",0,0,,,0,0,0,0,0,0,0,0
12oibiOBoSI,41,76.44,79.62,"Nossa, vai limpar caralho aqui, meu Deus",1,1,caralho,sexual_degradante,0,0,1,0,0,0,0,0
12oibiOBoSI,42,79.62,80.54,"Meu Deus, meu E aqui, mano",0,0,,,0,0,0,0,0,0,0,0
12oibiOBoSI,43,80.54,83.76,Eu me fudi aqui porque eu fui débil,0,0,,,0,0,0,0,0,0,0,0
12oibiOBoSI,44,83.76,86.7,Tá bem que não enche na torre,0,0,,,0,0,0,0,0,0,0,0
12oibiOBoSI,45,86.7,88.48,"Não, não enche na sirene azul, não",0,0,,,0,0,0,0,0,0,0,0
12oibiOBoSI,46,88.48,90.86,"Vai tomar meu Q, Azusa",0,0,,,0,0,0,0,0,0,0,0
12oibiOBoSI,47,90.86,91.46,"Ah, é, toma",0,0,,,0,0,0,0,0,0,0,0
12oibiOBoSI,48,91.46,93.78,"Nossa, nada dando meu Q agora, hein, mano",0,0,,,0,0,0,0,0,0,0,0
12oibiOBoSI,49,93.78,95.04,Broke time por causa de meu Q,0,0,,,0,0,0,0,0,0,0,0
12oibiOBoSI,50,95.04,96.78,"Nossa, não fica o fight perfeito",0,0,,,0,0,0,0,0,0,0,0
12oibiOBoSI,51,96.78,97.58,"Que merda, mano",0,0,,,0,0,0,0,0,0,0,0
12oibiOBoSI,52,97.58,99.18,Tô em close,0,0,,,0,0,0,0,0,0,0,0
12oibiOBoSI,53,99.18,102.66,"Tá bom, meu fight tá bom, hein, mano",0,0,,,0,0,0,0,0,0,0,0
12oibiOBoSI,54,102.66,103.14,"É, tá bom",0,0,,,0,0,0,0,0,0,0,0
12oibiOBoSI,55,103.14,104.58,"Mas o que será a sirene azul, né, mano?",0,0,,,0,0,0,0,0,0,0,0
12oibiOBoSI,56,104.62,105.34,"Não tô vendo ela, cara",0,0,,,0,0,0,0,0,0,0,0
12oibiOBoSI,57,105.34,105.8,"Aqui, olha",0,0,,,0,0,0,0,0,0,0,0
12oibiOBoSI,58,105.8,108.42,"Se pular, vai tomar, mano",0,0,,,0,0,0,0,0,0,0,0
12oibiOBoSI,59,108.42,114.12,"Ok, vai tomar, né, bucha",0,0,,,0,0,0,0,0,0,0,0
12oibiOBoSI,60,114.12,114.92,O negócio é louco,0,0,,,0,0,0,0,0,0,0,0
12oibiOBoSI,61,114.92,116.4,"Se pular, tu vai",0,0,,,0,0,0,0,0,0,0,0
12oibiOBoSI,62,116.4,118.58,"Não, você quer atender na estreia, né",0,0,,,0,0,0,0,0,0,0,0
12oibiOBoSI,63,118.58,133.18,"Mas não jogando dessa maneira tu vai morrer aqui né, mano que que é isso aliado, xd,",0,0,,,0,0,0,0,0,0,0,0
12oibiOBoSI,64,133.18,142.34,"belo servidor, belo servidor cara, que que é isso cara, o cara pensou que eu ia andar",0,0,,,0,0,0,0,0,0,0,0
12oibiOBoSI,65,142.34,150.77,"pra trás pô, Yereking, é o Yereking o nick do cara pô, é óbvio que tem alguém aqui,",0,0,,,0,0,0,0,0,0,0,0
12oibiOBoSI,66,150.77,156.45,"é óbvio né mano, começou já né, começou já a velhice aqui já né, visualizando e",0,0,,,0,0,0,0,0,0,0,0
12oibiOBoSI,67,156.45,156.87,"É, é, é.",0,0,,,0,0,0,0,0,0,0,0
12oibiOBoSI,68,160.64,162.64,"Esse M.D.I.B. é que nem fudeu, sabe disso, né, mano?",0,0,,,0,0,0,0,0,0,0,0
12oibiOBoSI,69,163.2,163.52,"Ah, tá.",0,0,,,0,0,0,0,0,0,0,0
12oibiOBoSI,70,165.62,166.42,Tem fissura.,0,0,,,0,0,0,0,0,0,0,0
12oibiOBoSI,71,167.12,169.9,"Mas vai ser isso literalmente agora, mano.",0,0,,,0,0,0,0,0,0,0,0
12oibiOBoSI,72,176.26,177.64,"Eu falei pra tu, deu mesmo.",0,0,,,0,0,0,0,0,0,0,0
12oibiOBoSI,73,177.96,179.9,"Eu mato você aqui, na real, hein, mano.",0,0,,,0,0,0,0,0,0,0,0
12oibiOBoSI,74,186.46,187.54,"Antes tinha a Flash, clube.",0,0,,,0,0,0,0,0,0,0,0
12oibiOBoSI,75,188.3,188.66,Ok.,0,0,,,0,0,0,0,0,0,0,0
12oibiOBoSI,76,188.98,190.42,"Os caras ficaram loucos aqui, mano.",0,0,,,0,0,0,0,0,0,0,0
12oibiOBoSI,77,191.16,193.82,"Caralho, meu campanho é podre e ele é gamer, sacou desse nível também, mano.",1,1,caralho,sexual_degradante,0,0,1,0,0,0,0,0
12oibiOBoSI,78,193.84,194.16,O que é isso?,0,0,,,0,0,0,0,0,0,0,0
12oibiOBoSI,79,195.3,196.8,"Broken Buffs, caçadinha, ok?",0,0,,,0,0,0,0,0,0,0,0
12oibiOBoSI,80,196.92,197.7,Broken Buffs.,0,0,,,0,0,0,0,0,0,0,0
12oibiOBoSI,81,198.0,198.92,Que porra é essa?,0,0,,,0,0,0,0,0,0,0,0
12oibiOBoSI,82,198.92,203.6,Eu vou ter que descer bot side aqui,0,0,,,0,0,0,0,0,0,0,0
12oibiOBoSI,83,203.6,205.9,"Agora que eu quero descer essa vadia aqui, mano",1,1,vadia,xingamentos_genero,0,0,0,0,1,0,0,0
12oibiOBoSI,84,205.9,210.44,"Eu vou andar avançado aqui, mano",0,0,,,0,0,0,0,0,0,0,0
12oibiOBoSI,85,210.44,214.32,"Deve querer me acampar, tô sem flecha aqui",0,0,,,0,0,0,0,0,0,0,0
12oibiOBoSI,86,214.32,215.64,"Ó, meu, meu suporte vai ser ser humano",0,0,,,0,0,0,0,0,0,0,0
12oibiOBoSI,87,215.64,217.08,"Meu suporte zuda, hein, gostei, mano",0,0,,,0,0,0,0,0,0,0,0
12oibiOBoSI,88,217.08,221.17,"Ele parece ser um ser humano, não é um suporte zuda",0,0,,,0,0,0,0,0,0,0,0
12oibiOBoSI,89,221.17,221.97,"Bora, neguxo, bora",0,0,,,0,0,0,0,0,0,0,0
12oibiOBoSI,90,221.97,226.91,"Boa noite, neguinho, boa noite, meu andrel, boa noite, neguxo",1,1,neguinho,racial_interseccional,1,0,0,0,0,0,0,0
12oibiOBoSI,91,226.91,229.01,"Cara, você vai ser estuprado aqui, né, mano",0,0,,,0,0,0,0,0,0,0,0
12oibiOBoSI,92,229.01,234.48,"Vou morrer aqui, até em flecha",0,0,,,0,0,0,0,0,0,0,0
12oibiOBoSI,93,234.48,235.0,"Morri, né",0,0,,,0,0,0,0,0,0,0,0
12oibiOBoSI,94,235.0,243.04,o tempo que eu fiz saber daqui da real mano Caralho eu fiz a minha visão mas não sei que,1,1,caralho,sexual_degradante,0,0,1,0,0,0,0,0
12oibiOBoSI,95,243.04,248.02,eu pensei não acho que eu pensei que a flecha era eu mano que eu fiz isso mas eu lembrei que,0,0,,,0,0,0,0,0,0,0,0
12oibiOBoSI,96,248.02,254.68,ela tinha que morrer só deve só o matar eu vou ataca no trânsito eu morri depois treino era,0,0,,,0,0,0,0,0,0,0,0
12oibiOBoSI,97,254.68,264.2,para inserir fazer inclusive ano o buffet diferença com a sadique agora em mano eu não matava esse,0,0,,,0,0,0,0,0,0,0,0
12oibiOBoSI,98,264.2,270.2,o bafo e manda sair com dois vidros ou pra cá e aqui só lá vai ver que essa,0,0,,,0,0,0,0,0,0,0,0
12oibiOBoSI,99,270.2,276.32,ideia é que o time da favela que no jogo do game do rock,0,0,,,0,0,0,0,0,0,0,0
12oibiOBoSI,100,276.32,280.34,você viu o vídeo que não é que eu comecei a ver mano que até metade o,0,0,,,0,0,0,0,0,0,0,0
12oibiOBoSI,101,280.34,288.18,balanço e até metade do chute e fiz um serviço do nosso governo vai ser,0,0,,,0,0,0,0,0,0,0,0
12oibiOBoSI,102,288.18,296.5,"estuprado aqui, né? Mais um",0,0,,,0,0,0,0,0,0,0,0
12oibiOBoSI,103,296.5,297.22,aqui pra mim.,0,0,,,0,0,0,0,0,0,0,0
12oibiOBoSI,104,302.55,302.99,Uau!,0,0,,,0,0,0,0,0,0,0,0
12oibiOBoSI,105,304.13,305.97,Uau! Big play! Uau!,0,0,,,0,0,0,0,0,0,0,0
12oibiOBoSI,106,307.03,308.51,"Uau! XD, XD.",0,0,,,0,0,0,0,0,0,0,0
12oibiOBoSI,107,309.03,310.51,"O cara me doou de brilho aqui, né?",0,0,,,0,0,0,0,0,0,0,0
12oibiOBoSI,108,310.57,312.33,De bom XD. E isso aqui? Mata a porra,0,0,,,0,0,0,0,0,0,0,0
12oibiOBoSI,109,312.33,313.61,"da Irelia. Que porra é essa aqui, mano?",0,0,,,0,0,0,0,0,0,0,0
12oibiOBoSI,110,314.33,315.67,"Vem pegar pé em mim, rapaziada.",0,0,,,0,0,0,0,0,0,0,0
12oibiOBoSI,111,319.39,320.71,"Deixar aqui, se calhar, mano.",0,0,,,0,0,0,0,0,0,0,0
12oibiOBoSI,112,321.77,323.03,"Ele tá voltando, cara.",0,0,,,0,0,0,0,0,0,0,0
12oibiOBoSI,113,325.24,326.54,"É, vai matar o cara aqui. Não, mano!",0,0,,,0,0,0,0,0,0,0,0
12oibiOBoSI,114,326.58,329.61,Deu merda? Corri.,0,0,,,0,0,0,0,0,0,0,0
12oibiOBoSI,115,330.73,331.89,"Nossa, cara, tem ult aqui, né?",0,0,,,0,0,0,0,0,0,0,0
12oibiOBoSI,116,332.39,333.85,"Caramba, por que meu eco não virou na...",0,0,,,0,0,0,0,0,0,0,0
12oibiOBoSI,117,333.85,335.07,"Meu Deus, como é que eu monto tudo, mano?",0,0,,,0,0,0,0,0,0,0,0
12oibiOBoSI,118,335.13,336.07,"Que eco débil, mano.",0,0,,,0,0,0,0,0,0,0,0
12oibiOBoSI,119,337.45,340.11,"Se a Inferiácia não salvar a Pau, eu vou matar a Inferiácia depois, tá bom.",0,0,,,0,0,0,0,0,0,0,0
12oibiOBoSI,120,341.23,342.17,Eu vou falhar pra cacete.,0,0,,,0,0,0,0,0,0,0,0
12oibiOBoSI,121,342.35,343.29,"Caçador fiz o que agora, mano?",0,0,,,0,0,0,0,0,0,0,0
12oibiOBoSI,122,343.45,345.39,"Cara, eu vou puxar, eu vou ficar full side aqui agora, tá só.",0,0,,,0,0,0,0,0,0,0,0
12oibiOBoSI,123,345.79,346.99,"Eu pelo side pra ela, né?",0,0,,,0,0,0,0,0,0,0,0
12oibiOBoSI,124,347.03,350.86,"Pra ela ter zero kill, aquela flecha aí...",0,0,,,0,0,0,0,0,0,0,0
12oibiOBoSI,125,350.86,352.74,Morreu.,0,0,,,0,0,0,0,0,0,0,0
12oibiOBoSI,126,353.14,359.26,"Ai, meu Deus, cara!",0,0,,,0,0,0,0,0,0,0,0
12oibiOBoSI,127,359.32,360.74,"Essa vadia tinha flecha e zudo, mano.",1,1,vadia,xingamentos_genero,0,0,0,0,1,0,0,0
12oibiOBoSI,128,361.88,363.6,"Será que dá bom isso pra nós aqui, mano?",0,0,,,0,0,0,0,0,0,0,0
12oibiOBoSI,129,363.88,364.74,"Nós não matamos todo mundo aqui, não?",0,0,,,0,0,0,0,0,0,0,0
12oibiOBoSI,130,364.92,365.34,"Não, né?",0,0,,,0,0,0,0,0,0,0,0
12oibiOBoSI,131,366.98,368.22,"Beleza, a Kuzuna play zudo, ok.",0,0,,,0,0,0,0,0,0,0,0
12oibiOBoSI,132,368.22,372.1,"Eu vou deixar a Ward aqui, mano.",0,0,,,0,0,0,0,0,0,0,0
12oibiOBoSI,133,375.91,377.91,A gente não fez o dragão que tava free pra nós.,0,0,,,0,0,0,0,0,0,0,0
12oibiOBoSI,134,382.92,383.82,Pode dar e vai isso aqui.,0,0,,,0,0,0,0,0,0,0,0
12oibiOBoSI,135,385.76,386.22,"Boa, Negusha.",0,0,,,0,0,0,0,0,0,0,0
12oibiOBoSI,136,386.28,387.3,"Caralho, a gente jogou bem pra caralho.",2,1,caralho,sexual_degradante,0,0,1,0,0,0,0,0
12oibiOBoSI,137,387.38,387.82,"Boa, Negusha.",0,0,,,0,0,0,0,0,0,0,0
12oibiOBoSI,138,387.92,388.08,É isso.,0,0,,,0,0,0,0,0,0,0,0
12oibiOBoSI,139,389.52,390.34,"Talmente, meu suporte.",0,0,,,0,0,0,0,0,0,0,0
12oibiOBoSI,140,390.38,391.44,"Eu falei meu suporte ser humano, velho?",0,0,,,0,0,0,0,0,0,0,0
12oibiOBoSI,141,391.56,392.1,Meu suporte zudo?,0,0,,,0,0,0,0,0,0,0,0
12oibiOBoSI,142,394.48,395.04,"Nossa, mano.",0,0,,,0,0,0,0,0,0,0,0
12oibiOBoSI,143,395.8,396.08,Ok.,0,0,,,0,0,0,0,0,0,0,0
12oibiOBoSI,144,396.58,398.06,"O que que é um bota-bufado aqui agora, né?",0,0,,,0,0,0,0,0,0,0,0
12oibiOBoSI,145,398.6,399.48,O game tá bem incrível.,0,0,,,0,0,0,0,0,0,0,0
12oibiOBoSI,146,399.56,400.92,A gente vai carregar agora os neblings.,0,0,,,0,0,0,0,0,0,0,0
12oibiOBoSI,147,401.74,402.82,"O que esse cara vai fazer de ele, mano?",0,0,,,0,0,0,0,0,0,0,0
12oibiOBoSI,148,403.38,405.42,Essa minha build aqui é muito super dura o que eu tô fazendo aqui agora.,0,0,,,0,0,0,0,0,0,0,0
12oibiOBoSI,149,405.48,405.86,Você dá reto.,0,0,,,0,0,0,0,0,0,0,0
12oibiOBoSI,150,405.86,409.1,Posso fazer o coração congelado aqui agora,0,0,,,0,0,0,0,0,0,0,0
12oibiOBoSI,151,409.1,410.16,"Mano, meu Deus, mano",0,0,,,0,0,0,0,0,0,0,0
12oibiOBoSI,152,410.16,413.18,Vou fazer agora o coração congelado,0,0,,,0,0,0,0,0,0,0,0
12oibiOBoSI,153,413.18,414.72,"Zuda aqui, sai da reta zuda, mano",0,0,,,0,0,0,0,0,0,0,0
12oibiOBoSI,154,414.72,417.06,Eu dei o time coração congelado,0,0,,,0,0,0,0,0,0,0,0
12oibiOBoSI,155,417.06,418.16,Mas eu tive que buscar uma exceção,0,0,,,0,0,0,0,0,0,0,0
12oibiOBoSI,156,418.16,427.6,Vou morrer aqui,0,0,,,0,0,0,0,0,0,0,0
12oibiOBoSI,157,427.6,430.32,"Nossa, minha kit nem andou pra frente, mano",0,0,,,0,0,0,0,0,0,0,0
12oibiOBoSI,158,430.32,430.92,"Ô, louco",0,0,,,0,0,0,0,0,0,0,0
12oibiOBoSI,159,430.92,433.18,"Que lambice essa aqui, mano, tá louco",0,0,,,0,0,0,0,0,0,0,0
12oibiOBoSI,160,433.18,433.38,Caralho,1,1,caralho,sexual_degradante,0,0,1,0,0,0,0,0
12oibiOBoSI,161,433.38,438.32,"Caralho, tem metido tanta merda, cara",1,1,caralho,sexual_degradante,0,0,1,0,0,0,0,0
12oibiOBoSI,162,438.32,438.94,"Que porra é essa, cara?",0,0,,,0,0,0,0,0,0,0,0
12oibiOBoSI,163,438.94,439.94,Cadê?,0,0,,,0,0,0,0,0,0,0,0
12oibiOBoSI,164,439.94,440.94,Cadê?,0,0,,,0,0,0,0,0,0,0,0
12oibiOBoSI,165,440.94,442.26,Deu um passo na frente esse podre.,0,0,,,0,0,0,0,0,0,0,0
12oibiOBoSI,166,442.26,451.69,"Nossa, mano, vou ter que jogar tryhard pra ganhar isso aqui, mano.",0,0,,,0,0,0,0,0,0,0,0
12oibiOBoSI,167,451.69,460.69,Disney.,0,0,,,0,0,0,0,0,0,0,0
12oibiOBoSI,168,460.69,461.69,"Negócio tá louco, mano.",0,0,,,0,0,0,0,0,0,0,0
12oibiOBoSI,169,461.69,462.69,"Negócio tá louco, mano.",0,0,,,0,0,0,0,0,0,0,0
12oibiOBoSI,170,462.69,465.69,"Eu vou ter que, mano...",0,0,,,0,0,0,0,0,0,0,0
12oibiOBoSI,171,465.69,467.69,A sua nest tá favelando?,0,0,,,0,0,0,0,0,0,0,0
12oibiOBoSI,172,467.69,468.69,A live caiu?,0,0,,,0,0,0,0,0,0,0,0
12oibiOBoSI,173,468.69,471.69,"Não, meu jogo tá normal, pelo menos.",0,0,,,0,0,0,0,0,0,0,0
12oibiOBoSI,174,471.69,475.42,"Ok, save zudo.",0,0,,,0,0,0,0,0,0,0,0
12oibiOBoSI,175,475.42,479.42,"Eu tive a modo brainse meu aqui, mano.",0,0,,,0,0,0,0,0,0,0,0
12oibiOBoSI,176,479.42,482.0,"Tem que jogar como se tivesse valendo o jogo da minha vida aqui, né?",0,0,,,0,0,0,0,0,0,0,0
12oibiOBoSI,177,483.1,484.14,Eu sou o cara que joga assim.,0,0,,,0,0,0,0,0,0,0,0
12oibiOBoSI,178,484.24,484.58,Não adianta não.,0,0,,,0,0,0,0,0,0,0,0
12oibiOBoSI,179,484.66,485.74,"Tem mais coisa aqui de caçadinho, mano.",0,0,,,0,0,0,0,0,0,0,0
12oibiOBoSI,180,489.03,489.53,Olha essa...,0,0,,,0,0,0,0,0,0,0,0
12oibiOBoSI,181,489.53,491.53,"Mano, só vem reto aqui e mata o cara.",0,0,,,0,0,0,0,0,0,0,0
12oibiOBoSI,182,491.59,492.11,Pelo amor de Deus.,0,0,,,0,0,0,0,0,0,0,0
12oibiOBoSI,183,493.97,494.41,É possível?,0,0,,,0,0,0,0,0,0,0,0
12oibiOBoSI,184,497.91,498.27,12.,0,0,,,0,0,0,0,0,0,0,0
12oibiOBoSI,185,498.31,498.97,"Jogou bem, minha pô.",0,0,,,0,0,0,0,0,0,0,0
12oibiOBoSI,186,498.99,499.43,"É boa, pô.",0,0,,,0,0,0,0,0,0,0,0
12oibiOBoSI,187,501.17,506.67,"Na real, nós, mano...",0,0,,,0,0,0,0,0,0,0,0
12oibiOBoSI,188,506.67,506.79,É.,0,0,,,0,0,0,0,0,0,0,0
12oibiOBoSI,189,507.73,508.71,"É, o game tá sempre...",0,0,,,0,0,0,0,0,0,0,0
12oibiOBoSI,190,508.71,511.21,"Nossa, mano.",0,0,,,0,0,0,0,0,0,0,0
12oibiOBoSI,191,511.23,512.61,"Não mata ainda, velho.",0,0,,,0,0,0,0,0,0,0,0
12oibiOBoSI,192,512.67,513.81,Não mata nenhum E só.,0,0,,,0,0,0,0,0,0,0,0
12oibiOBoSI,193,513.81,515.53,Não limpam ele de um E só ainda até hoje.,0,0,,,0,0,0,0,0,0,0,0
12oibiOBoSI,194,516.19,517.65,"Pera aí, eu acho que não saio, vou acertar o boneco não.",0,0,,,0,0,0,0,0,0,0,0
12oibiOBoSI,195,517.73,518.59,"Que bosta, hein, mano.",0,0,,,0,0,0,0,0,0,0,0
12oibiOBoSI,196,519.27,521.45,"Aumenta dois de dano do champion, eu melhoro o campeão.",0,0,,,0,0,0,0,0,0,0,0
12oibiOBoSI,197,521.55,522.15,"O E dele, acabou.",0,0,,,0,0,0,0,0,0,0,0
12oibiOBoSI,198,523.29,526.43,"Mas esse negócio de ir para o E usando o E só nos minions magos me irrita demais, mano.",0,0,,,0,0,0,0,0,0,0,0
12oibiOBoSI,199,527.05,528.95,"Tem prejuízo aí que eu não saio no fall champion, não.",0,0,,,0,0,0,0,0,0,0,0
12oibiOBoSI,200,533.29,534.07,"Eu vou dar B, não.",0,0,,,0,0,0,0,0,0,0,0
12oibiOBoSI,201,534.17,534.41,Foda-se.,0,0,,,0,0,0,0,0,0,0,0
12oibiOBoSI,202,534.57,534.99,"Tá bom, não é?",0,0,,,0,0,0,0,0,0,0,0
12oibiOBoSI,203,536.65,538.05,"Faz uma aqui, depois eu dou meu beijinho.",0,0,,,0,0,0,0,0,0,0,0
12oibiOBoSI,204,553.11,554.41,"Depois do cara me estuprindo, mano.",0,0,,,0,0,0,0,0,0,0,0
12oibiOBoSI,205,554.43,555.35,"Joga assim não, cara.",0,0,,,0,0,0,0,0,0,0,0
12oibiOBoSI,206,556.19,557.51,"Depois do cara estuprindo demais, mano.",0,0,,,0,0,0,0,0,0,0,0
12oibiOBoSI,207,557.53,558.29,Vai dar...,0,0,,,0,0,0,0,0,0,0,0
12oibiOBoSI,208,558.29,560.76,"Beleza, deu bom.",0,0,,,0,0,0,0,0,0,0,0
12oibiOBoSI,209,560.76,562.94,"Vou dar uma cuidada, porque depois eu estou estuprindo demais.",0,0,,,0,0,0,0,0,0,0,0
12oibiOBoSI,210,563.46,564.76,"Aí pode ter uma kill que, mano...",0,0,,,0,0,0,0,0,0,0,0
12oibiOBoSI,211,564.98,571.98,"É, vamos pegar a T2 aqui, cara, isso aí mesmo, boa, mano, não percebi o que o cara fez",0,0,,,0,0,0,0,0,0,0,0
12oibiOBoSI,212,571.98,572.98,"aqui, ó.",0,0,,,0,0,0,0,0,0,0,0
12oibiOBoSI,213,572.98,577.48,"Eu quero pegar a gol da T2 aqui, obviamente, apesar que a play certa é a mesma da Recall,",0,0,,,0,0,0,0,0,0,0,0
12oibiOBoSI,214,577.48,578.48,tá ligado?,0,0,,,0,0,0,0,0,0,0,0
12oibiOBoSI,215,578.48,579.48,Pegando a Recall eu defendia até um bot.,0,0,,,0,0,0,0,0,0,0,0
12oibiOBoSI,216,579.48,584.4,"Como eu sou judeu e quero pegar a gol da T2, vamos ficar aqui.",0,0,,,0,0,0,0,0,0,0,0
12oibiOBoSI,217,584.4,585.4,Que?,0,0,,,0,0,0,0,0,0,0,0
12oibiOBoSI,218,585.4,588.4,"Quase que eu morri aqui, mano, que porra é essa, cara?",0,0,,,0,0,0,0,0,0,0,0
12oibiOBoSI,219,588.4,593.81,"Pera aí, eu vou fazer a pele da favela aqui, eu acho.",0,0,,,0,0,0,0,0,0,0,0
12oibiOBoSI,220,593.81,596.81,"Eu sou um time de guerra russo, mano, bora.",0,0,,,0,0,0,0,0,0,0,0
12oibiOBoSI,221,596.81,598.23,"Eu tô lá e morro, o que você já pensou, tá ligado?",0,0,,,0,0,0,0,0,0,0,0
12oibiOBoSI,222,603.14,604.46,"Vou dar meu besudo aqui, ok.",0,0,,,0,0,0,0,0,0,0,0
12oibiOBoSI,223,605.58,608.52,"Cara, não tem sentido mudar, usar a WZ no LoL.",0,0,,,0,0,0,0,0,0,0,0
12oibiOBoSI,224,608.6,609.24,"Claro que não, mano.",0,0,,,0,0,0,0,0,0,0,0
12oibiOBoSI,225,609.28,610.76,"Tem sentido, mas se for iniciante, não consigo.",0,0,,,0,0,0,0,0,0,0,0
12oibiOBoSI,226,620.79,622.33,"Não morro aqui não, sabe disso, né, mano?",0,0,,,0,0,0,0,0,0,0,0
12oibiOBoSI,227,622.75,628.12,"Ah, tá alguém, mano!",0,0,,,0,0,0,0,0,0,0,0
12oibiOBoSI,228,628.86,629.52,"Caraca, não morro.",0,0,,,0,0,0,0,0,0,0,0
12oibiOBoSI,229,636.01,637.21,"Mano, o que é isso, viado?",1,1,viado,homofobia_misoginia,0,0,0,0,0,1,0,0
12oibiOBoSI,230,637.25,638.37,"Que time podre é esse, mano?",0,0,,,0,0,0,0,0,0,0,0
12oibiOBoSI,231,638.83,640.49,"Que time podre que eu tô jogando é esse, mano?",0,0,,,0,0,0,0,0,0,0,0
12oibiOBoSI,232,640.53,642.43,"O cara ficou doido de vida, a Rek'Sai não morreu nunca.",0,0,,,0,0,0,0,0,0,0,0
12oibiOBoSI,233,643.49,644.59,"Ah, bom, deu bom anyway, a play, né?",0,0,,,0,0,0,0,0,0,0,0
12oibiOBoSI,234,646.13,647.93,"Cara, também é que eu ia jogar bem o Nethil.",0,0,,,0,0,0,0,0,0,0,0
12oibiOBoSI,235,647.93,653.83,"Ninguém, mano, não tinha nem aperta R, Sérgio, cara",0,0,,,0,0,0,0,0,0,0,0
12oibiOBoSI,236,653.83,655.31,"A gente perdeu a fight, foi bom isso aqui não, mano",0,0,,,0,0,0,0,0,0,0,0
12oibiOBoSI,237,655.31,658.29,"Eu tô querendo que meu time aperta R, mas é muita, muita coisa",0,0,,,0,0,0,0,0,0,0,0
12oibiOBoSI,238,658.29,660.43,"É, mano, tem que me apontar alguém na fight",0,0,,,0,0,0,0,0,0,0,0
12oibiOBoSI,239,660.43,662.05,Não é eu que vou apertar um R na fight,0,0,,,0,0,0,0,0,0,0,0
12oibiOBoSI,240,662.05,662.87,"A gente perde demais, mano",0,0,,,0,0,0,0,0,0,0,0
12oibiOBoSI,241,662.87,665.93,"Cara, a mim, tipo assim, o que eu penso é que a Riot",0,0,,,0,0,0,0,0,0,0,0
12oibiOBoSI,242,665.93,668.63,"Deixa o microfone, o voice, logo como uma carta na manga",0,0,,,0,0,0,0,0,0,0,0
12oibiOBoSI,243,668.63,668.97,Tá ligado?,0,0,,,0,0,0,0,0,0,0,0
12oibiOBoSI,244,669.67,671.91,Você vai perceber que o jogo realmente tá falindo muito,0,0,,,0,0,0,0,0,0,0,0
12oibiOBoSI,245,671.91,674.15,"Assim, cara, em muitos países, que vai lá e tampa, tá ligado?",0,0,,,0,0,0,0,0,0,0,0
12oibiOBoSI,246,675.03,676.69,"Eles fazem isso e chegam a mexer com o URF, mano",0,0,,,0,0,0,0,0,0,0,0
12oibiOBoSI,247,676.69,678.55,"O jogo dá pra cair os caras que não sabem o URF, tá ligado?",0,0,,,0,0,0,0,0,0,0,0
12oibiOBoSI,248,678.55,682.15,"Eu acho que esse bagulho de Dudo, Raelo e",0,0,,,0,0,0,0,0,0,0,0
12oibiOBoSI,249,682.15,682.77,Voice,0,0,,,0,0,0,0,0,0,0,0
12oibiOBoSI,250,682.77,685.05,É só,0,0,,,0,0,0,0,0,0,0,0
12oibiOBoSI,251,685.05,686.45,"É só questão de tempo só, tá ligado",0,0,,,0,0,0,0,0,0,0,0
12oibiOBoSI,252,686.45,686.89,O jogo dá,0,0,,,0,0,0,0,0,0,0,0
12oibiOBoSI,253,686.89,697.41,"Cara, mata o gaysão ali, mano",0,0,,,0,0,0,0,0,0,0,0
12oibiOBoSI,254,697.41,697.97,E que isso aqui,0,0,,,0,0,0,0,0,0,0,0
12oibiOBoSI,255,697.97,701.35,"Tô louco, tá louco",0,0,,,0,0,0,0,0,0,0,0
12oibiOBoSI,256,701.35,707.26,Eu não quero dar reta,0,0,,,0,0,0,0,0,0,0,0
12oibiOBoSI,257,707.26,721.94,"Ah tá, mano",0,0,,,0,0,0,0,0,0,0,0
12oibiOBoSI,258,721.94,723.46,"Caralho, que porra é essa, viado",2,1,caralho; viado,homofobia_misoginia; sexual_degradante,0,0,1,0,0,1,0,0
12oibiOBoSI,259,723.46,725.2,"Você tá full life de bobe, mano",0,0,,,0,0,0,0,0,0,0,0
12oibiOBoSI,260,725.2,726.58,"Você não morre de Trap Ninja, mano",0,0,,,0,0,0,0,0,0,0,0
12oibiOBoSI,261,726.58,728.76,"Cara, o cara tá olhando o vaso bater em mim",0,0,,,0,0,0,0,0,0,0,0
12oibiOBoSI,262,728.76,732.02,"Mano, não aguento isso aqui não, mano",0,0,,,0,0,0,0,0,0,0,0
12oibiOBoSI,263,732.02,733.62,"Vou ter um infarto fulminante, mano",0,0,,,0,0,0,0,0,0,0,0
12oibiOBoSI,264,733.62,736.16,"Cara, como que meu time pode temer",0,0,,,0,0,0,0,0,0,0,0
12oibiOBoSI,265,736.16,737.7,"Jogar uma fight, mano, tipo assim",0,0,,,0,0,0,0,0,0,0,0
12oibiOBoSI,266,737.7,739.4,Aireta topside,0,0,,,0,0,0,0,0,0,0,0
12oibiOBoSI,267,739.4,742.04,"A gente fight com vantagem mega, ganha fight",0,0,,,0,0,0,0,0,0,0,0
12oibiOBoSI,268,742.04,743.14,Faz atacar e ganha o jogo,0,0,,,0,0,0,0,0,0,0,0
12oibiOBoSI,269,743.14,745.82,Eu que vim ter dois pra tá aqui com vocês,0,0,,,0,0,0,0,0,0,0,0
12oibiOBoSI,270,745.82,747.56,"Ou bandido em mais burros, mano",0,0,,,0,0,0,0,0,0,0,0
12oibiOBoSI,271,747.56,749.6,"Mano, minha pop é muito...",0,0,,,0,0,0,0,0,0,0,0
12oibiOBoSI,272,749.6,751.66,"Mano, o cara parece ser de, sei lá, mano",0,0,,,0,0,0,0,0,0,0,0
12oibiOBoSI,273,751.66,752.32,De Yumi,0,0,,,0,0,0,0,0,0,0,0
12oibiOBoSI,274,752.32,755.02,"Cara, ser bem sério, eu só jogo outro jogo",0,0,,,0,0,0,0,0,0,0,0
12oibiOBoSI,275,755.02,756.26,Se por acaso eu não falir,0,0,,,0,0,0,0,0,0,0,0
12oibiOBoSI,276,756.26,763.26,"Eu tenho muita preguiça de aprender um novo jogo, sei mesmo, pra ficar só no LoL já, etc.",0,0,,,0,0,0,0,0,0,0,0
12oibiOBoSI,277,763.26,770.26,"LoL também é bom pra cacete, né? A Riot só tinha que colocar o Voice no LoL e pronto, acabou.",0,0,,,0,0,0,0,0,0,0,0
12oibiOBoSI,278,770.26,775.26,"Colocar o Voice no LoL e o jogo tava bom. A última TT que teve ficou bom, mano.",0,0,,,0,0,0,0,0,0,0,0
12oibiOBoSI,279,775.26,780.26,"Colocou finalmente o mapa de Viato, sabe, colocaram. O Fireball Chamber finalmente, bons buffs.",0,0,,,0,0,0,0,0,0,0,0
12oibiOBoSI,280,780.26,783.26,"A Riot só tinha que colocar o Voice no jogo e o jogo ficava mó bom, mano.",0,0,,,0,0,0,0,0,0,0,0
12oibiOBoSI,281,783.26,785.4,"tá mó bom, mano. Nossa, tá",0,0,,,0,0,0,0,0,0,0,0
12oibiOBoSI,282,785.4,787.4,"louco, mano. Cara, imagina uma Tio Raella",0,0,,,0,0,0,0,0,0,0,0
12oibiOBoSI,283,787.4,789.46,com voice. O quão engraçado e legal ia ser,0,0,,,0,0,0,0,0,0,0,0
12oibiOBoSI,284,789.46,792.88,"com voice, mano. Poder jogar",0,0,,,0,0,0,0,0,0,0,0
12oibiOBoSI,285,792.88,794.58,uma Tio Raella com os caras com voice,0,0,,,0,0,0,0,0,0,0,0
12oibiOBoSI,286,794.58,798.49,tudo. O marketing,0,0,,,0,0,0,0,0,0,0,0
12oibiOBoSI,287,798.49,800.27,"da Riot é muito bom. Muito bom, muito bom.",0,0,,,0,0,0,0,0,0,0,0
12oibiOBoSI,288,801.71,802.43,"Nossa, a Riot,",0,0,,,0,0,0,0,0,0,0,0
12oibiOBoSI,289,802.55,804.33,"mano, a Riot, tipo assim, mano, tá louco. A Riot",0,0,,,0,0,0,0,0,0,0,0
12oibiOBoSI,290,804.33,806.25,"massacra muito o marketing, mano. Cara,",0,0,,,0,0,0,0,0,0,0,0
12oibiOBoSI,291,806.35,808.13,"eu acho aquele bagulho da Arcane,",0,0,,,0,0,0,0,0,0,0,0
12oibiOBoSI,292,808.21,810.03,"eu nunca vi Arcane, mas todo mundo que",0,0,,,0,0,0,0,0,0,0,0
12oibiOBoSI,293,810.03,812.43,todo mundo que fala dessa série,0,0,,,0,0,0,0,0,0,0,0
12oibiOBoSI,294,812.43,813.37,fala que é muito bom o Arcane.,0,0,,,0,0,0,0,0,0,0,0
12oibiOBoSI,295,814.19,815.19,"Cheguei a ver nunca, mas",0,0,,,0,0,0,0,0,0,0,0
12oibiOBoSI,296,815.19,816.97,"Eu gosto muito de série, tá ligado",0,0,,,0,0,0,0,0,0,0,0
12oibiOBoSI,297,816.97,820.15,A única série que eu vi até hoje,0,0,,,0,0,0,0,0,0,0,0
12oibiOBoSI,298,820.15,821.67,"Foi o Breaking Bad, mas o Breaking Bad",0,0,,,0,0,0,0,0,0,0,0
12oibiOBoSI,299,821.67,822.67,"Não tem jeito, né",0,0,,,0,0,0,0,0,0,0,0
12oibiOBoSI,300,822.67,832.24,"É o Gold, ok",0,0,,,0,0,0,0,0,0,0,0
12oibiOBoSI,301,832.24,836.52,"Porra, aqui não morro, cara",0,0,,,0,0,0,0,0,0,0,0
12oibiOBoSI,302,836.52,839.64,"Não morro aqui, será, mano",0,0,,,0,0,0,0,0,0,0,0
12oibiOBoSI,303,839.64,842.18,"Nossa, eu morri aqui ainda, mano",0,0,,,0,0,0,0,0,0,0,0
12oibiOBoSI,304,842.18,843.14,"Joguei mal, né, eu trolei",0,0,,,0,0,0,0,0,0,0,0
12oibiOBoSI,305,843.14,845.9,"Eu pensei que eu ia tacar pra cacete, não toquei em nada, velho",0,0,,,0,0,0,0,0,0,0,0
12oibiOBoSI,306,845.9,846.96,"Eu levo True Damage, será que eu joguei",0,0,,,0,0,0,0,0,0,0,0
12oibiOBoSI,307,846.96,849.86,"Tá True Damage, Rek'Sai, essa merda de champion, mano",0,0,,,0,0,0,0,0,0,0,0
12oibiOBoSI,308,849.86,850.64,"Que porra é essa, mano",0,0,,,0,0,0,0,0,0,0,0
12oibiOBoSI,309,850.64,854.79,"Nossa, eu pensei que eu ia dar cheese infinito aqui, mano",0,0,,,0,0,0,0,0,0,0,0
12oibiOBoSI,310,855.41,856.87,"Cara, aperta R, cara.",0,0,,,0,0,0,0,0,0,0,0
12oibiOBoSI,311,856.89,857.77,"Meu Deus, mano.",0,0,,,0,0,0,0,0,0,0,0
12oibiOBoSI,312,857.81,858.93,"Que porra é essa, viado?",1,1,viado,homofobia_misoginia,0,0,0,0,0,1,0,0
12oibiOBoSI,313,859.45,861.31,"É muito impansável quando chegou de eco, mano.",0,0,,,0,0,0,0,0,0,0,0
12oibiOBoSI,314,861.53,861.85,Literalmente.,0,0,,,0,0,0,0,0,0,0,0
12oibiOBoSI,315,863.17,865.53,"E detalhe, ele é o primeiro boliviano que você gosta.",0,0,,,0,0,0,0,0,0,0,0
12oibiOBoSI,316,867.01,867.55,"Mano, ele é muito...",0,0,,,0,0,0,0,0,0,0,0
12oibiOBoSI,317,867.55,868.43,"Mano, não tem condição, mano.",0,0,,,0,0,0,0,0,0,0,0
12oibiOBoSI,318,868.45,868.75,Você tá louco?,0,0,,,0,0,0,0,0,0,0,0
12oibiOBoSI,319,868.81,869.15,É muito...,0,0,,,0,0,0,0,0,0,0,0
12oibiOBoSI,320,869.15,870.77,Quando eu vi...,0,0,,,0,0,0,0,0,0,0,0
12oibiOBoSI,321,870.77,871.85,"Mano, você tá louco, mano.",0,0,,,0,0,0,0,0,0,0,0
12oibiOBoSI,322,871.91,872.77,"Não tem como, não tem como.",0,0,,,0,0,0,0,0,0,0,0
12oibiOBoSI,323,872.77,874.77,O cara...,0,0,,,0,0,0,0,0,0,0,0
12oibiOBoSI,324,874.77,875.73,"O cara é assim, mano.",0,0,,,0,0,0,0,0,0,0,0
12oibiOBoSI,325,876.55,878.35,"Ele é definição de aura azuda, mano.",0,0,,,0,0,0,0,0,0,0,0
12oibiOBoSI,326,878.49,879.57,"Não tem jeito, mano.",0,0,,,0,0,0,0,0,0,0,0
12oibiOBoSI,327,879.61,880.49,"Sai da reta azuda, cara.",0,0,,,0,0,0,0,0,0,0,0
12oibiOBoSI,328,880.55,881.19,Mas tá dando como.,0,0,,,0,0,0,0,0,0,0,0
12oibiOBoSI,329,881.41,882.99,A FITS mandou cinco reais.,0,0,,,0,0,0,0,0,0,0,0
12oibiOBoSI,330,883.23,883.99,Adir é o porto.,0,0,,,0,0,0,0,0,0,0,0
12oibiOBoSI,331,883.99,906.49,"Eduardo Banido da Selva, Gabex, Jeremine Minerator, Dynorax, Orm, Kodam11, Elinove Paiñatezade, Loren Ripson, Matheus Underline Putty Novo Membro, Nain, Paulo Barros, Pet, Puts Underline, Rattal Pavaneti.",0,0,,,0,0,0,0,0,0,0,0
12oibiOBoSI,332,919.85,921.85,Que porra é essa? Tempo de brinde!,0,0,,,0,0,0,0,0,0,0,0
12oibiOBoSI,333,921.85,923.85,"Tempo de brinde da Popzuda, meu Deus, o que é isso?",0,0,,,0,0,0,0,0,0,0,0
12oibiOBoSI,334,923.85,924.85,"Não, merda.",0,0,,,0,0,0,0,0,0,0,0
12oibiOBoSI,335,924.85,926.85,"Ela tempou em brindes úteis, mano, o que é isso?",0,0,,,0,0,0,0,0,0,0,0
12oibiOBoSI,336,926.85,929.85,"Em homenagem aos meus fiéis, os irmãos da Livezuda?",0,0,,,0,0,0,0,0,0,0,0
12oibiOBoSI,337,929.85,932.85,Em homenagem aos irmãos da Livezuda?,0,0,,,0,0,0,0,0,0,0,0
12oibiOBoSI,338,932.85,935.85,"Cara, e pensar que o game desse aqui não foi...",0,0,,,0,0,0,0,0,0,0,0
12oibiOBoSI,339,935.85,937.85,"Não foi um free game, mano.",0,0,,,0,0,0,0,0,0,0,0
12oibiOBoSI,340,937.85,939.85,"Não foi difícil ganhar ainda, cara, eu sei.",0,0,,,0,0,0,0,0,0,0,0
12oibiOBoSI,341,939.85,941.85,"Ah, o game do meu time é muito desavelado, cara.",0,0,,,0,0,0,0,0,0,0,0
12oibiOBoSI,342,941.85,942.85,"Porque é tão difícil assim, mano.",0,0,,,0,0,0,0,0,0,0,0
12oibiOBoSI,343,942.85,944.85,"Olha aqui, acabou o jogo, os cara não fez tab ninja.",0,0,,,0,0,0,0,0,0,0,0
12oibiOBoSI,344,944.85,946.85,"Ninguém fez tab ninja, só eu fiz, mano.",0,0,,,0,0,0,0,0,0,0,0
12oibiOBoSI,345,946.85,948.85,"Ah, os cara nem deu o pinguês de tab ninja, mano.",0,0,,,0,0,0,0,0,0,0,0
12oibiOBoSI,346,952.44,953.56,"O lugar a gente mata ele, cara.",0,0,,,0,0,0,0,0,0,0,0
12oibiOBoSI,347,956.58,958.16,"Mata logo aqui, ele é combo.",0,0,,,0,0,0,0,0,0,0,0
12oibiOBoSI,348,958.72,960.22,"Ah, meu Deus, nem foguei.",0,0,,,0,0,0,0,0,0,0,0
12oibiOBoSI,349,961.56,962.88,"Não, GG sim, GG sim.",0,0,,,0,0,0,0,0,0,0,0
12oibiOBoSI,350,963.4,964.46,Não tem coisa de GG.,0,0,,,0,0,0,0,0,0,0,0
12oibiOBoSI,351,965.9,966.54,"Acabou, acabou.",0,0,,,0,0,0,0,0,0,0,0
12oibiOBoSI,352,967.92,969.28,"Obrigadão pelos 5 reais, Rafitz.",0,0,,,0,0,0,0,0,0,0,0
12oibiOBoSI,353,969.96,970.86,"Foi minha janta, beleza?",0,0,,,0,0,0,0,0,0,0,0
12oibiOBoSI,354,971.2,973.22,"Hoje eu vou jantar barro com cimento, mano.",0,0,,,0,0,0,0,0,0,0,0
12oibiOBoSI,355,973.64,975.08,E pão de sal.,0,0,,,0,0,0,0,0,0,0,0
12oibiOBoSI,356,975.92,977.14,"Os seus 5 reais você me deu, beleza?",0,0,,,0,0,0,0,0,0,0,0
Cyai8_m_ZQ8,1,0.0,7.18,"Você tá sendo completamente cancelado no Twitter, mano, eu não fiz absolutamente nada pra isso, o negócio tá bizarro, tá bizarro, mano",0,0,,,0,0,0,0,0,0,0,0
Cyai8_m_ZQ8,2,7.18,11.38,"A única coisa que eu fiz foi dar RT nesse post aqui dessa comunível azul daqui, mano",0,0,,,0,0,0,0,0,0,0,0
Cyai8_m_ZQ8,3,11.38,15.88,"Tipo assim, essa merda aqui é uma mulher, tá bom, mulher mestre, mano, sei lá, sem PDL",0,0,,,0,0,0,0,0,0,0,0
Cyai8_m_ZQ8,4,15.88,22.64,"E quer falar sobre o chove, quer falar sobre a build do chove, sendo que, tipo assim, mano, tu é mestre de 50 PDL, mano, tu não sai porra nenhuma",0,0,,,0,0,0,0,0,0,0,0
Cyai8_m_ZQ8,5,22.64,25.26,"Quer falar do chove azul, dá o de RT, né?",0,0,,,0,0,0,0,0,0,0,0
Cyai8_m_ZQ8,6,25.26,28.42,"Tipo assim, o que realmente me pegou",0,0,,,0,0,0,0,0,0,0,0
Cyai8_m_ZQ8,7,28.42,29.72,"Não foi nem isso aqui, tá bom",0,0,,,0,0,0,0,0,0,0,0
Cyai8_m_ZQ8,8,29.72,31.92,Ela comentar sobre o Chovy sendo um mestre,0,0,,,0,0,0,0,0,0,0,0
Cyai8_m_ZQ8,9,31.92,34.06,"Tipo assim, horrível, uma mulher mestre",0,0,,,0,0,0,0,0,0,0,0
Cyai8_m_ZQ8,10,34.06,34.74,Podre de ruim,0,0,,,0,0,0,0,0,0,0,0
Cyai8_m_ZQ8,11,34.74,38.3,"Eu vi que o comentário tinha um bando de webigar defendendo essa coisa aqui, mano",0,0,,,0,0,0,0,0,0,0,0
Cyai8_m_ZQ8,12,38.3,40.58,"Chega a ser, mano, completamente anormal, tá bom",0,0,,,0,0,0,0,0,0,0,0
Cyai8_m_ZQ8,13,40.58,41.94,"Os comentários, tem gente",0,0,,,0,0,0,0,0,0,0,0
Cyai8_m_ZQ8,14,41.94,44.04,"É isso aí, tá certo, é, o Chovy tá errado",0,0,,,0,0,0,0,0,0,0,0
Cyai8_m_ZQ8,15,44.04,46.3,"Mano, isso aqui é mestre zudo, cara",0,0,,,0,0,0,0,0,0,0,0
Cyai8_m_ZQ8,16,46.3,48.42,"Podre, horripilante, asqueroso, tá bom",0,0,,,0,0,0,0,0,0,0,0
Cyai8_m_ZQ8,17,48.42,50.0,Aí eu vi os,0,0,,,0,0,0,0,0,0,0,0
Cyai8_m_ZQ8,18,50.0,51.94,Bando de webigar defendendo isso aqui,0,0,,,0,0,0,0,0,0,0,0
Cyai8_m_ZQ8,19,51.94,53.74,"E comentando, falando que ela tá certa",0,0,,,0,0,0,0,0,0,0,0
Cyai8_m_ZQ8,20,53.74,55.44,"E eu dei IT, mano",0,0,,,0,0,0,0,0,0,0,0
Cyai8_m_ZQ8,21,55.44,57.16,"Pra quem eu fui fazer isso, tá bom?",0,0,,,0,0,0,0,0,0,0,0
Cyai8_m_ZQ8,22,57.26,59.24,"Tô sendo completamente demolido, tá bom?",0,0,,,0,0,0,0,0,0,0,0
Cyai8_m_ZQ8,23,59.6,61.9,"Ainda bem que eu sou um alfa e o meu nome é de budista, beleza?",0,0,,,0,0,0,0,0,0,0,0
Cyai8_m_ZQ8,24,62.06,64.94,"Mas sério, eu tô com 50 milhares de morte aqui na MDM, mano",0,0,,,0,0,0,0,0,0,0,0
Cyai8_m_ZQ8,25,64.94,66.08,"Fudeu, o bagulho tá louco",0,0,,,0,0,0,0,0,0,0,0
Cyai8_m_ZQ8,26,66.08,66.9,Aí eu comentei,0,0,,,0,0,0,0,0,0,0,0
Cyai8_m_ZQ8,27,66.9,69.34,"Mano, imagina você ser mestre do Brasil e da mulher",0,0,,,0,0,0,0,0,0,0,0
Cyai8_m_ZQ8,28,69.34,70.42,"Tá bom, aqui eu me passei",0,0,,,0,0,0,0,0,0,0,0
Cyai8_m_ZQ8,29,70.42,71.76,"Aqui eu realmente me passei, beleza?",0,0,,,0,0,0,0,0,0,0,0
Cyai8_m_ZQ8,30,72.3,73.18,Aqui eu me passei mesmo,0,0,,,0,0,0,0,0,0,0,0
Cyai8_m_ZQ8,31,73.18,76.4,"É, quer falar da build do chove que é facilmente top 3 players do mundo, né?",0,0,,,0,0,0,0,0,0,0,0
Cyai8_m_ZQ8,32,76.54,77.08,Comentei assim,0,0,,,0,0,0,0,0,0,0,0
Cyai8_m_ZQ8,33,77.08,78.6,Aí eu comentei embaixo,0,0,,,0,0,0,0,0,0,0,0
Cyai8_m_ZQ8,34,78.6,83.3,"Pô, é a mesma coisa que você jogar, por exemplo, no campeonato de futebol do Piauí",0,0,,,0,0,0,0,0,0,0,0
Cyai8_m_ZQ8,35,83.3,85.12,Campeonato de bairro no Piauí,0,0,,,0,0,0,0,0,0,0,0
Cyai8_m_ZQ8,36,85.12,87.34,E querer falar e querer ensinar um conceito,0,0,,,0,0,0,0,0,0,0,0
Cyai8_m_ZQ8,37,87.34,89.14,"Para um jogador do Real Madrid, é basicamente isso",0,0,,,0,0,0,0,0,0,0,0
Cyai8_m_ZQ8,38,89.14,91.08,"Mano, eu comentei isso aqui e chegou simplesmente",0,0,,,0,0,0,0,0,0,0,0
Cyai8_m_ZQ8,39,91.08,93.3,"Um exército de webigado, um exército, mano",0,0,,,0,0,0,0,0,0,0,0
Cyai8_m_ZQ8,40,93.3,94.8,"Olha isso aqui, mano, olha isso aqui",0,0,,,0,0,0,0,0,0,0,0
Cyai8_m_ZQ8,41,94.8,97.14,"Me xingando sem parar, me ameaçando de morte",0,0,,,0,0,0,0,0,0,0,0
Cyai8_m_ZQ8,42,97.14,99.42,Marcando a minha conta para o Riot banir,0,0,,,0,0,0,0,0,0,0,0
Cyai8_m_ZQ8,43,99.42,101.1,"Ainda baniu minha conta, ainda é possível, me fudi",0,0,,,0,0,0,0,0,0,0,0
Cyai8_m_ZQ8,44,101.1,103.2,"E ela me respondeu, beleza Josué",0,0,,,0,0,0,0,0,0,0,0
Cyai8_m_ZQ8,45,103.2,105.42,Vamos fingir que você já conquistou alguma coisa na vida,0,0,,,0,0,0,0,0,0,0,0
Cyai8_m_ZQ8,46,105.42,107.3,"Além de esgosto para sua mamãe, olha isso aqui, mano",0,0,,,0,0,0,0,0,0,0,0
Cyai8_m_ZQ8,47,107.3,109.12,"Eu só falei que ele é mestre, eu falei tipo assim, mano",0,0,,,0,0,0,0,0,0,0,0
Cyai8_m_ZQ8,48,109.12,111.02,"Você é mestre, você não poderia falar",0,0,,,0,0,0,0,0,0,0,0
Cyai8_m_ZQ8,49,111.02,113.28,"Da build top 3 player do mundo que é o Chovy, né",0,0,,,0,0,0,0,0,0,0,0
Cyai8_m_ZQ8,50,113.28,116.24,"Tá bom, mas ela foi lá e começou a atacar meu pessoal, mano",0,0,,,0,0,0,0,0,0,0,0
Cyai8_m_ZQ8,51,116.24,116.66,Olha isso aqui,0,0,,,0,0,0,0,0,0,0,0
Cyai8_m_ZQ8,52,116.66,118.56,"Chegou um exército e é brigado aqui, exército",0,0,,,0,0,0,0,0,0,0,0
Cyai8_m_ZQ8,53,118.56,119.18,Chegou o cara da...,0,0,,,0,0,0,0,0,0,0,0
Cyai8_m_ZQ8,54,119.18,120.3,"Mano, esse...",0,0,,,0,0,0,0,0,0,0,0
Cyai8_m_ZQ8,55,120.3,121.08,LoL de grife aqui,0,0,,,0,0,0,0,0,0,0,0
Cyai8_m_ZQ8,56,121.08,122.24,"Esse LoL de gado aqui, mano",1,1,gado,gamer_misogino,0,0,0,1,0,0,0,0
Cyai8_m_ZQ8,57,122.24,122.78,"O cara, sei lá",0,0,,,0,0,0,0,0,0,0,0
Cyai8_m_ZQ8,58,122.78,123.68,"O cara, ele...",0,0,,,0,0,0,0,0,0,0,0
Cyai8_m_ZQ8,59,123.68,125.9,"O cara foi encontrado na bacilaria de São Paulo, entendeu?",0,0,,,0,0,0,0,0,0,0,0
Cyai8_m_ZQ8,60,126.0,126.76,Aí tem o olho puxado,0,0,,,0,0,0,0,0,0,0,0
Cyai8_m_ZQ8,61,126.76,128.34,E foi contratado aí pra ser...,0,0,,,0,0,0,0,0,0,0,0
Cyai8_m_ZQ8,62,128.34,129.4,"Pra ser profissional da LoL, tá bom?",0,0,,,0,0,0,0,0,0,0,0
Cyai8_m_ZQ8,63,129.62,130.9,Vai perder 50 títulos aí,0,0,,,0,0,0,0,0,0,0,0
Cyai8_m_ZQ8,64,130.9,131.58,Vai pegar porra nenhuma,0,0,,,0,0,0,0,0,0,0,0
Cyai8_m_ZQ8,65,131.58,132.74,Vai perder todos os campeonatos,0,0,,,0,0,0,0,0,0,0,0
Cyai8_m_ZQ8,66,132.74,134.1,Depois vai ser demitido aí,0,0,,,0,0,0,0,0,0,0,0
Cyai8_m_ZQ8,67,134.1,134.94,Mas foi contratado,0,0,,,0,0,0,0,0,0,0,0
Cyai8_m_ZQ8,68,134.94,135.54,Tem o olho puxado,0,0,,,0,0,0,0,0,0,0,0
Cyai8_m_ZQ8,69,135.54,136.14,E é assim que funciona,0,0,,,0,0,0,0,0,0,0,0
Cyai8_m_ZQ8,70,136.14,137.58,Então aqui ele postou uma conta,0,0,,,0,0,0,0,0,0,0,0
Cyai8_m_ZQ8,71,137.58,138.7,Que eu tava julgando a conta MES,0,0,,,0,0,0,0,0,0,0,0
Cyai8_m_ZQ8,72,138.7,140.1,"Que nem minha é, basicamente",0,0,,,0,0,0,0,0,0,0,0
Cyai8_m_ZQ8,73,140.1,141.42,"Aí eu falei, mano, essa",0,0,,,0,0,0,0,0,0,0,0
Cyai8_m_ZQ8,74,141.42,143.54,"Aí, beleza, isso aqui pegou também",0,0,,,0,0,0,0,0,0,0,0
Cyai8_m_ZQ8,75,143.54,145.26,"Eu falei assim, seu QI de",0,0,,,0,0,0,0,0,0,0,0
Cyai8_m_ZQ8,76,145.26,147.88,"Ó, eu falei QI de macaco, mas sabe como é que é o Twitter, né",1,1,macaco,racial_interseccional,1,0,0,0,0,0,0,0
Cyai8_m_ZQ8,77,147.88,149.62,"Meu Deus, não é racista, meu Deus",0,0,,,0,0,0,0,0,0,0,0
Cyai8_m_ZQ8,78,149.62,152.16,"Ele usou o termo QI de macaco, não pode usar isso",1,1,macaco,racial_interseccional,1,0,0,0,0,0,0,0
Cyai8_m_ZQ8,79,152.16,154.14,"Deixei bem claro ainda, QI de macaco, tá bom",1,1,macaco,racial_interseccional,1,0,0,0,0,0,0,0
Cyai8_m_ZQ8,80,154.14,156.06,"Posta minha real conta, Kevin e Mono",0,0,,,0,0,0,0,0,0,0,0
Cyai8_m_ZQ8,81,156.06,157.78,"Aí eu postei isso aqui, chegou o Couticil",0,0,,,0,0,0,0,0,0,0,0
Cyai8_m_ZQ8,82,157.78,159.24,"Marcando o Riotti, entendeu",0,0,,,0,0,0,0,0,0,0,0
Cyai8_m_ZQ8,83,159.24,161.1,"Maninho a porra da minha conta, mano",0,0,,,0,0,0,0,0,0,0,0
Cyai8_m_ZQ8,84,161.1,163.22,"É completamente bizonho o que virou o Twitter, entendeu",0,0,,,0,0,0,0,0,0,0,0
Cyai8_m_ZQ8,85,163.22,165.12,Eu falo simplesmente um fato,0,0,,,0,0,0,0,0,0,0,0
Cyai8_m_ZQ8,86,165.12,167.24,Que LoL Mestre não sabe de porra nenhuma do jogo,0,0,,,0,0,0,0,0,0,0,0
Cyai8_m_ZQ8,87,167.24,169.24,"Mas como é mulher, vai vir o Ezé",0,0,,,0,0,0,0,0,0,0,0
Cyai8_m_ZQ8,88,169.24,171.4,"de abigado, né? Como é mulher. É como isso aí,",0,0,,,0,0,0,0,0,0,0,0
Cyai8_m_ZQ8,89,171.46,173.26,mano. Aí... Aí eu postei,0,0,,,0,0,0,0,0,0,0,0
Cyai8_m_ZQ8,90,173.26,174.6,"isso aí e o negócio ficou muito louco, né?",0,0,,,0,0,0,0,0,0,0,0
Cyai8_m_ZQ8,91,175.1,176.5,Eu só vi um exército de abigado aqui.,0,0,,,0,0,0,0,0,0,0,0
Cyai8_m_ZQ8,92,177.12,179.12,"Tá meio cara de queijo macaco, tá meio escatiltor.",1,1,macaco,racial_interseccional,1,0,0,0,0,0,0,0
Cyai8_m_ZQ8,93,179.22,180.98,"Ela me xingou. Meu pessoal, tá bom? Ela falou",0,0,,,0,0,0,0,0,0,0,0
Cyai8_m_ZQ8,94,180.98,183.14,"que eu sou uma falha humana, xingou até minha mãe.",0,0,,,0,0,0,0,0,0,0,0
Cyai8_m_ZQ8,95,183.38,184.7,Só porque eu chamei de mestre.,0,0,,,0,0,0,0,0,0,0,0
Cyai8_m_ZQ8,96,185.26,187.22,"Aí, beleza. Eu sou um monte de gente me xingando",0,0,,,0,0,0,0,0,0,0,0
Cyai8_m_ZQ8,97,187.22,189.06,"aqui, tá bom? Não foi você, pô, mãe da",0,0,,,0,0,0,0,0,0,0,0
Cyai8_m_ZQ8,98,189.06,191.18,"mãe ao vivo. Chegou, mano.",0,0,,,0,0,0,0,0,0,0,0
Cyai8_m_ZQ8,99,192.02,193.06,"Chegou a galera do bem aqui,",0,0,,,0,0,0,0,0,0,0,0
Cyai8_m_ZQ8,100,193.14,194.74,"do Twitter e tudo aqui, mano, tá bom?",0,0,,,0,0,0,0,0,0,0,0
Cyai8_m_ZQ8,101,194.74,196.68,"Tem que ser mano caçadinho, nunca falha. Aí, beleza.",0,0,,,0,0,0,0,0,0,0,0
Cyai8_m_ZQ8,102,196.9,198.86,"Ela xingou minha mãe. Ela xingou, basicamente,",0,0,,,0,0,0,0,0,0,0,0
Cyai8_m_ZQ8,103,199.24,201.44,"a minha mãe aqui, por causa de um post",0,0,,,0,0,0,0,0,0,0,0
Cyai8_m_ZQ8,104,201.44,203.32,"que eu chamei de mestre. Aí eu falei, aí",0,0,,,0,0,0,0,0,0,0,0
Cyai8_m_ZQ8,105,203.32,205.18,"tá bom. Tranquilo, tranquilo.",0,0,,,0,0,0,0,0,0,0,0
Cyai8_m_ZQ8,106,205.46,207.36,"Depois, novamente, ela foi aqui e me xingou",0,0,,,0,0,0,0,0,0,0,0
Cyai8_m_ZQ8,107,207.36,209.12,"de novo, beleza? Me chamam de",0,0,,,0,0,0,0,0,0,0,0
Cyai8_m_ZQ8,108,209.12,211.28,"Hitler Capixaba, tá bom? Não basta",0,0,,,0,0,0,0,0,0,0,0
Cyai8_m_ZQ8,109,211.28,213.06,aquilo. Ela começou a me chamar de Hitler Capixaba,0,0,,,0,0,0,0,0,0,0,0
Cyai8_m_ZQ8,110,213.06,215.36,só porque de vez em quando eu faço uns piador,0,0,,,0,0,0,0,0,0,0,0
Cyai8_m_ZQ8,111,215.36,217.24,"aqui em live, um pouco mais de humor negro, mas",0,0,,,0,0,0,0,0,0,0,0
Cyai8_m_ZQ8,112,217.24,219.22,"os caras são viadinho aí. Os caras são viadinho,",2,1,viadinho,homofobia_misoginia,0,0,0,0,0,1,0,0
Cyai8_m_ZQ8,113,219.3,221.36,como é de logo viadinho. Muitos só tem viado nessa merda,2,1,viadinho; viado,homofobia_misoginia,0,0,0,0,0,1,0,0
Cyai8_m_ZQ8,114,221.36,223.26,"aqui. E os caras chutam um pouco isso, tá bom?",0,0,,,0,0,0,0,0,0,0,0
Cyai8_m_ZQ8,115,223.58,224.92,"As pessoas chamam de Hitler Capixaba,",0,0,,,0,0,0,0,0,0,0,0
Cyai8_m_ZQ8,116,225.02,226.82,"sabe como é que é, né? Xinguei,",0,0,,,0,0,0,0,0,0,0,0
Cyai8_m_ZQ8,117,227.08,229.1,"falei que mulher é mestre, acabou. Os caras",0,0,,,0,0,0,0,0,0,0,0
Cyai8_m_ZQ8,118,229.1,231.6,"Começa a me xingar de nazista, racista",0,0,,,0,0,0,0,0,0,0,0
Cyai8_m_ZQ8,119,231.6,233.42,"Homofóbico, tudo que existe",0,0,,,0,0,0,0,0,0,0,0
Cyai8_m_ZQ8,120,233.42,235.64,"Super, mega, hip, estrema, direita",0,0,,,0,0,0,0,0,0,0,0
Cyai8_m_ZQ8,121,235.64,236.52,Tudo que existe,0,0,,,0,0,0,0,0,0,0,0
Cyai8_m_ZQ8,122,236.52,238.92,Só porque eu falei que é mulher mestre,0,0,,,0,0,0,0,0,0,0,0
Cyai8_m_ZQ8,123,238.92,240.98,"Eu falei assim, mano, olha o que dessa coisa",0,0,,,0,0,0,0,0,0,0,0
Cyai8_m_ZQ8,124,240.98,243.1,Eu não ser um viadinho,1,1,viadinho,homofobia_misoginia,0,0,0,0,0,1,0,0
Cyai8_m_ZQ8,125,243.1,244.8,Não me faz ser homofóbico e nazista,0,0,,,0,0,0,0,0,0,0,0
Cyai8_m_ZQ8,126,244.8,246.48,Agora volta a ficar postando foto,0,0,,,0,0,0,0,0,0,0,0
Cyai8_m_ZQ8,127,246.48,249.04,E dando em cima de própria web puta do cenário,1,1,puta,xingamentos_genero,0,0,0,0,1,0,0,0
Cyai8_m_ZQ8,128,249.04,250.88,"Tive que me defender, ela escalou o nível ali",0,0,,,0,0,0,0,0,0,0,0
Cyai8_m_ZQ8,129,250.88,251.98,Tive que escalar o nível também,0,0,,,0,0,0,0,0,0,0,0
Cyai8_m_ZQ8,130,251.98,254.24,"Mano, tipo assim, sabe o bizarro disso aqui tudo?",0,0,,,0,0,0,0,0,0,0,0
Cyai8_m_ZQ8,131,254.34,256.26,"Que essa coisa aqui, ela foi bustada um tempo atrás",0,0,,,0,0,0,0,0,0,0,0
Cyai8_m_ZQ8,132,256.26,258.56,Ela foi bustada pelo web,0,0,,,0,0,0,0,0,0,0,0
Cyai8_m_ZQ8,133,258.56,259.66,"Namoradinho dela, tá bom?",0,0,,,0,0,0,0,0,0,0,0
Cyai8_m_ZQ8,134,259.86,261.88,"Eu puse aqui, mano, me defendi",0,0,,,0,0,0,0,0,0,0,0
Cyai8_m_ZQ8,135,261.88,263.78,"Falei assim, mano, a única coisa que tu fez na sua vida",0,0,,,0,0,0,0,0,0,0,0
Cyai8_m_ZQ8,136,263.78,265.52,"Foi dar, eu não vou falar aqui",0,0,,,0,0,0,0,0,0,0,0
Cyai8_m_ZQ8,137,265.52,267.18,E ser bustada aí pelo,0,0,,,0,0,0,0,0,0,0,0
Cyai8_m_ZQ8,138,267.18,269.22,"Zacão, que é o namoradinho dela, entendeu?",0,0,,,0,0,0,0,0,0,0,0
Cyai8_m_ZQ8,139,269.8,270.94,"Aí, beleza, tranquilo",0,0,,,0,0,0,0,0,0,0,0
Cyai8_m_ZQ8,140,270.94,274.1,"Comecei a me defender aqui, beleza",0,0,,,0,0,0,0,0,0,0,0
Cyai8_m_ZQ8,141,274.1,275.2,"Mas, mano",0,0,,,0,0,0,0,0,0,0,0
Cyai8_m_ZQ8,142,275.2,278.08,"O bagulho escalou ainda mais, que chegou um riote",0,0,,,0,0,0,0,0,0,0,0
Cyai8_m_ZQ8,143,278.08,279.4,Que eu mostrei já e abriu minha conta,0,0,,,0,0,0,0,0,0,0,0
Cyai8_m_ZQ8,144,279.4,281.6,Eu literalmente perdi minha conta com mais de 1.200 PDL,0,0,,,0,0,0,0,0,0,0,0
Cyai8_m_ZQ8,145,281.6,283.48,"Por quê? Mano, por quê eu fui falar",0,0,,,0,0,0,0,0,0,0,0
Cyai8_m_ZQ8,146,283.48,285.76,"Faz o Twitter, cara, eu tinha que ser um NPC",0,0,,,0,0,0,0,0,0,0,0
Cyai8_m_ZQ8,147,285.76,287.68,"que nem um enorme, assim, ah, isso aí é, mulher",0,0,,,0,0,0,0,0,0,0,0
Cyai8_m_ZQ8,148,287.68,289.88,"de cinquenta e quatro meses falando sobre build, tá ligado?",0,0,,,0,0,0,0,0,0,0,0
Cyai8_m_ZQ8,149,290.2,291.86,"Eu, mano, meu Deus, deve tá muito certo aqui,",0,0,,,0,0,0,0,0,0,0,0
Cyai8_m_ZQ8,150,291.94,293.4,"deve entender demais do game aqui, mano.",0,0,,,0,0,0,0,0,0,0,0
Cyai8_m_ZQ8,151,293.8,295.82,"Deveria ser um webigado, que nem os outros caras aí, que não ia me fuder",0,0,,,0,0,0,0,0,0,0,0
Cyai8_m_ZQ8,152,295.82,298.0,"tanto. Mano, e o bagulho foi piorando",0,0,,,0,0,0,0,0,0,0,0
Cyai8_m_ZQ8,153,298.0,299.6,"ainda mais, cara, que chegou o nível.",0,0,,,0,0,0,0,0,0,0,0
Cyai8_m_ZQ8,154,300.04,301.72,"Os caras começaram a me assar de morte, assim, mano,",0,0,,,0,0,0,0,0,0,0,0
Cyai8_m_ZQ8,155,301.94,303.84,"no público, assim, pegando, tipo assim, cem mil",0,0,,,0,0,0,0,0,0,0,0
Cyai8_m_ZQ8,156,303.84,305.9,"views, assim, o cara me assando de morte. E a mulher,",0,0,,,0,0,0,0,0,0,0,0
Cyai8_m_ZQ8,157,306.06,307.78,"tá, mulher, olha, o que que essa coisa",0,0,,,0,0,0,0,0,0,0,0
Cyai8_m_ZQ8,158,307.78,309.3,"vai fazer comigo, em encontrar na rua?",0,0,,,0,0,0,0,0,0,0,0
Cyai8_m_ZQ8,159,309.58,311.86,"Pagar um boquete pra mim? Ah, não, pior piada,",0,0,,,0,0,0,0,0,0,0,0
Cyai8_m_ZQ8,160,311.94,313.86,"calma aí, isso é uma ironia. Calma aí, isso foi",0,0,,,0,0,0,0,0,0,0,0
Cyai8_m_ZQ8,161,315.76,317.48,"sabe de onde esse cara é,",0,0,,,0,0,0,0,0,0,0,0
Cyai8_m_ZQ8,162,317.76,319.86,"os lugares que ele vai e tal, pra gente dar um jeito",0,0,,,0,0,0,0,0,0,0,0
Cyai8_m_ZQ8,163,319.86,321.8,"nele. Olha isso aqui, mano. Eu deveria,",0,0,,,0,0,0,0,0,0,0,0
Cyai8_m_ZQ8,164,321.84,323.28,"mano, eu deveria morrer, tá ligado?",0,0,,,0,0,0,0,0,0,0,0
Cyai8_m_ZQ8,165,323.54,325.24,"Por falar que uma... Isso aqui é ironia, tá?",0,0,,,0,0,0,0,0,0,0,0
Cyai8_m_ZQ8,166,325.52,327.6,"Por falar que mulher é mestre, né? De acordo",0,0,,,0,0,0,0,0,0,0,0
Cyai8_m_ZQ8,167,327.6,329.48,com os caras do Twitter Azul daqui.,0,0,,,0,0,0,0,0,0,0,0
Cyai8_m_ZQ8,168,329.68,331.72,"Tá o Azul, sei lá, o cara é grande da comunidade,",0,0,,,0,0,0,0,0,0,0,0
Cyai8_m_ZQ8,169,331.86,333.8,"faz conteúdo e tudo, ele só fala uns absurdos",0,0,,,0,0,0,0,0,0,0,0
Cyai8_m_ZQ8,170,333.8,335.76,assim atrás de tela e foda-se. Eu não falo,0,0,,,0,0,0,0,0,0,0,0
Cyai8_m_ZQ8,171,335.76,337.18,"um absurdo, que eu falo que é uma verdade, tá bom?",0,0,,,0,0,0,0,0,0,0,0
Cyai8_m_ZQ8,172,337.34,339.8,Que ninguém tem coragem de falar. Os caras,0,0,,,0,0,0,0,0,0,0,0
Cyai8_m_ZQ8,173,339.8,341.78,"olham... Mano, no fundo, todo mundo",0,0,,,0,0,0,0,0,0,0,0
Cyai8_m_ZQ8,174,341.78,343.66,que joga essa merda aqui sabe. 50 por outro,0,0,,,0,0,0,0,0,0,0,0
Cyai8_m_ZQ8,175,343.66,345.12,"mestre, mulher, falando de LOL, mano.",0,0,,,0,0,0,0,0,0,0,0
Cyai8_m_ZQ8,176,345.76,347.08,"Não quero ser machista aqui, entendeu?",0,0,,,0,0,0,0,0,0,0,0
Cyai8_m_ZQ8,177,347.24,348.6,"Mas, mano, não rola.",0,0,,,0,0,0,0,0,0,0,0
Cyai8_m_ZQ8,178,349.44,350.6,Não tem como defender.,0,0,,,0,0,0,0,0,0,0,0
Cyai8_m_ZQ8,179,350.72,351.72,"50 é pro outro mestre, entendeu?",0,0,,,0,0,0,0,0,0,0,0
Cyai8_m_ZQ8,180,352.36,353.4,Não é nem questão de ser machista.,0,0,,,0,0,0,0,0,0,0,0
Cyai8_m_ZQ8,181,353.5,355.1,A questão é de ser 50 é pro outro mestre.,0,0,,,0,0,0,0,0,0,0,0
Cyai8_m_ZQ8,182,355.8,356.4,Isso aqui é ridículo.,0,0,,,0,0,0,0,0,0,0,0
Cyai8_m_ZQ8,183,356.96,360.16,"Tinha que ter negócio fã do RedBest, mano.",0,0,,,0,0,0,0,0,0,0,0
Cyai8_m_ZQ8,184,360.42,362.26,"Cara, imagina você namorar uma pessoa, tá ligado?",0,0,,,0,0,0,0,0,0,0,0
Cyai8_m_ZQ8,185,362.28,363.9,Você namora uma pessoa e ela coloca...,0,0,,,0,0,0,0,0,0,0,0
Cyai8_m_ZQ8,186,363.9,367.02,"Mano, olha essa merda.",0,0,,,0,0,0,0,0,0,0,0
Cyai8_m_ZQ8,187,367.16,368.64,"Imagina você namorar uma pessoa, tá bom?",0,0,,,0,0,0,0,0,0,0,0
Cyai8_m_ZQ8,188,368.64,370.98,"Essa aqui deve ser uma obesa do Twitter, uma obesa.",0,0,,,0,0,0,0,0,0,0,0
Cyai8_m_ZQ8,189,371.5,374.16,"Você namora uma pessoa e a pessoa coloca fã do RedBest, tá bom?",0,0,,,0,0,0,0,0,0,0,0
Cyai8_m_ZQ8,190,374.16,376.38,"Outro negócio no Twitter, cara",0,0,,,0,0,0,0,0,0,0,0
Cyai8_m_ZQ8,191,376.38,377.98,Olha o quão bizarro isso aqui é,0,0,,,0,0,0,0,0,0,0,0
Cyai8_m_ZQ8,192,377.98,380.88,Tá ameaçando ali e chegou um monte de gente defendendo ela,0,0,,,0,0,0,0,0,0,0,0
Cyai8_m_ZQ8,193,380.88,383.06,Isso que chega a ser bizarro,0,0,,,0,0,0,0,0,0,0,0
Cyai8_m_ZQ8,194,383.06,385.18,"Passou um monte de gente defendendo ela aqui ainda, mano",0,0,,,0,0,0,0,0,0,0,0
Cyai8_m_ZQ8,195,385.18,386.42,"Olha isso aqui, mano",0,0,,,0,0,0,0,0,0,0,0
Cyai8_m_ZQ8,196,386.42,387.62,É loucura isso aqui,0,0,,,0,0,0,0,0,0,0,0
Cyai8_m_ZQ8,197,387.62,389.06,Leitinho tomou um apavoro,0,0,,,0,0,0,0,0,0,0,0
Cyai8_m_ZQ8,198,389.06,391.86,Essas pragas só são valentes atrás da internet e do PC,0,0,,,0,0,0,0,0,0,0,0
Cyai8_m_ZQ8,199,391.86,394.78,Maluco tá cometendo crime atrás de crime na internet,0,0,,,0,0,0,0,0,0,0,0
Cyai8_m_ZQ8,200,394.78,396.88,E tem um bando de imbecil curtindo e defendendo essa porra,0,0,,,0,0,0,0,0,0,0,0
Cyai8_m_ZQ8,201,396.88,397.4,Meu Deus!,0,0,,,0,0,0,0,0,0,0,0
Cyai8_m_ZQ8,202,397.96,400.64,Chamar mulher de mestre no LOL e falar que ela não sabe nada do LOL,0,0,,,0,0,0,0,0,0,0,0
Cyai8_m_ZQ8,203,400.64,402.64,"Do game é crime, não sabia, mano",0,0,,,0,0,0,0,0,0,0,0
Cyai8_m_ZQ8,204,402.64,405.36,"Eu acho que eu pego 100 anos aqui no Código Penal Brasileiro, hein, mano",0,0,,,0,0,0,0,0,0,0,0
Cyai8_m_ZQ8,205,405.36,406.56,O bagulho ficou louco,0,0,,,0,0,0,0,0,0,0,0
Cyai8_m_ZQ8,206,406.56,407.36,"Vai ter que chamar, mano",0,0,,,0,0,0,0,0,0,0,0
Cyai8_m_ZQ8,207,407.36,408.2,Os... os...,0,0,,,0,0,0,0,0,0,0,0
Cyai8_m_ZQ8,208,408.2,409.1,"É cinco estrelas, tá?",0,0,,,0,0,0,0,0,0,0,0
Cyai8_m_ZQ8,209,409.16,409.7,Cinco estrelas,0,0,,,0,0,0,0,0,0,0,0
Cyai8_m_ZQ8,210,409.7,410.36,"Vai vir, mano",0,0,,,0,0,0,0,0,0,0,0
Cyai8_m_ZQ8,211,410.36,411.8,"A Federal aqui em casa, tá bom?",0,0,,,0,0,0,0,0,0,0,0
Cyai8_m_ZQ8,212,412.08,413.38,"Helicóptero, tanque de guerra, acabou",0,0,,,0,0,0,0,0,0,0,0
Cyai8_m_ZQ8,213,413.38,414.3,Eu sou... eu sou...,0,0,,,0,0,0,0,0,0,0,0
Cyai8_m_ZQ8,214,414.3,415.68,Agora eu virei o criminoso,0,0,,,0,0,0,0,0,0,0,0
Cyai8_m_ZQ8,215,415.68,416.36,Eu virei o criminoso agora,0,0,,,0,0,0,0,0,0,0,0
Cyai8_m_ZQ8,216,416.36,417.02,Não tô sabendo,0,0,,,0,0,0,0,0,0,0,0
Cyai8_m_ZQ8,217,417.02,418.2,O bagulho ficou louco,0,0,,,0,0,0,0,0,0,0,0
Cyai8_m_ZQ8,218,418.2,418.68,Olha isso aqui,0,0,,,0,0,0,0,0,0,0,0
Cyai8_m_ZQ8,219,418.68,420.14,Esse goji não sai de casa,0,0,,,0,0,0,0,0,0,0,0
Cyai8_m_ZQ8,220,420.14,421.9,Ele sabe que se for reconhecido na rua,0,0,,,0,0,0,0,0,0,0,0
Cyai8_m_ZQ8,221,421.9,422.66,Ele vira história,0,0,,,0,0,0,0,0,0,0,0
Cyai8_m_ZQ8,222,422.66,424.22,"Sim, eu devo ser morto se alguém me reconhecer na rua",0,0,,,0,0,0,0,0,0,0,0
Cyai8_m_ZQ8,223,424.22,424.66,Caralho!,1,1,caralho,sexual_degradante,0,0,1,0,0,0,0,0
Cyai8_m_ZQ8,224,425.02,426.16,"Meu Deus, vou ser o Yoki, mano",0,0,,,0,0,0,0,0,0,0,0
Cyai8_m_ZQ8,225,426.16,426.84,"Meu Deus, tô, mano",0,0,,,0,0,0,0,0,0,0,0
Cyai8_m_ZQ8,226,426.84,427.72,Tenho a mais...,0,0,,,0,0,0,0,0,0,0,0
Cyai8_m_ZQ8,227,427.72,431.14,"Tu é mais procurado que o comandante do CV, tá ligado?",0,0,,,0,0,0,0,0,0,0,0
Cyai8_m_ZQ8,228,431.46,432.94,"Não, os caras devem pensar que eu sou tipo assim, mano.",0,0,,,0,0,0,0,0,0,0,0
Cyai8_m_ZQ8,229,433.02,435.4,"O novo Pablo Escobar brasileiro, assim, procurado, né?",0,0,,,0,0,0,0,0,0,0,0
Cyai8_m_ZQ8,230,435.98,438.98,"Porque eu falo verdade no LOL, no Twitter, né?",0,0,,,0,0,0,0,0,0,0,0
Cyai8_m_ZQ8,231,439.02,439.82,"Deve ser isso, então.",0,0,,,0,0,0,0,0,0,0,0
Cyai8_m_ZQ8,232,440.12,441.7,"Cara, esse negócio é muito bizarro, mano.",0,0,,,0,0,0,0,0,0,0,0
Cyai8_m_ZQ8,233,442.08,443.58,Ele deve ter processo nas costas.,0,0,,,0,0,0,0,0,0,0,0
Cyai8_m_ZQ8,234,443.68,444.2,Eu tô bom pro senhor.,0,0,,,0,0,0,0,0,0,0,0
Cyai8_m_ZQ8,235,444.24,445.18,"Pro senhor por nenhuma, tá bom?",0,0,,,0,0,0,0,0,0,0,0
Cyai8_m_ZQ8,236,445.38,445.98,Pro senhor por nenhuma.,0,0,,,0,0,0,0,0,0,0,0
Cyai8_m_ZQ8,237,446.1,448.4,"Os caras arrumam o CPF, eu não completo dele.",0,0,,,0,0,0,0,0,0,0,0
Cyai8_m_ZQ8,238,448.46,449.24,"Olha isso aqui, mano.",0,0,,,0,0,0,0,0,0,0,0
Cyai8_m_ZQ8,239,449.38,450.22,"Ih, fudeu, rapaziada.",0,0,,,0,0,0,0,0,0,0,0
Cyai8_m_ZQ8,240,450.62,453.18,"Se por acaso eu abrir live amanhã, saiba que eu fui encontrado, beleza?",0,0,,,0,0,0,0,0,0,0,0
Cyai8_m_ZQ8,241,453.18,455.12,"Pela tropinha do Tuto e Tezu, tá bom?",0,0,,,0,0,0,0,0,0,0,0
Cyai8_m_ZQ8,242,455.12,457.56,"Cara, eu prefiro entrar na maré",0,0,,,0,0,0,0,0,0,0,0
Cyai8_m_ZQ8,243,457.56,458.82,"Do comando vermelho, tá bom?",0,0,,,0,0,0,0,0,0,0,0
Cyai8_m_ZQ8,244,458.94,460.12,"Não conhecer ninguém lá, entra lá",0,0,,,0,0,0,0,0,0,0,0
Cyai8_m_ZQ8,245,460.12,462.82,"Do que, mano, do que encontrar esses caras na rua, tá bom?",0,0,,,0,0,0,0,0,0,0,0
Cyai8_m_ZQ8,246,463.16,464.86,"Eu vou ser fuzilado, eu vou ser fuzilado",0,0,,,0,0,0,0,0,0,0,0
Cyai8_m_ZQ8,247,464.86,465.66,"O negócio tá louco, mano",0,0,,,0,0,0,0,0,0,0,0
Cyai8_m_ZQ8,248,465.66,467.74,"Olha isso aqui, mano",0,0,,,0,0,0,0,0,0,0,0
Cyai8_m_ZQ8,249,467.74,470.12,"Não, e depois, olha, esse comentário foi",0,0,,,0,0,0,0,0,0,0,0
Cyai8_m_ZQ8,250,470.12,471.82,"Mano, esse comentário foi certeiro",0,0,,,0,0,0,0,0,0,0,0
Cyai8_m_ZQ8,251,471.82,474.22,Depois os caras falam que eu que espalho a hate,0,0,,,0,0,0,0,0,0,0,0
Cyai8_m_ZQ8,252,474.22,475.62,"Pior que é true, mano, não fiz nada aqui",0,0,,,0,0,0,0,0,0,0,0
Cyai8_m_ZQ8,253,475.62,477.02,"Entendeu? Agora, rapaziada",0,0,,,0,0,0,0,0,0,0,0
Cyai8_m_ZQ8,254,477.02,480.58,"Vou ficar aqui, mano, no meu bambuzal escondido, tá bom?",0,0,,,0,0,0,0,0,0,0,0
Cyai8_m_ZQ8,255,480.62,482.52,"Se eu sair pra rua eu posso ser morto, tá bom?",0,0,,,0,0,0,0,0,0,0,0
Cyai8_m_ZQ8,256,482.98,483.3,Morto,0,0,,,0,0,0,0,0,0,0,0
Cyai8_m_ZQ8,257,483.3,484.92,"Pela galera do Twitter, tá bom?",0,0,,,0,0,0,0,0,0,0,0
Cyai8_m_ZQ8,258,484.92,487.36,Júria Leona,0,0,,,0,0,0,0,0,0,0,0
Cyai8_m_ZQ8,259,487.36,489.44,"Fã do RedBet, eu prefiro ser fã, sei lá",0,0,,,0,0,0,0,0,0,0,0
Cyai8_m_ZQ8,260,489.44,491.62,"Do Mussolino do que ser fã do RedBet, cara",0,0,,,0,0,0,0,0,0,0,0
Cyai8_m_ZQ8,261,491.62,493.8,"Olha essa, mano, quem que é fã do RedBet",0,0,,,0,0,0,0,0,0,0,0
Cyai8_m_ZQ8,262,493.8,495.24,"Cara, RedBet, cara, é um beijo",0,0,,,0,0,0,0,0,0,0,0
Cyai8_m_ZQ8,263,495.24,497.32,"Olha o nível que chegou isso aqui, olha o nível",0,0,,,0,0,0,0,0,0,0,0
Cyai8_m_ZQ8,264,497.32,499.18,"Mano, e é isso aí, tá, é literalmente",0,0,,,0,0,0,0,0,0,0,0
Cyai8_m_ZQ8,265,499.18,501.8,Isso aqui é apenas uma ameaça que eu tô mostrando,0,0,,,0,0,0,0,0,0,0,0
Cyai8_m_ZQ8,266,501.8,503.4,"Tá, tem tipo assim, centenas, centenas",0,0,,,0,0,0,0,0,0,0,0
Cyai8_m_ZQ8,267,503.4,505.5,"É isso aí, né, já sabe, né",0,0,,,0,0,0,0,0,0,0,0
Cyai8_m_ZQ8,268,505.5,507.32,"Se eu não abrir lá aí nos próximos dias aí, sabe que eu fui",0,0,,,0,0,0,0,0,0,0,0
Cyai8_m_ZQ8,269,507.32,509.38,Contrado e eu fui dessa aqui,0,0,,,0,0,0,0,0,0,0,0
Cyai8_m_ZQ8,270,509.38,511.4,"Pra melhor, beleza, é, os caras vão matar",0,0,,,0,0,0,0,0,0,0,0
Cyai8_m_ZQ8,271,511.4,512.8,"Eu do Twitter, o bagulho tá louco, mano",0,0,,,0,0,0,0,0,0,0,0
Cyai8_m_ZQ8,272,512.8,515.14,"Mano, os caras em vez de ficar preocupado com o negócio de, mano",0,0,,,0,0,0,0,0,0,0,0
Cyai8_m_ZQ8,273,515.14,517.3,"Dos criminosos, comando vermelho, sei lá, do PCC",0,0,,,0,0,0,0,0,0,0,0
Cyai8_m_ZQ8,274,517.3,518.96,"Não, os caras ficam preocupados comigo aqui",0,0,,,0,0,0,0,0,0,0,0
Cyai8_m_ZQ8,275,518.96,520.14,"No League of Legends aqui, mano",0,0,,,0,0,0,0,0,0,0,0
Cyai8_m_ZQ8,276,520.14,523.0,"Mano, olha os comentários dessa comunidade pife",0,0,,,0,0,0,0,0,0,0,0
Cyai8_m_ZQ8,277,523.0,524.32,Que é a comunidade de viadinho de League,1,1,viadinho,homofobia_misoginia,0,0,0,0,0,1,0,0
Cyai8_m_ZQ8,278,524.32,527.24,"O cara censurou meu nome como se eu fosse o Hitler, tá ligado?",0,0,,,0,0,0,0,0,0,0,0
Cyai8_m_ZQ8,279,527.42,529.1,"Mano, olha isso aqui, o cara censurou meu nome",0,0,,,0,0,0,0,0,0,0,0
Cyai8_m_ZQ8,280,529.1,530.68,"Como se eu fosse o Baldemort, mano",0,0,,,0,0,0,0,0,0,0,0
Cyai8_m_ZQ8,281,530.68,531.62,Que porra é essa?,0,0,,,0,0,0,0,0,0,0,0
Cyai8_m_ZQ8,282,531.86,534.94,"Mano, o cara levou em banho minha conta porque censurou meu nome aqui ainda, cara",0,0,,,0,0,0,0,0,0,0,0
Cyai8_m_ZQ8,283,534.94,537.42,Olha os comentários dessa comunidade de viadinho,1,1,viadinho,homofobia_misoginia,0,0,0,0,0,1,0,0
Cyai8_m_ZQ8,284,537.42,538.38,"Que é do League, mano",0,0,,,0,0,0,0,0,0,0,0
Cyai8_m_ZQ8,285,538.38,540.02,Só porque eu falei que a mulher é mestre,0,0,,,0,0,0,0,0,0,0,0
Cyai8_m_ZQ8,286,540.02,541.96,Se tem um cara que é podre como esse ser,0,0,,,0,0,0,0,0,0,0,0
Cyai8_m_ZQ8,287,541.96,544.68,"E ó, que puta que pariu, o cara pertence aos subúrbios",1,1,puta,xingamentos_genero,0,0,0,0,1,0,0,0
Cyai8_m_ZQ8,288,544.68,546.58,Mais ignóbeis da sociedade,0,0,,,0,0,0,0,0,0,0,0
Cyai8_m_ZQ8,289,546.58,547.28,"Olha isso aqui, mano",0,0,,,0,0,0,0,0,0,0,0
Cyai8_m_ZQ8,290,547.28,550.0,"Mano, que negócio louco, mano, pelo amor de Deus, mano",0,0,,,0,0,0,0,0,0,0,0
Cyai8_m_ZQ8,291,550.0,551.98,Que post mais machista imbecil,0,0,,,0,0,0,0,0,0,0,0
Cyai8_m_ZQ8,292,551.98,554.8,"Eu sou machista agora, falei que a mulher é mestre, eu sou machista, mano",0,0,,,0,0,0,0,0,0,0,0
Cyai8_m_ZQ8,293,554.8,556.46,Sempre mando caçadinha,0,0,,,0,0,0,0,0,0,0,0
Cyai8_m_ZQ8,294,556.46,557.18,"Olha isso aqui, mano",0,0,,,0,0,0,0,0,0,0,0
Cyai8_m_ZQ8,295,557.18,559.56,"Cara, olha isso aqui, mano, os caras chamam eu",0,0,,,0,0,0,0,0,0,0,0
Cyai8_m_ZQ8,296,559.56,562.64,"Ah, meu Deus, cara, eu virei em céu agora, eu virei em céu, mano",0,0,,,0,0,0,0,0,0,0,0
Cyai8_m_ZQ8,297,562.64,564.22,Que a minha mulher de mestre virei em céu,0,0,,,0,0,0,0,0,0,0,0
Cyai8_m_ZQ8,298,564.22,566.46,Todo mãe caçadinha e mestre guinotina,0,0,,,0,0,0,0,0,0,0,0
Cyai8_m_ZQ8,299,566.46,567.88,"Sim, eu mesmo peguei de morte, mano",0,0,,,0,0,0,0,0,0,0,0
Cyai8_m_ZQ8,300,567.88,570.22,Tá ligado? Eu mesmo peguei de morte agora,0,0,,,0,0,0,0,0,0,0,0
Cyai8_m_ZQ8,301,570.22,571.98,"Mano, meu Deus, cara",0,0,,,0,0,0,0,0,0,0,0
Cyai8_m_ZQ8,302,571.98,573.36,"Que negócio louco, mano",0,0,,,0,0,0,0,0,0,0,0
Cyai8_m_ZQ8,303,573.36,575.54,"Mas tá aí, né, eu não volto atrás, tá bom",0,0,,,0,0,0,0,0,0,0,0
Cyai8_m_ZQ8,304,575.54,578.18,"Não me arrepio de nada que eu falei, eu só falei pelas verdades",0,0,,,0,0,0,0,0,0,0,0
Cyai8_m_ZQ8,305,578.18,579.96,Ser xingado por um bando de devs,0,0,,,0,0,0,0,0,0,0,0
Cyai8_m_ZQ8,306,579.96,581.84,"É o preço de pagar, tá bom, por ser um alfa aí",0,0,,,0,0,0,0,0,0,0,0
Cyai8_m_ZQ8,307,581.84,583.64,"Por falar verdades, é o preço de pagar",0,0,,,0,0,0,0,0,0,0,0
Cyai8_m_ZQ8,308,583.64,585.92,"Por ser uma pessoa sensata aí, tá bom",0,0,,,0,0,0,0,0,0,0,0
Cyai8_m_ZQ8,309,585.92,588.12,"Ele era no meu chip, ok",0,0,,,0,0,0,0,0,0,0,0
Cyai8_m_ZQ8,310,588.12,589.94,Parece que a ideia é pegaria,0,0,,,0,0,0,0,0,0,0,0
Cyai8_m_ZQ8,311,589.94,590.88,"A balinha, mano",0,0,,,0,0,0,0,0,0,0,0
Cyai8_m_ZQ8,312,590.88,596.95,"Vai ter que flechar, mano, ou você flecha aqui",0,0,,,0,0,0,0,0,0,0,0
Cyai8_m_ZQ8,313,596.95,598.27,"Parece que você foi, né",0,0,,,0,0,0,0,0,0,0,0
Cyai8_m_ZQ8,314,598.27,599.93,"Nossa, uau",0,0,,,0,0,0,0,0,0,0,0
Cyai8_m_ZQ8,315,599.93,601.93,"Big play, uau",0,0,,,0,0,0,0,0,0,0,0
Cyai8_m_ZQ8,316,601.93,604.93,"E aí, full chase, nossa",0,0,,,0,0,0,0,0,0,0,0
Cyai8_m_ZQ8,317,604.93,606.57,"Já flechou, tá bom",0,0,,,0,0,0,0,0,0,0,0
Cyai8_m_ZQ8,318,606.57,611.3,Deixa eu dar meu beijo aqui,0,0,,,0,0,0,0,0,0,0,0
Cyai8_m_ZQ8,319,611.3,614.02,Tô pensando se era mentira,0,0,,,0,0,0,0,0,0,0,0
Cyai8_m_ZQ8,320,614.02,625.28,"Ele não morreu, cara, que tiltante, mano",0,0,,,0,0,0,0,0,0,0,0
Cyai8_m_ZQ8,321,625.28,626.78,"Ninguém morre, cara",0,0,,,0,0,0,0,0,0,0,0
Cyai8_m_ZQ8,322,626.78,630.45,"Ah, esse cara aqui é perfeito mesmo",0,0,,,0,0,0,0,0,0,0,0
Cyai8_m_ZQ8,323,630.45,631.97,"Aqui, mano",0,0,,,0,0,0,0,0,0,0,0
Cyai8_m_ZQ8,324,631.97,634.75,"Minha cara não vai vir aqui não, mano",0,0,,,0,0,0,0,0,0,0,0
Cyai8_m_ZQ8,325,634.75,636.03,"Minha cara, meu beijão vai",0,0,,,0,0,0,0,0,0,0,0
Cyai8_m_ZQ8,326,636.03,638.81,"Não vai vir aqui, foi meio close",0,0,,,0,0,0,0,0,0,0,0
Cyai8_m_ZQ8,327,638.81,639.33,"Isso aqui, mano",0,0,,,0,0,0,0,0,0,0,0
Cyai8_m_ZQ8,328,639.33,645.26,"Nossa, foi aqui o Pyrelle, eu percebi isso aqui agora, hein, mano, close",0,0,,,0,0,0,0,0,0,0,0
Cyai8_m_ZQ8,329,645.26,651.25,Mas vai ter que vir aqui e me dar uma moralzuda,0,0,,,0,0,0,0,0,0,0,0
Cyai8_m_ZQ8,330,651.25,653.05,"aqui, mano. Essa aqui",0,0,,,0,0,0,0,0,0,0,0
Cyai8_m_ZQ8,331,653.05,654.77,"com esse blue deu uma pegada, meu tipo, exuda.",0,0,,,0,0,0,0,0,0,0,0
Cyai8_m_ZQ8,332,655.93,656.21,Ok.,0,0,,,0,0,0,0,0,0,0,0
Cyai8_m_ZQ8,333,658.85,660.11,"Estupro, meu tipo, ok.",0,0,,,0,0,0,0,0,0,0,0
Cyai8_m_ZQ8,334,668.3,670.1,Até essa dar a volta aqui. Ela já puxou,0,0,,,0,0,0,0,0,0,0,0
Cyai8_m_ZQ8,335,670.1,670.84,a wave aqui.,0,0,,,0,0,0,0,0,0,0,0
Cyai8_m_ZQ8,336,673.04,674.3,Já deu merda a jeta.,0,0,,,0,0,0,0,0,0,0,0
Cyai8_m_ZQ8,337,674.72,683.46,"Ah, que eu morri aqui ainda, cara!",0,0,,,0,0,0,0,0,0,0,0
Cyai8_m_ZQ8,338,683.74,685.54,"Ai, meu Deus, que demora pra vir, mano!",0,0,,,0,0,0,0,0,0,0,0
Cyai8_m_ZQ8,339,685.6,688.06,"Meu Deus, cara! Ai, que demora",0,0,,,0,0,0,0,0,0,0,0
Cyai8_m_ZQ8,340,688.06,689.4,"pra vir, mano! Ok, tá bom.",0,0,,,0,0,0,0,0,0,0,0
Cyai8_m_ZQ8,341,690.68,691.88,Pelo menos eu morri como eu morri antes.,0,0,,,0,0,0,0,0,0,0,0
Cyai8_m_ZQ8,342,691.88,694.16,"Se eu estacar aqui, meu lacrime negro, eu ia perder uma wave inteira aqui.",0,0,,,0,0,0,0,0,0,0,0
Cyai8_m_ZQ8,343,695.2,696.18,"Mas não foi tão ruim assim, não.",0,0,,,0,0,0,0,0,0,0,0
Cyai8_m_ZQ8,344,699.52,700.52,Eu peguei meu level 6,0,0,,,0,0,0,0,0,0,0,0
Cyai8_m_ZQ8,345,700.52,726.02,mais close cadê a porra do meu level 6 mano oh ok oh a gente só ganha aqui se pá mano,0,0,,,0,0,0,0,0,0,0,0
Cyai8_m_ZQ8,346,726.02,732.0,peguei duas kills foda-se vamos porque tem game vamo negudos vamo três kills luta boa,0,0,,,0,0,0,0,0,0,0,0
Cyai8_m_ZQ8,347,732.0,741.43,rapaziada boa peguei duas kills nós tem da l game essa de l game ok calma aí ô neguixa,0,0,,,0,0,0,0,0,0,0,0
Cyai8_m_ZQ8,348,741.43,755.2,calma aí que que é isso velho tem da 5 filha cara que que é isso acho que ela morre aqui,0,0,,,0,0,0,0,0,0,0,0
Cyai8_m_ZQ8,349,755.2,762.22,Teve um pouco de sorte,0,0,,,0,0,0,0,0,0,0,0
Cyai8_m_ZQ8,350,762.22,764.06,Ela vai dar a big,0,0,,,0,0,0,0,0,0,0,0
Cyai8_m_ZQ8,351,764.06,765.18,"Vai ser a barricada, mano",0,0,,,0,0,0,0,0,0,0,0
Cyai8_m_ZQ8,352,765.18,767.28,Ela tem flash,0,0,,,0,0,0,0,0,0,0,0
Cyai8_m_ZQ8,353,767.28,769.2,Eu acho que eu morri,0,0,,,0,0,0,0,0,0,0,0
Cyai8_m_ZQ8,354,769.2,774.17,"Caraca, mano, tem uma nico aqui",0,0,,,0,0,0,0,0,0,0,0
Cyai8_m_ZQ8,355,774.17,776.99,Eu acho que eu não peguei aquela barricada,0,0,,,0,0,0,0,0,0,0,0
Cyai8_m_ZQ8,356,776.99,777.51,"Ainda, mano",0,0,,,0,0,0,0,0,0,0,0
Cyai8_m_ZQ8,357,777.51,787.92,"Caralho, cara",1,1,caralho,sexual_degradante,0,0,1,0,0,0,0,0
Cyai8_m_ZQ8,358,787.92,788.76,"Beleza, ela morreu",0,0,,,0,0,0,0,0,0,0,0
Cyai8_m_ZQ8,359,788.76,792.8,"Que legal isso aqui, mano",0,0,,,0,0,0,0,0,0,0,0
Cyai8_m_ZQ8,360,792.8,794.74,"Ficou bem até, mano",0,0,,,0,0,0,0,0,0,0,0
Cyai8_m_ZQ8,361,794.74,807.97,É uma kill só mesmo,0,0,,,0,0,0,0,0,0,0,0
Cyai8_m_ZQ8,362,807.97,814.94,Títio dos macaquinhos de castelo mandou 2 reais,1,1,macaquinhos,racial_interseccional,1,0,0,0,0,0,0,0
Cyai8_m_ZQ8,363,814.94,816.56,Neguinho do Títio,1,1,neguinho,racial_interseccional,1,0,0,0,0,0,0,0
Cyai8_m_ZQ8,364,816.56,818.04,Não vai querer a skin mesmo?,0,0,,,0,0,0,0,0,0,0,0
Cyai8_m_ZQ8,365,818.58,819.18,Tem certeza?,0,0,,,0,0,0,0,0,0,0,0
Cyai8_m_ZQ8,366,819.76,821.34,O Títio não vai te machucar,0,0,,,0,0,0,0,0,0,0,0
Cyai8_m_ZQ8,367,821.34,823.7,Já dei 30 roblox pro neguinho do Davizinho,1,1,neguinho,racial_interseccional,1,0,0,0,0,0,0,0
Cyai8_m_ZQ8,368,823.7,825.06,E ele tá todo felizinho,0,0,,,0,0,0,0,0,0,0,0
Cyai8_m_ZQ8,369,825.06,828.24,O neguinho tem as mauzinhas lisa e agora falta você macaco,2,1,macaco; neguinho,racial_interseccional,1,0,0,0,0,0,0,0
Cyai8_m_ZQ8,370,828.24,830.06,Avisa quando a negra for trabalhar,0,0,,,0,0,0,0,0,0,0,0
Cyai8_m_ZQ8,371,830.06,832.28,Se você chamar minha mãe de negra,0,0,,,0,0,0,0,0,0,0,0
Cyai8_m_ZQ8,372,832.28,833.42,"Mais uma vez, salgadeira",0,0,,,0,0,0,0,0,0,0,0
Cyai8_m_ZQ8,373,833.42,835.28,"Eu vou dar banho pra você pedir agir, não tô usando mais, mano",0,0,,,0,0,0,0,0,0,0,0
Cyai8_m_ZQ8,374,835.28,836.96,Já tá avisado já,0,0,,,0,0,0,0,0,0,0,0
Cyai8_m_ZQ8,375,836.96,838.56,"Caraca, meu Deus, não tô aprendendo nem pôde",0,0,,,0,0,0,0,0,0,0,0
Cyai8_m_ZQ8,376,838.56,851.71,barbado cara que isso não é muito ruim vou carregar esse que dá 6 em fudeu não,0,0,,,0,0,0,0,0,0,0,0
Cyai8_m_ZQ8,377,851.71,870.68,procurou também a lógica é liguei no casadinho que brotep é isso da mesma,0,0,,,0,0,0,0,0,0,0,0
Cyai8_m_ZQ8,378,870.68,877.38,técnica de casa na reta da reta do louco mas ele ganhou o atendimento da puta e,1,1,puta,xingamentos_genero,0,0,0,0,1,0,0,0
Cyai8_m_ZQ8,379,877.38,881.02,fala que se meteu que é difícil para meter difícil de medir aquele game lá,0,0,,,0,0,0,0,0,0,0,0
Cyai8_m_ZQ8,380,881.02,881.3,Entendeu?,0,0,,,0,0,0,0,0,0,0,0
Cyai8_m_ZQ8,381,882.0,882.4,Morri,0,0,,,0,0,0,0,0,0,0,0
Cyai8_m_ZQ8,382,882.4,883.86,Não,0,0,,,0,0,0,0,0,0,0,0
Cyai8_m_ZQ8,383,883.86,885.46,"Nossa, eu vou dar B",0,0,,,0,0,0,0,0,0,0,0
Cyai8_m_ZQ8,384,885.46,889.12,"Nossa, o Pidit tá de novo na minha lane, cara",0,0,,,0,0,0,0,0,0,0,0
Cyai8_m_ZQ8,385,889.12,889.58,Calma,0,0,,,0,0,0,0,0,0,0,0
Cyai8_m_ZQ8,386,889.58,891.58,"Não tenho mais 10 anos, cara",0,0,,,0,0,0,0,0,0,0,0
Cyai8_m_ZQ8,387,891.58,891.94,Calma,0,0,,,0,0,0,0,0,0,0,0
Cyai8_m_ZQ8,388,891.94,898.24,Nós temos um dragão aqui,0,0,,,0,0,0,0,0,0,0,0
Cyai8_m_ZQ8,389,898.24,899.04,Meu Deus,0,0,,,0,0,0,0,0,0,0,0
Cyai8_m_ZQ8,390,899.04,901.18,"Caraca, meu Deus, mano",0,0,,,0,0,0,0,0,0,0,0
Cyai8_m_ZQ8,391,901.18,902.28,"Eu tive um susto, cara",0,0,,,0,0,0,0,0,0,0,0
Cyai8_m_ZQ8,392,902.28,903.5,"Pô, você é a vida isso aqui",0,0,,,0,0,0,0,0,0,0,0
Cyai8_m_ZQ8,393,903.5,904.18,"Eu trolei, mano",0,0,,,0,0,0,0,0,0,0,0
Cyai8_m_ZQ8,394,904.18,906.3,"Em defender minha torre, mano",0,0,,,0,0,0,0,0,0,0,0
Cyai8_m_ZQ8,395,906.3,908.64,"Pô, trolei demais aqui, mano",0,0,,,0,0,0,0,0,0,0,0
Cyai8_m_ZQ8,396,908.64,911.3,"Não atravessa a parede tomando de caçadinho, mano",0,0,,,0,0,0,0,0,0,0,0
Cyai8_m_ZQ8,397,911.3,914.62,"É, pelo visto eu tenho 10 anos sim",0,0,,,0,0,0,0,0,0,0,0
Cyai8_m_ZQ8,398,914.62,915.46,"Pelo visto, né?",0,0,,,0,0,0,0,0,0,0,0
Cyai8_m_ZQ8,399,916.68,917.98,"Eu queria saber o que tava dando bem ali, mano.",0,0,,,0,0,0,0,0,0,0,0
Cyai8_m_ZQ8,400,918.0,918.56,Achei estranho.,0,0,,,0,0,0,0,0,0,0,0
Cyai8_m_ZQ8,401,918.6,919.64,"Tinha um ar de lixo, será, mano?",0,0,,,0,0,0,0,0,0,0,0
Cyai8_m_ZQ8,402,919.68,920.22,Comprar lente.,0,0,,,0,0,0,0,0,0,0,0
Cyai8_m_ZQ8,403,926.65,927.91,"Nossa senhora, hein, cara.",0,0,,,0,0,0,0,0,0,0,0
Cyai8_m_ZQ8,404,928.01,928.61,Que que é isso?,0,0,,,0,0,0,0,0,0,0,0
Cyai8_m_ZQ8,405,928.87,929.15,Ok.,0,0,,,0,0,0,0,0,0,0,0
Cyai8_m_ZQ8,406,932.04,934.22,"Bom, os antes não param de molestar meu top lane.",0,0,,,0,0,0,0,0,0,0,0
Cyai8_m_ZQ8,407,934.22,938.22,Mas o lado positivo é que o...,0,0,,,0,0,0,0,0,0,0,0
Cyai8_m_ZQ8,408,938.22,939.32,"Deixa eu pensar aqui, mano.",0,0,,,0,0,0,0,0,0,0,0
Cyai8_m_ZQ8,409,940.34,941.66,"Meu bot tá vencendo, pelo menos.",0,0,,,0,0,0,0,0,0,0,0
Cyai8_m_ZQ8,410,943.08,943.9,"É isso aí, mano.",0,0,,,0,0,0,0,0,0,0,0
Cyai8_m_ZQ8,411,944.3,950.72,"Ah, xD!",0,0,,,0,0,0,0,0,0,0,0
Cyai8_m_ZQ8,412,951.1,952.48,"É isso aí, eu morri no ar, mano.",0,0,,,0,0,0,0,0,0,0,0
Cyai8_m_ZQ8,413,953.02,953.7,"Porra, mano.",0,0,,,0,0,0,0,0,0,0,0
Cyai8_m_ZQ8,414,953.76,955.02,Nem fodendo que ela matou aqui.,0,0,,,0,0,0,0,0,0,0,0
Cyai8_m_ZQ8,415,955.04,955.66,"Ela flechou, né?",0,0,,,0,0,0,0,0,0,0,0
Cyai8_m_ZQ8,416,955.66,958.4,"Nossa, os neguinhos, todo mundo tem flash, mano",0,0,,,0,0,0,0,0,0,0,0
Cyai8_m_ZQ8,417,958.4,959.86,Eu tenho que sair daqui,0,0,,,0,0,0,0,0,0,0,0
Cyai8_m_ZQ8,418,959.86,962.8,Se eu for reto lá no,0,0,,,0,0,0,0,0,0,0,0
Cyai8_m_ZQ8,419,962.8,964.56,O que tá acontecendo lá,0,0,,,0,0,0,0,0,0,0,0
Cyai8_m_ZQ8,420,964.56,965.58,Eu tô rinqueando aqui,0,0,,,0,0,0,0,0,0,0,0
Cyai8_m_ZQ8,421,965.58,968.52,Tá ficando bem forte esse Gnar,0,0,,,0,0,0,0,0,0,0,0
Cyai8_m_ZQ8,422,968.52,972.16,"Ele morreu aqui não, mano?",0,0,,,0,0,0,0,0,0,0,0
Cyai8_m_ZQ8,423,979.04,980.08,"Acho que ele morreu aqui, né?",0,0,,,0,0,0,0,0,0,0,0
Cyai8_m_ZQ8,424,980.14,986.89,"Dantesudo, Dantesudo",0,0,,,0,0,0,0,0,0,0,0
Cyai8_m_ZQ8,425,986.89,989.91,"50k mensal, xd",0,0,,,0,0,0,0,0,0,0,0
Cyai8_m_ZQ8,426,989.91,993.86,"50k mensal, play, xd",0,0,,,0,0,0,0,0,0,0,0
Cyai8_m_ZQ8,427,993.86,996.0,Vai usar filtro pra ficar branco também?,0,0,,,0,0,0,0,0,0,0,0
Cyai8_m_ZQ8,428,996.0,997.76,"Sim, vou usar o filtro da preta na mar",0,0,,,0,0,0,0,0,0,0,0
Cyai8_m_ZQ8,429,997.76,1005.0,"Nossa senhora, hein, mano",0,0,,,0,0,0,0,0,0,0,0
Cyai8_m_ZQ8,430,1005.0,1006.6,"Quanto negro tem na minha lane, cara",0,0,,,0,0,0,0,0,0,0,0
Cyai8_m_ZQ8,431,1006.6,1008.04,"Fica muito estuprado, hein, mano",0,0,,,0,0,0,0,0,0,0,0
Cyai8_m_ZQ8,432,1008.04,1017.27,"Vai, ô bando de estuprados burros",0,0,,,0,0,0,0,0,0,0,0
Cyai8_m_ZQ8,433,1017.27,1021.22,"Nossa, eu estupro",0,0,,,0,0,0,0,0,0,0,0
Cyai8_m_ZQ8,434,1021.22,1024.24,"Eu estupro todo mundo, sai da reta",0,0,,,0,0,0,0,0,0,0,0
Cyai8_m_ZQ8,435,1024.24,1026.58,"Eu caço novo estuprador, eu falo, mano",0,0,,,0,0,0,0,0,0,0,0
Cyai8_m_ZQ8,436,1026.58,1028.04,"É pra isso que eu admiro, não, podres",0,0,,,0,0,0,0,0,0,0,0
Cyai8_m_ZQ8,437,1028.04,1029.82,"Tá louco, mano",0,0,,,0,0,0,0,0,0,0,0
Cyai8_m_ZQ8,438,1029.82,1031.54,Ok,0,0,,,0,0,0,0,0,0,0,0
Cyai8_m_ZQ8,439,1031.54,1035.2,"Ela morreu aqui, ela tá sem flash, né",0,0,,,0,0,0,0,0,0,0,0
Cyai8_m_ZQ8,440,1035.2,1039.48,Ela tá metida,0,0,,,0,0,0,0,0,0,0,0
Cyai8_m_ZQ8,441,1039.48,1045.16,Surpresa,0,0,,,0,0,0,0,0,0,0,0
Cyai8_m_ZQ8,442,1045.82,1046.78,"Meu Deus, cara.",0,0,,,0,0,0,0,0,0,0,0
Cyai8_m_ZQ8,443,1046.82,1047.84,"Que o Dara demente, cara.",0,0,,,0,0,0,0,0,0,0,0
Cyai8_m_ZQ8,444,1047.88,1048.52,"Meu Deus, mano.",0,0,,,0,0,0,0,0,0,0,0
Cyai8_m_ZQ8,445,1048.92,1049.6,Tem negativo.,0,0,,,0,0,0,0,0,0,0,0
Cyai8_m_ZQ8,446,1049.7,1049.96,Acabou.,0,0,,,0,0,0,0,0,0,0,0
Cyai8_m_ZQ8,447,1050.56,1052.64,"Cara, eu vou querer fightar com a estacadaça aqui.",0,0,,,0,0,0,0,0,0,0,0
Cyai8_m_ZQ8,448,1053.0,1060.12,"Perda aqui pra todo mundo, hein, mano.",0,0,,,0,0,0,0,0,0,0,0
Cyai8_m_ZQ8,449,1070.26,1070.94,"Ok, hein.",0,0,,,0,0,0,0,0,0,0,0
Cyai8_m_ZQ8,450,1071.46,1073.76,Só faz esse dragãozudo aqui e dá pra atacar.,0,0,,,0,0,0,0,0,0,0,0
Cyai8_m_ZQ8,451,1076.2,1077.28,"Mano, ele perdeu o T2?",0,0,,,0,0,0,0,0,0,0,0
Cyai8_m_ZQ8,452,1077.42,1077.98,"Será, mano?",0,0,,,0,0,0,0,0,0,0,0
Cyai8_m_ZQ8,453,1077.98,1078.38,É possível.,0,0,,,0,0,0,0,0,0,0,0
Cyai8_m_ZQ8,454,1078.52,1079.36,"Ele perdeu o T2, na real.",0,0,,,0,0,0,0,0,0,0,0
Cyai8_m_ZQ8,455,1081.1,1081.86,"T2 sim, mano.",0,0,,,0,0,0,0,0,0,0,0
Cyai8_m_ZQ8,456,1082.22,1082.8,Perda pra eles.,0,0,,,0,0,0,0,0,0,0,0
Cyai8_m_ZQ8,457,1083.46,1084.12,Deu merda azul.,0,0,,,0,0,0,0,0,0,0,0
Cyai8_m_ZQ8,458,1084.96,1086.36,"Calma, entendi já que ele deu B.",0,0,,,0,0,0,0,0,0,0,0
Cyai8_m_ZQ8,459,1086.44,1086.84,"Calma, negocio.",0,0,,,0,0,0,0,0,0,0,0
Cyai8_m_ZQ8,460,1086.88,1087.08,Calma.,0,0,,,0,0,0,0,0,0,0,0
Cyai8_m_ZQ8,461,1087.4,1087.76,Entendi já.,0,0,,,0,0,0,0,0,0,0,0
Cyai8_m_ZQ8,462,1087.78,1088.32,"Não sou cego, não.",0,0,,,0,0,0,0,0,0,0,0
Cyai8_m_ZQ8,463,1093.75,1095.59,Agora é pra nós tacar...,0,0,,,0,0,0,0,0,0,0,0
Cyai8_m_ZQ8,464,1095.59,1097.07,"É, a Star tá atacando",0,0,,,0,0,0,0,0,0,0,0
Cyai8_m_ZQ8,465,1097.07,1103.46,"Morrer aqui eu vou ficar louco, mano",0,0,,,0,0,0,0,0,0,0,0
Cyai8_m_ZQ8,466,1103.46,1106.44,"Calma, mano, que isso? Calma, velho",0,0,,,0,0,0,0,0,0,0,0
Cyai8_m_ZQ8,467,1106.44,1107.18,"Calma, mano",0,0,,,0,0,0,0,0,0,0,0
Cyai8_m_ZQ8,468,1107.18,1109.3,O que que é isso? What the fuck?,0,0,,,0,0,0,0,0,0,0,0
Cyai8_m_ZQ8,469,1112.43,1113.35,Tá BTP aqui,0,0,,,0,0,0,0,0,0,0,0
Cyai8_m_ZQ8,470,1113.35,1117.49,"Vai pensar que eu sou uma sona, mano? Eu louco",0,0,,,0,0,0,0,0,0,0,0
Cyai8_m_ZQ8,471,1117.49,1121.19,"Nossa, era só ser meu BTP, deguchos",0,0,,,0,0,0,0,0,0,0,0
Cyai8_m_ZQ8,472,1121.19,1127.62,"Chegando a fase do PD, chegamos",0,0,,,0,0,0,0,0,0,0,0
Cyai8_m_ZQ8,473,1127.62,1129.16,"Vou fechar minha mejé aqui, mano",0,0,,,0,0,0,0,0,0,0,0
Cyai8_m_ZQ8,474,1129.16,1132.68,"Como dizia o quarto plano, algum resto aqui eu devo pegar, né?",0,0,,,0,0,0,0,0,0,0,0
Cyai8_m_ZQ8,475,1145.93,1147.09,"Caraca, mano, tô sem mana",0,0,,,0,0,0,0,0,0,0,0
Cyai8_m_ZQ8,476,1147.09,1148.15,"Cara, o que que eu fiz, mano?",0,0,,,0,0,0,0,0,0,0,0
Cyai8_m_ZQ8,477,1148.15,1149.33,"Só ver ele aqui, mano",0,0,,,0,0,0,0,0,0,0,0
Cyai8_m_ZQ8,478,1149.33,1178.83,da penta aqui o equilíbrio só está no ar para mano tá tá eu pensando liga passei o áudio não,0,0,,,0,0,0,0,0,0,0,0
Cyai8_m_ZQ8,479,1178.83,1234.17,vi mano tá bom tá bom dois por dois e dois vai ser deles né ok eu mei jai também ok ok,0,0,,,0,0,0,0,0,0,0,0
Cyai8_m_ZQ8,480,1234.17,1241.25,eu sei que você viu que aí é da puta fiz a puta de podres para que game mano faz,2,1,puta,xingamentos_genero,0,0,0,0,1,0,0,0
Cyai8_m_ZQ8,481,1241.25,1256.64,essa alma cara eu quero pensar uma aqui em provisão de aqui e só nem você,0,0,,,0,0,0,0,0,0,0,0
Cyai8_m_ZQ8,482,1256.64,1283.66,e aí daí sai daí a btp tem um btp sul ou esperava aí o negudo nossa calmo calmo,0,0,,,0,0,0,0,0,0,0,0
Cyai8_m_ZQ8,483,1283.66,1300.01,da btp aqui olha isso aqui carai tchau a de cara meu deus mano tchau rapaz eu,0,0,,,0,0,0,0,0,0,0,0
Cyai8_m_ZQ8,484,1300.01,1308.34,eu não sabia disso eu tava de lente será nossa favela e mantém uma desuda mano esse meu cacete,0,0,,,0,0,0,0,0,0,0,0
Cyai8_m_ZQ8,485,1308.34,1314.92,é muito mas nossa nem posso falar a palavra os que estão favelando cara eu tô de caçadinho da,0,0,,,0,0,0,0,0,0,0,0
Cyai8_m_ZQ8,486,1314.92,1324.24,frente é isso aqui mano acabou o jogo cara e bando de nós quebrou demais é isso que eu,0,0,,,0,0,0,0,0,0,0,0
Cyai8_m_ZQ8,487,1325.14,1356.71,eu posso na paz só acabou o jogo isso aí você não dá btp aqui ó o cara ok esse game acabou,0,0,,,0,0,0,0,0,0,0,0
Cyai8_m_ZQ8,488,1356.71,1360.51,"Caraca, tem que entrar mó de **** pra ganhar a game essa conta, cara.",0,0,,,0,0,0,0,0,0,0,0
Cyai8_m_ZQ8,489,1360.63,1362.03,"Peguei na fé do PD, chegamos.",0,0,,,0,0,0,0,0,0,0,0
Cyai8_m_ZQ8,490,1362.49,1363.47,Deu ser molequeado pra cantar.,0,0,,,0,0,0,0,0,0,0,0
Cyai8_m_ZQ8,491,1374.31,1374.67,Ok.,0,0,,,0,0,0,0,0,0,0,0
Cyai8_m_ZQ8,492,1381.38,1382.36,"Tá bom, acabou o jogo.",0,0,,,0,0,0,0,0,0,0,0
Cyai8_m_ZQ8,493,1382.56,1382.88,Ufa.,0,0,,,0,0,0,0,0,0,0,0
Cyai8_m_ZQ8,494,1385.47,1386.37,"Você tá louco, mano.",0,0,,,0,0,0,0,0,0,0,0
Cyai8_m_ZQ8,495,1387.63,1388.43,"Caraca, você tá louco.",0,0,,,0,0,0,0,0,0,0,0
Cyai8_m_ZQ8,496,1390.47,1391.65,"Tá bom, tá bom, safe.",0,0,,,0,0,0,0,0,0,0,0
Cyai8_m_ZQ8,497,1392.03,1393.27,"Sai da ré, sai da terra azul, tá?",0,0,,,0,0,0,0,0,0,0,0
Cyai8_m_ZQ8,498,1395.45,1396.23,Quanto é as 20?,0,0,,,0,0,0,0,0,0,0,0
Cyai8_m_ZQ8,499,1396.29,1397.43,"Duas 20, duas 12.",0,0,,,0,0,0,0,0,0,0,0
Cyai8_m_ZQ8,500,1397.93,1399.03,Vou dar todos no gel de hoje.,0,0,,,0,0,0,0,0,0,0,0
hlf8CuBXMws,1,0.0,4.24,"Cara, o foda é que eu nem posso banir os gays que veem a live, porque eu tô sem minha Twitch.",0,0,,,0,0,0,0,0,0,0,0
hlf8CuBXMws,2,4.78,8.34,"Então se eu banir os gays que veem a live aqui, vamos falir, rapaziada.",0,0,,,0,0,0,0,0,0,0,0
hlf8CuBXMws,3,9.04,11.36,"Se deixar gay ver a live, que bosta, mano, que decadência.",0,0,,,0,0,0,0,0,0,0,0
hlf8CuBXMws,4,13.0,14.44,Vai cumprir a d*** de veiga mesmo.,0,0,,,0,0,0,0,0,0,0,0
hlf8CuBXMws,5,15.8,16.1,Ok.,0,0,,,0,0,0,0,0,0,0,0
hlf8CuBXMws,6,20.51,22.63,"O dono da jungle, jungle diff.",0,0,,,0,0,0,0,0,0,0,0
hlf8CuBXMws,7,23.07,27.62,"O que tá fazendo, cara?",0,0,,,0,0,0,0,0,0,0,0
hlf8CuBXMws,8,29.24,30.88,"Mano, que porra é essa, mano?",0,0,,,0,0,0,0,0,0,0,0
hlf8CuBXMws,9,30.92,33.28,"Matou no ignite, morreu com nem judeu?",0,0,,,0,0,0,0,0,0,0,0
hlf8CuBXMws,10,34.5,36.12,"O cara não disse que é em 3, mano.",0,0,,,0,0,0,0,0,0,0,0
hlf8CuBXMws,11,36.12,37.92,"Você gosta de mulher? Não, eu sou viado",1,1,viado,homofobia_misoginia,0,0,0,0,0,1,0,0
hlf8CuBXMws,12,37.92,41.1,"Tipo assim, vocês estão ligados",0,0,,,0,0,0,0,0,0,0,0
hlf8CuBXMws,13,41.1,42.74,Que vocês não sabem se eu sou,0,0,,,0,0,0,0,0,0,0,0
hlf8CuBXMws,14,42.74,45.36,Se eu sou,0,0,,,0,0,0,0,0,0,0,0
hlf8CuBXMws,15,45.36,47.2,Normal ou se eu sou viado,1,1,viado,homofobia_misoginia,0,0,0,0,0,1,0,0
hlf8CuBXMws,16,47.2,48.66,Vocês não sabem disso até hoje,0,0,,,0,0,0,0,0,0,0,0
hlf8CuBXMws,17,48.66,51.42,Porque não tem como confirmar,0,0,,,0,0,0,0,0,0,0,0
hlf8CuBXMws,18,51.42,53.5,Se eu sou normal ou viado,1,1,viado,homofobia_misoginia,0,0,0,0,0,1,0,0
hlf8CuBXMws,19,53.5,54.62,Então vocês não sabem o que eu sou,0,0,,,0,0,0,0,0,0,0,0
hlf8CuBXMws,20,54.62,57.0,"Eu posso ser viado, cara",1,1,viado,homofobia_misoginia,0,0,0,0,0,1,0,0
hlf8CuBXMws,21,57.0,63.96,"Eu tenho discord, eu uso discord",0,0,,,0,0,0,0,0,0,0,0
hlf8CuBXMws,22,63.96,64.88,"Mas muito pouco, mano",0,0,,,0,0,0,0,0,0,0,0
hlf8CuBXMws,23,64.88,69.34,Esse eu sei que eu mais uso é twitter e youtube,0,0,,,0,0,0,0,0,0,0,0
hlf8CuBXMws,24,69.34,71.42,"Caraca, mano",0,0,,,0,0,0,0,0,0,0,0
hlf8CuBXMws,25,71.42,73.4,"agüento não, mano. Tipo assim, já deu já, mano.",0,0,,,0,0,0,0,0,0,0,0
hlf8CuBXMws,26,73.42,75.5,Não dá agüento não. Eu não mirei isso aqui,0,0,,,0,0,0,0,0,0,0,0
hlf8CuBXMws,27,75.5,77.46,"não, mano. Tô acabando comigo, mano.",0,0,,,0,0,0,0,0,0,0,0
hlf8CuBXMws,28,77.5,79.42,Sei mesmo. Já tô,0,0,,,0,0,0,0,0,0,0,0
hlf8CuBXMws,29,79.42,80.72,"acabando comigo, mano. Cê tá louco, velho.",0,0,,,0,0,0,0,0,0,0,0
hlf8CuBXMws,30,82.7,83.26,"Caraca, mano.",0,0,,,0,0,0,0,0,0,0,0
hlf8CuBXMws,31,83.32,85.54,"Tipo assim, mano. Que porra tá acontecendo no jogo, mano?",0,0,,,0,0,0,0,0,0,0,0
hlf8CuBXMws,32,86.42,87.54,O ganhador pegou e,0,0,,,0,0,0,0,0,0,0,0
hlf8CuBXMws,33,87.54,89.68,"a gente tá com uma coisa. Olha a pedra do cara, mano.",0,0,,,0,0,0,0,0,0,0,0
hlf8CuBXMws,34,93.9,94.96,"Tá dando um ghost na caruda,",0,0,,,0,0,0,0,0,0,0,0
hlf8CuBXMws,35,94.96,95.8,mano. Cê tá louco.,0,0,,,0,0,0,0,0,0,0,0
hlf8CuBXMws,36,98.23,103.14,"Pô, fala o cara aqui mesmo,",0,0,,,0,0,0,0,0,0,0,0
hlf8CuBXMws,37,103.24,112.66,"cara. Boa. Ah, mano. Dá FF,",0,0,,,0,0,0,0,0,0,0,0
hlf8CuBXMws,38,112.76,113.12,mano. Dá não.,0,0,,,0,0,0,0,0,0,0,0
hlf8CuBXMws,39,113.12,115.88,"Caraca, mano",0,0,,,0,0,0,0,0,0,0,0
hlf8CuBXMws,40,115.88,117.18,"Mano, todo mundo",0,0,,,0,0,0,0,0,0,0,0
hlf8CuBXMws,41,117.18,120.48,"Boa, matou",0,0,,,0,0,0,0,0,0,0,0
hlf8CuBXMws,42,120.48,130.4,"Ele morreu aqui, mano",0,0,,,0,0,0,0,0,0,0,0
hlf8CuBXMws,43,130.4,134.12,Dá mais um hit nele,0,0,,,0,0,0,0,0,0,0,0
hlf8CuBXMws,44,134.12,135.96,"Que eu matava ele aqui agora, mano",0,0,,,0,0,0,0,0,0,0,0
hlf8CuBXMws,45,135.96,139.01,"Mas matei ele, velho",0,0,,,0,0,0,0,0,0,0,0
hlf8CuBXMws,46,139.01,140.83,"Deu bom, deu bom",0,0,,,0,0,0,0,0,0,0,0
hlf8CuBXMws,47,140.83,143.35,"Dá pra agarrar ele aqui agora, mano",0,0,,,0,0,0,0,0,0,0,0
hlf8CuBXMws,48,143.35,145.89,"Ele morreu aqui agora, na real",0,0,,,0,0,0,0,0,0,0,0
hlf8CuBXMws,49,145.89,148.21,"Ele tá morto aqui, tá não?",0,0,,,0,0,0,0,0,0,0,0
hlf8CuBXMws,50,150.5,151.24,Olha o cara,0,0,,,0,0,0,0,0,0,0,0
hlf8CuBXMws,51,151.24,152.04,"Rito o cara, mano",0,0,,,0,0,0,0,0,0,0,0
hlf8CuBXMws,52,152.04,154.88,"Boa, Negucio, ok, boa",0,0,,,0,0,0,0,0,0,0,0
hlf8CuBXMws,53,155.88,157.52,"Cara, é só jogar o game assim, mano.",0,0,,,0,0,0,0,0,0,0,0
hlf8CuBXMws,54,157.56,159.54,"Os caras ficam demais na partida, mano.",0,0,,,0,0,0,0,0,0,0,0
hlf8CuBXMws,55,160.7,161.16,"Boa, Negus.",0,0,,,0,0,0,0,0,0,0,0
hlf8CuBXMws,56,161.26,161.46,Boa.,0,0,,,0,0,0,0,0,0,0,0
hlf8CuBXMws,57,161.66,162.2,"Bom, meu mano.",0,0,,,0,0,0,0,0,0,0,0
hlf8CuBXMws,58,163.9,165.94,"É que Kindred também, Caçadinha é podre também.",0,0,,,0,0,0,0,0,0,0,0
hlf8CuBXMws,59,167.9,169.04,"Dá um bom dano aqui, mano.",0,0,,,0,0,0,0,0,0,0,0
hlf8CuBXMws,60,172.58,173.64,"Ah, ele pode dar um bom dano aqui.",0,0,,,0,0,0,0,0,0,0,0
hlf8CuBXMws,61,173.78,174.56,"Safe, safe, zuba.",0,0,,,0,0,0,0,0,0,0,0
hlf8CuBXMws,62,174.8,176.48,"Ah, dá pra dar Ivaile aqui, etc.",0,0,,,0,0,0,0,0,0,0,0
hlf8CuBXMws,63,176.62,177.82,"Dá pra fazer bastante coisa aqui, né?",0,0,,,0,0,0,0,0,0,0,0
hlf8CuBXMws,64,178.12,179.0,"Dá Ivaile aqui, mano.",0,0,,,0,0,0,0,0,0,0,0
hlf8CuBXMws,65,181.82,182.92,Ou vou morrer aqui mesmo.,0,0,,,0,0,0,0,0,0,0,0
hlf8CuBXMws,66,190.35,191.11,"Caraca, Negus.",0,0,,,0,0,0,0,0,0,0,0
hlf8CuBXMws,67,191.19,191.87,"Calma aí, mano.",0,0,,,0,0,0,0,0,0,0,0
hlf8CuBXMws,68,191.95,192.51,"Beleza, ok.",0,0,,,0,0,0,0,0,0,0,0
hlf8CuBXMws,69,192.51,193.09,Tá suave.,0,0,,,0,0,0,0,0,0,0,0
hlf8CuBXMws,70,194.79,196.01,"Até daqui a pouco, mano.",0,0,,,0,0,0,0,0,0,0,0
hlf8CuBXMws,71,196.17,199.71,"Ah, não sei se eu mataria aqui não, mano.",0,0,,,0,0,0,0,0,0,0,0
hlf8CuBXMws,72,200.11,205.48,"Ah, custou um favela.",0,0,,,0,0,0,0,0,0,0,0
hlf8CuBXMws,73,207.14,208.18,"Meu Deus, cara!",0,0,,,0,0,0,0,0,0,0,0
hlf8CuBXMws,74,208.88,210.48,"Cara, o meu aqui foi na Karma, mano.",0,0,,,0,0,0,0,0,0,0,0
hlf8CuBXMws,75,210.5,212.6,"Eu mataria o Veiga, depois eu mataria a Karma também.",0,0,,,0,0,0,0,0,0,0,0
hlf8CuBXMws,76,213.66,214.7,Mas mudou muito a minha tip.,0,0,,,0,0,0,0,0,0,0,0
hlf8CuBXMws,77,214.78,215.98,"Não, o Shunga é essa minha tip.",0,0,,,0,0,0,0,0,0,0,0
hlf8CuBXMws,78,222.94,224.4,"Ó, ele pegou a minha Killzuda aqui.",0,0,,,0,0,0,0,0,0,0,0
hlf8CuBXMws,79,232.28,232.6,Ok.,0,0,,,0,0,0,0,0,0,0,0
hlf8CuBXMws,80,234.24,235.58,"Tá ruim isso aqui não, tá suave ainda.",0,0,,,0,0,0,0,0,0,0,0
hlf8CuBXMws,81,236.1,240.44,"Só pelo fato de eu ficar ouvindo música e ter que ficar olhando pro lado a cada três segundos, já desfoca bastante, viu?",0,0,,,0,0,0,0,0,0,0,0
hlf8CuBXMws,82,241.38,242.62,"Ele tá sem ult aqui, tá não?",0,0,,,0,0,0,0,0,0,0,0
hlf8CuBXMws,83,245.4,252.6,é uma coisa faz Live que nem mano eu nem PC né parado sem fazer porra nenhuma aí beleza é com,0,0,,,0,0,0,0,0,0,0,0
hlf8CuBXMws,84,252.6,261.34,certeza o maior do problema da partida parece meio de que é muito trauma sai do mestre nunca,0,0,,,0,0,0,0,0,0,0,0
hlf8CuBXMws,85,261.34,271.75,sim a minha conta tá minha conta só como 200 pdl Samanta porque perder minha conta né foi vou,0,0,,,0,0,0,0,0,0,0,0
hlf8CuBXMws,86,271.75,281.84,jogar logo aqui né mano que isso aqui cara nossa quase que eu morro aqui mano que bizarro isso já,0,0,,,0,0,0,0,0,0,0,0
hlf8CuBXMws,87,281.84,291.2,"Talvez eu mato o Nara aqui e eu consiga ergar o game aqui, talvez.",0,0,,,0,0,0,0,0,0,0,0
hlf8CuBXMws,88,291.2,295.2,"Cara, você dá B e você abre o reto mid. Você dá B e abre o reto mid, cara.",0,0,,,0,0,0,0,0,0,0,0
hlf8CuBXMws,89,295.2,297.2,Por que você ficou aqui? Me explica.,0,0,,,0,0,0,0,0,0,0,0
hlf8CuBXMws,90,297.2,300.2,"Perdeu 7 segundos à toa, mano.",0,0,,,0,0,0,0,0,0,0,0
hlf8CuBXMws,91,300.2,303.89,"Esse cara não matou não, mano.",0,0,,,0,0,0,0,0,0,0,0
hlf8CuBXMws,92,303.89,305.89,"Ah, agora mata, né.",0,0,,,0,0,0,0,0,0,0,0
hlf8CuBXMws,93,305.89,311.76,"Será que eu mato ela aqui, mano?",0,0,,,0,0,0,0,0,0,0,0
hlf8CuBXMws,94,311.76,318.89,"Ok, bro. Eu sempre gostei de ok.",0,0,,,0,0,0,0,0,0,0,0
hlf8CuBXMws,95,318.89,320.89,Já tá bem?,0,0,,,0,0,0,0,0,0,0,0
hlf8CuBXMws,96,320.89,326.12,"Tudo tá suave, tudo tá suave.",0,0,,,0,0,0,0,0,0,0,0
hlf8CuBXMws,97,326.12,338.92,essa música é muito Chile mano e eu gosto muito da música ajuda mano olha só não era abrir reto,0,0,,,0,0,0,0,0,0,0,0
hlf8CuBXMws,98,338.92,345.29,mídia que abrir o reto aonde na hora que ela vem reto bot mano já tive a última posso morrer,0,0,,,0,0,0,0,0,0,0,0
hlf8CuBXMws,99,345.29,353.59,nossa não tem pedido ver gasolina aqui também cara que bom de pedaço isso cara os caras são,0,0,,,0,0,0,0,0,0,0,0
hlf8CuBXMws,100,353.59,357.67,pesados mesmo mano porque esse game aqui se jogar bem eu acho que a gente ganha entrega,0,0,,,0,0,0,0,0,0,0,0
hlf8CuBXMws,101,357.67,369.43,"aqui, acaba o jogo. Não bateu nem fudeu. O cara ficou louco, mano. Tá mesmo o cara,",0,0,,,0,0,0,0,0,0,0,0
hlf8CuBXMws,102,369.43,389.79,"o cara vai me solar. Ele pensou que ia me solar, será, mano? Vou dar B aqui pra Dulicínio,",0,0,,,0,0,0,0,0,0,0,0
hlf8CuBXMws,103,389.79,414.69,nego disso. Ok. Quero botar Freezars aqui. Estou de zonas aqui. Ele me solda aqui? Acho,0,0,,,0,0,0,0,0,0,0,0
hlf8CuBXMws,104,414.69,419.73,"que vai voltar minha selva, será? Ai, voltou minha selva, ainda bem, meu Deus. Quase que",0,0,,,0,0,0,0,0,0,0,0
hlf8CuBXMws,105,419.73,420.59,Eu fui estupido aqui.,0,0,,,0,0,0,0,0,0,0,0
hlf8CuBXMws,106,421.09,421.35,Ok.,0,0,,,0,0,0,0,0,0,0,0
hlf8CuBXMws,107,422.03,423.79,"Um chão que tem C é bom pra caralho, mano.",1,1,caralho,sexual_degradante,0,0,1,0,0,0,0,0
hlf8CuBXMws,108,424.05,424.63,O cara é pedaço.,0,0,,,0,0,0,0,0,0,0,0
hlf8CuBXMws,109,427.33,428.95,"Por que eu flechei aqui, né, mano?",0,0,,,0,0,0,0,0,0,0,0
hlf8CuBXMws,110,430.27,430.75,Eu nunca...,0,0,,,0,0,0,0,0,0,0,0
hlf8CuBXMws,111,430.75,431.29,Tipo assim.,0,0,,,0,0,0,0,0,0,0,0
hlf8CuBXMws,112,431.59,432.05,Foi bom?,0,0,,,0,0,0,0,0,0,0,0
hlf8CuBXMws,113,432.15,432.89,"Achei que foi bom, né?",0,0,,,0,0,0,0,0,0,0,0
hlf8CuBXMws,114,432.99,433.35,Tá bom.,0,0,,,0,0,0,0,0,0,0,0
hlf8CuBXMws,115,434.35,436.15,Foi bom porque eu vou forçar T2 aqui.,0,0,,,0,0,0,0,0,0,0,0
hlf8CuBXMws,116,437.57,439.07,Tem um besudo aqui da Crimson.,0,0,,,0,0,0,0,0,0,0,0
hlf8CuBXMws,117,439.41,441.15,"Na real essa play aqui é full nossa, mano.",0,0,,,0,0,0,0,0,0,0,0
hlf8CuBXMws,118,441.35,442.37,"Fui estupido aqui, mano.",0,0,,,0,0,0,0,0,0,0,0
hlf8CuBXMws,119,444.6,445.4,"Ai, meu...",0,0,,,0,0,0,0,0,0,0,0
hlf8CuBXMws,120,445.4,449.5,"Que que é isso aqui, cara?",0,0,,,0,0,0,0,0,0,0,0
hlf8CuBXMws,121,451.56,453.02,"Acabou o true, gamezudo, mano.",0,0,,,0,0,0,0,0,0,0,0
hlf8CuBXMws,122,453.02,455.08,"Cara, vamos abrir esse atacante aqui logo",0,0,,,0,0,0,0,0,0,0,0
hlf8CuBXMws,123,455.08,458.44,"Chega mais fresco, cara",0,0,,,0,0,0,0,0,0,0,0
hlf8CuBXMws,124,458.44,459.36,Os caras vão me dar vode aqui,0,0,,,0,0,0,0,0,0,0,0
hlf8CuBXMws,125,459.36,462.6,Esse vega tá morto aqui,0,0,,,0,0,0,0,0,0,0,0
hlf8CuBXMws,126,462.6,463.6,"Mas vou dar IVA a ele, mano",0,0,,,0,0,0,0,0,0,0,0
hlf8CuBXMws,127,463.6,468.79,"Caraca, eu não vi que eu tava com esse tacado",0,0,,,0,0,0,0,0,0,0,0
hlf8CuBXMws,128,468.79,470.11,Mas ele morre aqui anyway,0,0,,,0,0,0,0,0,0,0,0
hlf8CuBXMws,129,470.11,474.68,Meu,0,0,,,0,0,0,0,0,0,0,0
hlf8CuBXMws,130,474.68,482.54,"Meu Deus, quase que eu morro aqui, mano",0,0,,,0,0,0,0,0,0,0,0
hlf8CuBXMws,131,482.54,485.32,Deixa eu dar meu B aqui,0,0,,,0,0,0,0,0,0,0,0
hlf8CuBXMws,132,485.32,488.08,"Cara, isso aqui foi ruim, tá, mano",0,0,,,0,0,0,0,0,0,0,0
hlf8CuBXMws,133,488.08,489.3,"Foi bom isso aqui não, talvez",0,0,,,0,0,0,0,0,0,0,0
hlf8CuBXMws,134,489.3,491.88,"Não, foi bom sim, atacando nós",0,0,,,0,0,0,0,0,0,0,0
hlf8CuBXMws,135,491.88,506.41,o meu já está está cadastro também eu tô sem os olhos que sim mano caraca mano esqueci que,0,0,,,0,0,0,0,0,0,0,0
hlf8CuBXMws,136,506.41,513.05,eu zonei para o vegazudo mano posso catar culpa para carai para que não tem nada de merda mano,0,0,,,0,0,0,0,0,0,0,0
hlf8CuBXMws,137,513.05,527.72,ai meu deus tô aqui da favela aqui nossa não nem soltaram na trade cara isso aqui mano eu,0,0,,,0,0,0,0,0,0,0,0
hlf8CuBXMws,138,527.72,535.94,não moro aqui nem fodendo cara eu vou eu poderia lutar ao nada mas eu quero dar eu dar btp aqui,0,0,,,0,0,0,0,0,0,0,0
hlf8CuBXMws,139,535.94,543.5,ver se eu morri eu morri ali depois ele sai de mim já esse é meu tronco eu btp aqui eu vou chegar,0,0,,,0,0,0,0,0,0,0,0
hlf8CuBXMws,140,543.5,558.88,estupros cara o tempo aqui mesmo ele tem veiga né mano peguei para o escudo meu Deus troca tem,0,0,,,0,0,0,0,0,0,0,0
hlf8CuBXMws,141,558.88,567.16,útil ainda mano eu peguei para ser estuprado caralho cara tem ultimate ainda mano o cara,1,1,caralho,sexual_degradante,0,0,1,0,0,0,0,0
hlf8CuBXMws,142,567.16,569.66,"A fight acabou, o cara tem ult nesse ainda",0,0,,,0,0,0,0,0,0,0,0
hlf8CuBXMws,143,569.66,571.66,"Na real, se mesmo se eu zoninhasse",0,0,,,0,0,0,0,0,0,0,0
hlf8CuBXMws,144,571.66,573.1,"O R dele, eu morreria no A, porque eu ia",0,0,,,0,0,0,0,0,0,0,0
hlf8CuBXMws,145,573.1,575.36,Levar o W do Veiga na cabeça,0,0,,,0,0,0,0,0,0,0,0
hlf8CuBXMws,146,575.36,575.62,Pra você,0,0,,,0,0,0,0,0,0,0,0
hlf8CuBXMws,147,575.62,578.42,"O Veiga acabou de se matar aqui, mano",0,0,,,0,0,0,0,0,0,0,0
hlf8CuBXMws,148,578.42,590.11,Você aprendeu isso aqui?,0,0,,,0,0,0,0,0,0,0,0
hlf8CuBXMws,149,590.87,593.17,Esse aqui é o space da besta negra,0,0,,,0,0,0,0,0,0,0,0
hlf8CuBXMws,150,593.17,594.35,"Essa louquinha, você gostou, né?",0,0,,,0,0,0,0,0,0,0,0
hlf8CuBXMws,151,595.15,596.67,Esse space de caçadinha aqui,0,0,,,0,0,0,0,0,0,0,0
hlf8CuBXMws,152,596.67,598.79,Você tem que jogar 5 mil jogos,0,0,,,0,0,0,0,0,0,0,0
hlf8CuBXMws,153,598.79,599.97,Talvez tu pegue,0,0,,,0,0,0,0,0,0,0,0
hlf8CuBXMws,154,599.97,602.77,"Talvez tu pegue, uns 5 mil jogos",0,0,,,0,0,0,0,0,0,0,0
hlf8CuBXMws,155,602.77,605.05,"É, esse space",0,0,,,0,0,0,0,0,0,0,0
hlf8CuBXMws,156,605.05,606.61,"Uns 5 mil jogos, tu pega esse space",0,0,,,0,0,0,0,0,0,0,0
hlf8CuBXMws,157,606.61,617.2,"Caraca, hein, mano",0,0,,,0,0,0,0,0,0,0,0
hlf8CuBXMws,158,617.2,618.62,"Não vai morrer aqui, mano",0,0,,,0,0,0,0,0,0,0,0
hlf8CuBXMws,159,618.62,619.22,Vai sim,0,0,,,0,0,0,0,0,0,0,0
hlf8CuBXMws,160,619.22,626.82,"Daiva o cara aqui, mano",0,0,,,0,0,0,0,0,0,0,0
hlf8CuBXMws,161,626.82,628.06,"O que vocês tão fazendo, cara?",0,0,,,0,0,0,0,0,0,0,0
hlf8CuBXMws,162,630.9,633.08,"Mano, por que a gente não daivou o cara e fez barulho?",0,0,,,0,0,0,0,0,0,0,0
hlf8CuBXMws,163,633.12,633.52,Faz barulho,0,0,,,0,0,0,0,0,0,0,0
hlf8CuBXMws,164,633.52,635.74,"O time tem câncer, mano",0,0,,,0,0,0,0,0,0,0,0
hlf8CuBXMws,165,635.74,636.18,Banda de fezes,0,0,,,0,0,0,0,0,0,0,0
hlf8CuBXMws,166,636.18,639.34,Eu tô full build com essa disca,0,0,,,0,0,0,0,0,0,0,0
hlf8CuBXMws,167,639.34,640.58,"Não deu pra trás, mano",0,0,,,0,0,0,0,0,0,0,0
hlf8CuBXMws,168,640.58,645.98,"Cara, os caras não quiseram daivar o Renekton Zudo, mano",0,0,,,0,0,0,0,0,0,0,0
hlf8CuBXMws,169,645.98,647.98,"Tipo assim, tem Kindred, tem ult, mano",0,0,,,0,0,0,0,0,0,0,0
hlf8CuBXMws,170,647.98,649.38,É só andar reto e matar o cara,0,0,,,0,0,0,0,0,0,0,0
hlf8CuBXMws,171,649.38,652.34,"O Vega se matou aqui, tá bom",0,0,,,0,0,0,0,0,0,0,0
hlf8CuBXMws,172,652.34,652.86,Ok,0,0,,,0,0,0,0,0,0,0,0
hlf8CuBXMws,173,652.86,656.06,Eu vou apelar esse game aqui,0,0,,,0,0,0,0,0,0,0,0
hlf8CuBXMws,174,656.06,660.26,"Nossa, eu vou apelar",0,0,,,0,0,0,0,0,0,0,0
hlf8CuBXMws,175,660.26,661.46,Vou fazer aqui,0,0,,,0,0,0,0,0,0,0,0
hlf8CuBXMws,176,661.46,663.38,Não tem o gold,0,0,,,0,0,0,0,0,0,0,0
hlf8CuBXMws,177,663.38,666.26,Como que nós podemos vencer essa partida aqui,0,0,,,0,0,0,0,0,0,0,0
hlf8CuBXMws,178,666.26,668.46,O Vladimir tem que ficar forte,0,0,,,0,0,0,0,0,0,0,0
hlf8CuBXMws,179,668.46,670.62,O Vladimir tá muito,0,0,,,0,0,0,0,0,0,0,0
hlf8CuBXMws,180,670.62,671.98,Muito podre no jogo,0,0,,,0,0,0,0,0,0,0,0
hlf8CuBXMws,181,671.98,676.65,Tão fraco assim,0,0,,,0,0,0,0,0,0,0,0
hlf8CuBXMws,182,676.65,680.27,"Nossa, você tá louco",0,0,,,0,0,0,0,0,0,0,0
hlf8CuBXMws,183,680.27,682.93,Isso aqui não dá pra ganhar não,0,0,,,0,0,0,0,0,0,0,0
hlf8CuBXMws,184,682.93,685.25,Todo mundo é muito ruim,0,0,,,0,0,0,0,0,0,0,0
hlf8CuBXMws,185,685.25,686.15,Não tem como ganhar isso aqui não,0,0,,,0,0,0,0,0,0,0,0
hlf8CuBXMws,186,686.15,710.33,Eu quero ir,0,0,,,0,0,0,0,0,0,0,0
hlf8CuBXMws,187,710.33,716.89,eu sempre com essa de ok saudades a coroa nosso campeão a hitler mano e da puta do,1,1,puta,xingamentos_genero,0,0,0,0,1,0,0,0
hlf8CuBXMws,188,716.89,724.21,cara isso é smurf da é da hora é isso aí mas é da hora vou mandar o cara é louco,0,0,,,0,0,0,0,0,0,0,0
hlf8CuBXMws,189,724.21,732.2,mano como é do que isso aqui vou mandar um xixi o velho de casa de que isso que,0,0,,,0,0,0,0,0,0,0,0
hlf8CuBXMws,190,732.2,735.34,a gente vai ficar um novo esbofe eu sou mestre,0,0,,,0,0,0,0,0,0,0,0
hlf8CuBXMws,191,735.34,739.84,"Eu peguei meu esguardião, eu sei que essa build aqui é a build mais super que exige um caçadinho, tá ligado?",0,0,,,0,0,0,0,0,0,0,0
hlf8CuBXMws,192,740.84,742.84,Essa build é a build do estúpido que eu tô usando.,0,0,,,0,0,0,0,0,0,0,0
hlf8CuBXMws,193,742.84,756.22,"Caraca, meu R não saiu, mano.",0,0,,,0,0,0,0,0,0,0,0
hlf8CuBXMws,194,756.22,759.72,"Qual é o andar reto aqui, mano? Eu tô de esguardião mesmo, cara. O que é isso aqui?",0,0,,,0,0,0,0,0,0,0,0
hlf8CuBXMws,195,759.72,771.68,"Ok, East Games.",0,0,,,0,0,0,0,0,0,0,0
hlf8CuBXMws,196,771.68,775.44,"East Games, caçadinho, ok.",0,0,,,0,0,0,0,0,0,0,0
hlf8CuBXMws,197,775.44,777.44,Vlad Marombeiro.,0,0,,,0,0,0,0,0,0,0,0
hlf8CuBXMws,198,777.44,779.44,"Mestre é você, monohero.",0,0,,,0,0,0,0,0,0,0,0
hlf8CuBXMws,199,779.44,781.44,"Cara, essa cama tá louca, mano.",0,0,,,0,0,0,0,0,0,0,0
hlf8CuBXMws,200,781.44,782.44,"A cama tá louca, mano.",0,0,,,0,0,0,0,0,0,0,0
hlf8CuBXMws,201,782.44,784.44,"Tem um alunaro aqui, mano.",0,0,,,0,0,0,0,0,0,0,0
hlf8CuBXMws,202,784.44,786.44,"Mas eu não morro aqui não, porque eu tô de zonas.",0,0,,,0,0,0,0,0,0,0,0
hlf8CuBXMws,203,786.44,787.4,unir o dano do Renekton.,0,0,,,0,0,0,0,0,0,0,0
hlf8CuBXMws,204,791.8,794.1,"Cara, ninguém puxa a mid. Mano, tem que sim.",0,0,,,0,0,0,0,0,0,0,0
hlf8CuBXMws,205,795.36,795.98,Tem três,0,0,,,0,0,0,0,0,0,0,0
hlf8CuBXMws,206,795.98,797.0,pessoas em mim aqui.,0,0,,,0,0,0,0,0,0,0,0
hlf8CuBXMws,207,811.61,813.15,"Nossa, eu vou ir pro Veigar, né, cara?",0,0,,,0,0,0,0,0,0,0,0
hlf8CuBXMws,208,813.19,815.21,Ok. Meu time não ganha o jogo,0,0,,,0,0,0,0,0,0,0,0
hlf8CuBXMws,209,815.21,816.85,"aqui agora não, mano. Acabou a partida, eu acho.",0,0,,,0,0,0,0,0,0,0,0
hlf8CuBXMws,210,818.93,820.37,"Nossa, mano, olha o que eu tenho que fazer",0,0,,,0,0,0,0,0,0,0,0
hlf8CuBXMws,211,820.37,821.73,"pra ganhar. Meu Deus, mano.",0,0,,,0,0,0,0,0,0,0,0
hlf8CuBXMws,212,823.39,824.09,"Mano, o que a minha",0,0,,,0,0,0,0,0,0,0,0
hlf8CuBXMws,213,824.09,825.23,"cringe tá fazendo, cara?",0,0,,,0,0,0,0,0,0,0,0
hlf8CuBXMws,214,826.23,828.07,"Cara, minha cringe é muito ruim, mano.",0,0,,,0,0,0,0,0,0,0,0
hlf8CuBXMws,215,828.65,830.27,"Cara, ela simplesmente não dava pra",0,0,,,0,0,0,0,0,0,0,0
hlf8CuBXMws,216,830.27,831.53,"cair e matava os dois, não?",0,0,,,0,0,0,0,0,0,0,0
hlf8CuBXMws,217,832.15,833.39,E acabava a partida.,0,0,,,0,0,0,0,0,0,0,0
hlf8CuBXMws,218,834.71,836.47,"O Veigar morreria aqui, mano",0,0,,,0,0,0,0,0,0,0,0
hlf8CuBXMws,219,836.47,838.09,Os caras nem fodendo,0,0,,,0,0,0,0,0,0,0,0
hlf8CuBXMws,220,838.09,844.75,Olha o que eu tenho que fazer pra ganhar de caçadinho,0,0,,,0,0,0,0,0,0,0,0
hlf8CuBXMws,221,844.75,847.77,"Cara, alguém fica e faz o dragão, rapaziada",0,0,,,0,0,0,0,0,0,0,0
hlf8CuBXMws,222,847.77,848.33,Meu Deus,0,0,,,0,0,0,0,0,0,0,0
hlf8CuBXMws,223,848.33,864.14,"Nossa, se da B que eu consegui lutar, mano",0,0,,,0,0,0,0,0,0,0,0
hlf8CuBXMws,224,864.14,870.44,Se da B que eu consegui zonear o ult do Veigar,0,0,,,0,0,0,0,0,0,0,0
hlf8CuBXMws,225,870.44,871.12,"Insta, mano",0,0,,,0,0,0,0,0,0,0,0
hlf8CuBXMws,226,871.12,877.42,"Caraca, levanta o picó",0,0,,,0,0,0,0,0,0,0,0
hlf8CuBXMws,227,877.42,878.82,Que o Matheus acaba o game inteiro,0,0,,,0,0,0,0,0,0,0,0
hlf8CuBXMws,228,878.82,882.24,"Mano, eu matei essa capa o game inteiro",0,0,,,0,0,0,0,0,0,0,0
hlf8CuBXMws,229,882.24,885.14,"Boa, major, é nóis, é nóis",0,0,,,0,0,0,0,0,0,0,0
hlf8CuBXMws,230,885.14,886.72,"Caralho, eu vou tirar a exclamação",1,1,caralho,sexual_degradante,0,0,1,0,0,0,0,0
hlf8CuBXMws,231,886.72,888.46,"Da live, porque o cara vai vir aqui na live",0,0,,,0,0,0,0,0,0,0,0
hlf8CuBXMws,232,888.46,890.0,Vai dar a exclamação dela,0,0,,,0,0,0,0,0,0,0,0
hlf8CuBXMws,233,890.0,892.08,"Vai ver minha conta principal, mano",0,0,,,0,0,0,0,0,0,0,0
hlf8CuBXMws,234,892.08,894.78,Porque se ele ver minha conta principal e vai pintar isso aqui,0,0,,,0,0,0,0,0,0,0,0
hlf8CuBXMws,235,894.78,895.7,"Ele vai burlar minha conta, mano",0,0,,,0,0,0,0,0,0,0,0
hlf8CuBXMws,236,895.7,897.22,Vai ter que ser minha conta mestre,0,0,,,0,0,0,0,0,0,0,0
hlf8CuBXMws,237,897.22,900.94,"Nossa, coitado, cara, o cara tem 3 e 4 meses",0,0,,,0,0,0,0,0,0,0,0
hlf8CuBXMws,238,900.94,902.7,"Com mil jogos, mano",0,0,,,0,0,0,0,0,0,0,0
hlf8CuBXMws,239,902.7,906.71,"Mano, eu não sou smurf, não",0,0,,,0,0,0,0,0,0,0,0
hlf8CuBXMws,240,906.71,916.47,Será que eu não sou smurf aqui?,0,0,,,0,0,0,0,0,0,0,0
hlf8CuBXMws,241,916.47,917.79,"Não, filho da puta, ué",1,1,puta,xingamentos_genero,0,0,0,0,1,0,0,0
hlf8CuBXMws,242,917.79,919.03,"Ué, não",0,0,,,0,0,0,0,0,0,0,0
hlf8CuBXMws,243,919.03,922.75,"Cara, eu sou mestre, eu sou mestre zudo",0,0,,,0,0,0,0,0,0,0,0
hlf8CuBXMws,244,922.75,925.55,Cara,0,0,,,0,0,0,0,0,0,0,0
hlf8CuBXMws,245,925.55,928.91,"Ué, meu ex tá podre, cara",0,0,,,0,0,0,0,0,0,0,0
hlf8CuBXMws,246,928.91,930.01,Meu ex tá podre,0,0,,,0,0,0,0,0,0,0,0
hlf8CuBXMws,247,930.01,933.15,"Meu ex, cara, aqui é louco, viado",1,1,viado,homofobia_misoginia,0,0,0,0,0,1,0,0
hlf8CuBXMws,248,933.15,935.73,Leva 45 e conta,0,0,,,0,0,0,0,0,0,0,0
hlf8CuBXMws,249,935.73,937.05,41,0,0,,,0,0,0,0,0,0,0,0
hlf8CuBXMws,250,937.05,939.87,Conta para a Riot,0,0,,,0,0,0,0,0,0,0,0
hlf8CuBXMws,251,939.87,947.27,Se não fosse,0,0,,,0,0,0,0,0,0,0,0
hlf8CuBXMws,252,947.27,949.93,"Eu vou chorar de rir, cara",0,0,,,0,0,0,0,0,0,0,0
hlf8CuBXMws,253,949.93,951.35,"Eu vou chorar de rir, cara",0,0,,,0,0,0,0,0,0,0,0
hlf8CuBXMws,254,951.35,952.75,"Eu não aguento não, cara.",0,0,,,0,0,0,0,0,0,0,0
hlf8CuBXMws,255,953.39,954.05,"Não, não.",0,0,,,0,0,0,0,0,0,0,0
hlf8CuBXMws,256,954.43,956.47,Mas como assim? Eu peço a conta,0,0,,,0,0,0,0,0,0,0,0
hlf8CuBXMws,257,956.47,957.89,"a mão, cara, na raça.",0,0,,,0,0,0,0,0,0,0,0
hlf8CuBXMws,258,959.17,960.41,Deve vir um level 3 na raça.,0,0,,,0,0,0,0,0,0,0,0
hlf8CuBXMws,259,961.93,962.53,"Cara, mano,",0,0,,,0,0,0,0,0,0,0,0
hlf8CuBXMws,260,962.59,964.85,"que bizarro, cara. Que bizarro, que bizarro.",0,0,,,0,0,0,0,0,0,0,0
_8W2fSnL1vY,1,0.34,2.34,"tem gamesudo, tem gamesudo",0,0,,,0,0,0,0,0,0,0,0
_8W2fSnL1vY,2,2.34,4.34,"cara, eu falo que essa arma, meu deus, o que você tá fazendo",0,0,,,0,0,0,0,0,0,0,0
_8W2fSnL1vY,3,4.34,6.34,"calma, calma, calma, calma",0,0,,,0,0,0,0,0,0,0,0
_8W2fSnL1vY,4,6.34,8.34,"calma, calma, calma, calma, calma",0,0,,,0,0,0,0,0,0,0,0
_8W2fSnL1vY,5,8.34,10.34,"calma aí, calma aí, calma aí",0,0,,,0,0,0,0,0,0,0,0
_8W2fSnL1vY,6,10.34,12.34,"segura, calma, calma, calma aí",0,0,,,0,0,0,0,0,0,0,0
_8W2fSnL1vY,7,12.34,23.26,"bro, save o castadinho",0,0,,,0,0,0,0,0,0,0,0
_8W2fSnL1vY,8,23.26,25.26,"ok, bro, save",0,0,,,0,0,0,0,0,0,0,0
_8W2fSnL1vY,9,25.26,27.26,"escape, escape o castanho frisudo",0,0,,,0,0,0,0,0,0,0,0
_8W2fSnL1vY,10,27.26,29.26,"cara, eu falo, tem que ter mental de budista pra carregar os podres",0,0,,,0,0,0,0,0,0,0,0
_8W2fSnL1vY,11,29.26,34.62,ok,0,0,,,0,0,0,0,0,0,0,0
_8W2fSnL1vY,12,34.62,40.27,"bro, save o castanho frisudo",0,0,,,0,0,0,0,0,0,0,0
_8W2fSnL1vY,13,40.27,43.68,"meu deus, que que é isso",0,0,,,0,0,0,0,0,0,0,0
_8W2fSnL1vY,14,43.68,45.68,"cara, se for, se for, se for",0,0,,,0,0,0,0,0,0,0,0
_8W2fSnL1vY,15,45.68,47.78,"pôr em todo o Pelot, jogar LOL, você tá louco, mano.",0,0,,,0,0,0,0,0,0,0,0
_8W2fSnL1vY,16,48.28,49.38,"Todo dia vai ter uns 10, tá ligado?",0,0,,,0,0,0,0,0,0,0,0
_8W2fSnL1vY,17,49.46,50.6,Só de Mono Jack são uns 20.,0,0,,,0,0,0,0,0,0,0,0
_8W2fSnL1vY,18,55.32,56.22,"Ok, ok.",0,0,,,0,0,0,0,0,0,0,0
_8W2fSnL1vY,19,57.36,58.78,Qual o porquê contra P-Polk?,0,0,,,0,0,0,0,0,0,0,0
_8W2fSnL1vY,20,59.1,60.64,"Qual o porquê que você quer perder o jogo, né?",0,0,,,0,0,0,0,0,0,0,0
_8W2fSnL1vY,21,60.7,62.52,Porque eu aqui sempre...,0,0,,,0,0,0,0,0,0,0,0
_8W2fSnL1vY,22,62.52,64.64,"Sempre foco E, basicamente.",0,0,,,0,0,0,0,0,0,0,0
_8W2fSnL1vY,23,64.72,66.44,"Sempre foco E, não importa o meu time, basicamente.",0,0,,,0,0,0,0,0,0,0,0
_8W2fSnL1vY,24,67.8,69.22,Só que você pode focar o quê,0,0,,,0,0,0,0,0,0,0,0
_8W2fSnL1vY,25,69.22,70.7,se for... se você quiser.,0,0,,,0,0,0,0,0,0,0,0
_8W2fSnL1vY,26,71.34,73.6,Enquanto você tá contra me e Jango AP.,0,0,,,0,0,0,0,0,0,0,0
_8W2fSnL1vY,27,73.92,75.16,"Aí você pode, talvez, focar o quê?",0,0,,,0,0,0,0,0,0,0,0
_8W2fSnL1vY,28,75.44,77.22,"Se não for o caso, mano...",0,0,,,0,0,0,0,0,0,0,0
_8W2fSnL1vY,29,77.34,79.02,"Sempre foco no E mesmo, tá ligado?",0,0,,,0,0,0,0,0,0,0,0
_8W2fSnL1vY,30,79.44,81.0,"Eu prefiro focar no E, que não te falei",0,0,,,0,0,0,0,0,0,0,0
_8W2fSnL1vY,31,81.0,81.98,Independente da minha tip,0,0,,,0,0,0,0,0,0,0,0
_8W2fSnL1vY,32,81.98,83.0,"Tô favelando aqui, mano",0,0,,,0,0,0,0,0,0,0,0
_8W2fSnL1vY,33,83.0,84.62,É pra eu entrar com bem mais filhos que isso aqui,0,0,,,0,0,0,0,0,0,0,0
_8W2fSnL1vY,34,84.62,86.72,O Alan tá vindo lá e jogando o 1.004,0,0,,,0,0,0,0,0,0,0,0
_8W2fSnL1vY,35,86.72,90.28,"Inclusive, o Alan me chamou pra Doom um tempo atrás",0,0,,,0,0,0,0,0,0,0,0
_8W2fSnL1vY,36,90.28,91.38,"Eu acabei não indo, mano",0,0,,,0,0,0,0,0,0,0,0
_8W2fSnL1vY,37,91.38,96.44,"Nossa, esse cara...",0,0,,,0,0,0,0,0,0,0,0
_8W2fSnL1vY,38,96.44,97.46,"Mano, calma aí, mano",0,0,,,0,0,0,0,0,0,0,0
_8W2fSnL1vY,39,97.46,98.36,"Que que é isso, cara?",0,0,,,0,0,0,0,0,0,0,0
_8W2fSnL1vY,40,99.0,99.68,"Calma, Cainzudo",0,0,,,0,0,0,0,0,0,0,0
_8W2fSnL1vY,41,99.68,100.62,"Que porra é essa, mano?",0,0,,,0,0,0,0,0,0,0,0
_8W2fSnL1vY,42,101.42,102.02,"Calma, Negus",0,0,,,0,0,0,0,0,0,0,0
_8W2fSnL1vY,43,102.02,103.88,"Calma, não tem como eu ir reto assim, não, mano",0,0,,,0,0,0,0,0,0,0,0
_8W2fSnL1vY,44,103.88,105.4,"O cara ficou louco, meu Cainzudo",0,0,,,0,0,0,0,0,0,0,0
_8W2fSnL1vY,45,105.4,106.0,O cara ficou louco,0,0,,,0,0,0,0,0,0,0,0
_8W2fSnL1vY,46,106.0,106.72,"Mas tá bom, eu não tô",0,0,,,0,0,0,0,0,0,0,0
_8W2fSnL1vY,47,106.72,109.52,"O cara ficou maluco, meu Cainzudo",0,0,,,0,0,0,0,0,0,0,0
_8W2fSnL1vY,48,109.52,110.64,"Nem viu o que ele fez, cara",0,0,,,0,0,0,0,0,0,0,0
_8W2fSnL1vY,49,110.64,116.04,Tô com a reflash aqui,0,0,,,0,0,0,0,0,0,0,0
_8W2fSnL1vY,50,116.04,117.06,"Acho que eu mato aqui, né?",0,0,,,0,0,0,0,0,0,0,0
_8W2fSnL1vY,51,118.2,119.38,"Ai, matei ninguém, mano",0,0,,,0,0,0,0,0,0,0,0
_8W2fSnL1vY,52,119.38,120.8,Eu põe 100 da reflash ali,0,0,,,0,0,0,0,0,0,0,0
_8W2fSnL1vY,53,120.8,121.34,"Só que, mano",0,0,,,0,0,0,0,0,0,0,0
_8W2fSnL1vY,54,121.34,126.9,"Beleza, o cara se matou aqui",0,0,,,0,0,0,0,0,0,0,0
_8W2fSnL1vY,55,126.9,127.62,"O cara ficou louco, né?",0,0,,,0,0,0,0,0,0,0,0
_8W2fSnL1vY,56,128.22,128.42,Ok,0,0,,,0,0,0,0,0,0,0,0
_8W2fSnL1vY,57,128.42,130.6,"O cara percebeu que eu não dou dano na lgame, não?",0,0,,,0,0,0,0,0,0,0,0
_8W2fSnL1vY,58,130.68,131.08,Calma aí,0,0,,,0,0,0,0,0,0,0,0
_8W2fSnL1vY,59,131.08,132.68,"Pronto, sempre com essa D, ok?",0,0,,,0,0,0,0,0,0,0,0
_8W2fSnL1vY,60,132.76,133.26,"Pronto, sempre",0,0,,,0,0,0,0,0,0,0,0
_8W2fSnL1vY,61,133.26,134.24,Calma,0,0,,,0,0,0,0,0,0,0,0
_8W2fSnL1vY,62,134.24,135.16,"Que que é isso aqui, cara?",0,0,,,0,0,0,0,0,0,0,0
_8W2fSnL1vY,63,135.18,136.1,"O cara tá entrando aqui, não?",0,0,,,0,0,0,0,0,0,0,0
_8W2fSnL1vY,64,136.22,136.7,Que isso?,0,0,,,0,0,0,0,0,0,0,0
_8W2fSnL1vY,65,138.64,139.24,"Que isso, cara?",0,0,,,0,0,0,0,0,0,0,0
_8W2fSnL1vY,66,139.24,140.12,"Que que é isso, mano?",0,0,,,0,0,0,0,0,0,0,0
_8W2fSnL1vY,67,141.02,141.68,"Ah, xd",0,0,,,0,0,0,0,0,0,0,0
_8W2fSnL1vY,68,141.68,145.14,"Eu não mato o cara aqui, não, rapaziada",0,0,,,0,0,0,0,0,0,0,0
_8W2fSnL1vY,69,145.14,146.66,"Posso morrer, inclusive",0,0,,,0,0,0,0,0,0,0,0
_8W2fSnL1vY,70,146.66,148.18,"Vou deixar aqui, mano",0,0,,,0,0,0,0,0,0,0,0
_8W2fSnL1vY,71,148.18,152.42,"Ok, dá meu besudo aqui, mano",0,0,,,0,0,0,0,0,0,0,0
_8W2fSnL1vY,72,152.42,153.9,"Essa play aqui é pra do bom, mano",0,0,,,0,0,0,0,0,0,0,0
_8W2fSnL1vY,73,153.9,155.94,"Meu cara não tô, não veio um com ela não, mano",0,0,,,0,0,0,0,0,0,0,0
_8W2fSnL1vY,74,155.94,157.0,Ok,0,0,,,0,0,0,0,0,0,0,0
_8W2fSnL1vY,75,157.0,161.22,Vou tepar ali e vou dar com flip aqui,0,0,,,0,0,0,0,0,0,0,0
_8W2fSnL1vY,76,161.22,163.08,"Vai seguir, meu amigo",0,0,,,0,0,0,0,0,0,0,0
_8W2fSnL1vY,77,163.08,168.56,"Ah, acho que eu me matei aqui, na real",0,0,,,0,0,0,0,0,0,0,0
_8W2fSnL1vY,78,168.56,170.82,"Cara, tinha um ar, será ali, mano?",0,0,,,0,0,0,0,0,0,0,0
_8W2fSnL1vY,79,174.21,175.51,"Eu vou mutar esse cara aqui, mano",0,0,,,0,0,0,0,0,0,0,0
_8W2fSnL1vY,80,175.51,177.99,"Deixa eu mutar esse cara aqui, pra eu não ver nenhum pin desse cara aqui",0,0,,,0,0,0,0,0,0,0,0
_8W2fSnL1vY,81,177.99,181.63,"Quando o cara é favelado, você tem que mutar o cara bem cedo a partida, mano",0,0,,,0,0,0,0,0,0,0,0
_8W2fSnL1vY,82,181.63,184.85,"Senão ele faz essa velhice e você acaba indo junto, mano",0,0,,,0,0,0,0,0,0,0,0
_8W2fSnL1vY,83,184.85,186.85,Essa play aqui é pra dar de bom pra nós.,0,0,,,0,0,0,0,0,0,0,0
_8W2fSnL1vY,84,186.99,188.41,"O cara não conseguiu apertar um R na 3, tá vendo?",0,0,,,0,0,0,0,0,0,0,0
_8W2fSnL1vY,85,204.35,204.71,Mano!,0,0,,,0,0,0,0,0,0,0,0
_8W2fSnL1vY,86,205.11,206.81,"Que demora pra ultar essa, mano.",0,0,,,0,0,0,0,0,0,0,0
_8W2fSnL1vY,87,206.85,208.51,Demora até pra ultar a Leona Azul da boa.,0,0,,,0,0,0,0,0,0,0,0
_8W2fSnL1vY,88,209.27,210.19,"Ah, eu morri ainda, XD.",0,0,,,0,0,0,0,0,0,0,0
_8W2fSnL1vY,89,211.69,213.27,"Cara, eu morri aqui ainda, mano.",0,0,,,0,0,0,0,0,0,0,0
_8W2fSnL1vY,90,215.19,216.37,Vai pegar uma que usou nele aqui.,0,0,,,0,0,0,0,0,0,0,0
_8W2fSnL1vY,91,216.47,217.21,"Tá UF, né, realmente.",0,0,,,0,0,0,0,0,0,0,0
_8W2fSnL1vY,92,217.31,218.27,"Tá safe-zudo, safe-zudo.",0,0,,,0,0,0,0,0,0,0,0
_8W2fSnL1vY,93,220.8,222.0,Vamos cobrar essa play aqui.,0,0,,,0,0,0,0,0,0,0,0
_8W2fSnL1vY,94,222.08,223.52,Vamos fazer uma play-zudo pra ganhar um game aqui.,0,0,,,0,0,0,0,0,0,0,0
_8W2fSnL1vY,95,235.71,236.93,"Cadê meu E, cara?",0,0,,,0,0,0,0,0,0,0,0
_8W2fSnL1vY,96,236.97,237.19,Ok.,0,0,,,0,0,0,0,0,0,0,0
_8W2fSnL1vY,97,239.13,241.41,"Mano, compra a play aqui no cara, neguço.",0,0,,,0,0,0,0,0,0,0,0
_8W2fSnL1vY,98,241.45,241.89,A gente ganha.,0,0,,,0,0,0,0,0,0,0,0
_8W2fSnL1vY,99,241.89,242.61,Vamos ver agora o que é.,0,0,,,0,0,0,0,0,0,0,0
_8W2fSnL1vY,100,242.95,243.31,Uf!,0,0,,,0,0,0,0,0,0,0,0
_8W2fSnL1vY,101,243.43,246.8,"Olha o Malhito, né, cara?",0,0,,,0,0,0,0,0,0,0,0
_8W2fSnL1vY,102,246.84,247.72,Olha o Malhito esudo.,0,0,,,0,0,0,0,0,0,0,0
_8W2fSnL1vY,103,248.74,250.06,"Cara, o Malhito esudo tá tipo assim.",0,0,,,0,0,0,0,0,0,0,0
_8W2fSnL1vY,104,252.06,255.54,"Cara, esse champion é muito engraçado, cara.",0,0,,,0,0,0,0,0,0,0,0
_8W2fSnL1vY,105,255.58,256.46,"Esse champion, cara.",0,0,,,0,0,0,0,0,0,0,0
_8W2fSnL1vY,106,257.74,259.14,"Esse champion é muito sigma, eu sei mesmo.",0,0,,,0,0,0,0,0,0,0,0
_8W2fSnL1vY,107,259.68,261.04,"Esse champion é muito sigma azul, né?",0,0,,,0,0,0,0,0,0,0,0
_8W2fSnL1vY,108,261.04,261.52,"Que pode, cara.",0,0,,,0,0,0,0,0,0,0,0
_8W2fSnL1vY,109,262.06,263.76,"Deixa eu começar a abrir side aqui agora, mano.",0,0,,,0,0,0,0,0,0,0,0
_8W2fSnL1vY,110,264.14,265.74,"Será que eu estou com o smoke na side, mano?",0,0,,,0,0,0,0,0,0,0,0
_8W2fSnL1vY,111,266.0,266.62,"Calma aí, cara.",0,0,,,0,0,0,0,0,0,0,0
_8W2fSnL1vY,112,266.62,267.52,"O que você tá fazendo, cara?",0,0,,,0,0,0,0,0,0,0,0
_8W2fSnL1vY,113,267.56,268.54,"Que porra é essa, mano?",0,0,,,0,0,0,0,0,0,0,0
_8W2fSnL1vY,114,268.56,269.18,Você ficou louco?,0,0,,,0,0,0,0,0,0,0,0
_8W2fSnL1vY,115,270.44,271.1,"Calma aí, nego.",0,0,,,0,0,0,0,0,0,0,0
_8W2fSnL1vY,116,271.2,271.6,Deu merda.,0,0,,,0,0,0,0,0,0,0,0
_8W2fSnL1vY,117,271.6,273.6,"Minha, minha, minha...",0,0,,,0,0,0,0,0,0,0,0
_8W2fSnL1vY,118,273.6,275.76,"A minha lenda com ccp é com a mulher jogando LoL, mano.",0,0,,,0,0,0,0,0,0,0,0
_8W2fSnL1vY,119,275.82,276.3,Você tá louco.,0,0,,,0,0,0,0,0,0,0,0
_8W2fSnL1vY,120,276.38,277.2,"Sem condições aqui, mano.",0,0,,,0,0,0,0,0,0,0,0
_8W2fSnL1vY,121,278.04,279.64,"Olha o engage dessa liberação, mano.",0,0,,,0,0,0,0,0,0,0,0
_8W2fSnL1vY,122,280.74,282.1,"Como é que pode o cara engajar assim, mano?",0,0,,,0,0,0,0,0,0,0,0
_8W2fSnL1vY,123,282.46,282.74,Ok.,0,0,,,0,0,0,0,0,0,0,0
_8W2fSnL1vY,124,290.0,291.28,"Mano, vira no cara, mano!",0,0,,,0,0,0,0,0,0,0,0
_8W2fSnL1vY,125,291.32,292.3,"O cara sem mana, velho!",0,0,,,0,0,0,0,0,0,0,0
_8W2fSnL1vY,126,298.26,298.54,Ok.,0,0,,,0,0,0,0,0,0,0,0
_8W2fSnL1vY,127,303.38,304.34,"Hum, acho que eu tô morto aqui.",0,0,,,0,0,0,0,0,0,0,0
_8W2fSnL1vY,128,304.42,305.28,"Só deixa eu morrer aqui, nego.",0,0,,,0,0,0,0,0,0,0,0
_8W2fSnL1vY,129,306.06,306.58,Tá bom.,0,0,,,0,0,0,0,0,0,0,0
_8W2fSnL1vY,130,306.66,308.18,"Tem quatro pessoas aqui, mano.",0,0,,,0,0,0,0,0,0,0,0
_8W2fSnL1vY,131,308.22,309.7,Minha lenda não tava na base por algum motivo.,0,0,,,0,0,0,0,0,0,0,0
_8W2fSnL1vY,132,310.54,312.38,"A gente fez quatro v2 aqui, mas temos dois.",0,0,,,0,0,0,0,0,0,0,0
_8W2fSnL1vY,133,312.48,313.12,Peguei umas kills também.,0,0,,,0,0,0,0,0,0,0,0
_8W2fSnL1vY,134,313.18,313.94,Agora fiquei forte no game.,0,0,,,0,0,0,0,0,0,0,0
_8W2fSnL1vY,135,314.0,314.9,"Dá pra ganhar isso aqui sim, mano.",0,0,,,0,0,0,0,0,0,0,0
_8W2fSnL1vY,136,314.92,315.1,Bora.,0,0,,,0,0,0,0,0,0,0,0
_8W2fSnL1vY,137,315.54,316.96,"Essa play aqui vai ser a play de ganhar o jogo, hein.",0,0,,,0,0,0,0,0,0,0,0
_8W2fSnL1vY,138,316.96,325.02,"Nossa, a gente ganhou uma partida aqui, mano",0,0,,,0,0,0,0,0,0,0,0
_8W2fSnL1vY,139,325.02,326.08,"O que é isso aqui, cara?",0,0,,,0,0,0,0,0,0,0,0
_8W2fSnL1vY,140,326.18,327.16,"O que é isso aqui, mano?",0,0,,,0,0,0,0,0,0,0,0
_8W2fSnL1vY,141,339.02,340.66,"Ó, Brawl Tape, caçadinha, ok",0,0,,,0,0,0,0,0,0,0,0
_8W2fSnL1vY,142,340.66,341.36,Brawl Tape,0,0,,,0,0,0,0,0,0,0,0
_8W2fSnL1vY,143,341.36,343.72,"Scale, Scale, Castle of Izudo",0,0,,,0,0,0,0,0,0,0,0
_8W2fSnL1vY,144,343.72,346.88,"Eu falo, tem que ter mental de budista pra carregar os podres, cara",0,0,,,0,0,0,0,0,0,0,0
_8W2fSnL1vY,145,346.88,349.54,"Não, não tem mental de budista, não quer de caçadinha, não, mano",0,0,,,0,0,0,0,0,0,0,0
_8W2fSnL1vY,146,349.54,350.8,Ainda bem que o meu mental meu tá de budista,0,0,,,0,0,0,0,0,0,0,0
_8W2fSnL1vY,147,350.8,353.18,"Meu mental meu tá de monge, mano",0,0,,,0,0,0,0,0,0,0,0
_8W2fSnL1vY,148,353.18,354.12,Monge e mentagem,0,0,,,0,0,0,0,0,0,0,0
_8W2fSnL1vY,149,354.12,355.02,"Vamos fazer isso aqui, vamos",0,0,,,0,0,0,0,0,0,0,0
_8W2fSnL1vY,150,355.02,357.48,Vamos pegar Atacan,0,0,,,0,0,0,0,0,0,0,0
_8W2fSnL1vY,151,357.48,358.92,Pegar Toizudo,0,0,,,0,0,0,0,0,0,0,0
_8W2fSnL1vY,152,358.92,359.8,"Os caras, bora",0,0,,,0,0,0,0,0,0,0,0
_8W2fSnL1vY,153,359.8,362.62,"Ajuda o cara Atacan, meu Deus, cara",0,0,,,0,0,0,0,0,0,0,0
_8W2fSnL1vY,154,362.62,364.98,"Meu Deus, só faz isso aqui logo, pelo amor de Deus",0,0,,,0,0,0,0,0,0,0,0
_8W2fSnL1vY,155,364.98,366.3,"Beleza, deixa eu taber aqui",0,0,,,0,0,0,0,0,0,0,0
_8W2fSnL1vY,156,366.3,368.16,"O seu tempo é muito bom, mas é de",0,0,,,0,0,0,0,0,0,0,0
_8W2fSnL1vY,157,368.16,369.32,1945,0,0,,,0,0,0,0,0,0,0,0
_8W2fSnL1vY,158,369.32,378.24,"Cara, por que esse cara tá fazendo isso comigo, mano?",0,0,,,0,0,0,0,0,0,0,0
_8W2fSnL1vY,159,381.32,382.12,Tem que flechar aqui,0,0,,,0,0,0,0,0,0,0,0
_8W2fSnL1vY,160,382.12,386.88,Ok,0,0,,,0,0,0,0,0,0,0,0
_8W2fSnL1vY,161,386.88,389.02,"Ah, XD",0,0,,,0,0,0,0,0,0,0,0
_8W2fSnL1vY,162,389.02,391.7,"XD, o cara acertou ainda, XD",0,0,,,0,0,0,0,0,0,0,0
_8W2fSnL1vY,163,391.7,394.02,"Mano, o meu Kayle comprou conta",0,0,,,0,0,0,0,0,0,0,0
_8W2fSnL1vY,164,394.02,395.44,"Eu acho que tem como não ser tão ruim assim não, mano",0,0,,,0,0,0,0,0,0,0,0
_8W2fSnL1vY,165,395.44,396.66,"Alguma coisa tá errada desse Kayle, mano",0,0,,,0,0,0,0,0,0,0,0
_8W2fSnL1vY,166,396.66,400.02,"Tipo assim, uma coisa é você ser ruim, outra coisa é você ficar em zudo, mano",0,0,,,0,0,0,0,0,0,0,0
_8W2fSnL1vY,167,400.02,403.48,"Bom, eu peguei, tem dois zudos aqui",0,0,,,0,0,0,0,0,0,0,0
_8W2fSnL1vY,168,403.48,404.76,"Peguei um pouco de ghost, pelo menos, aqui",0,0,,,0,0,0,0,0,0,0,0
_8W2fSnL1vY,169,404.76,407.74,"Eu vou ignorar esse cara aqui, foda-se",0,0,,,0,0,0,0,0,0,0,0
_8W2fSnL1vY,170,407.74,414.67,"Ok, deixa eu dar meu beijo aqui, mano",0,0,,,0,0,0,0,0,0,0,0
_8W2fSnL1vY,171,414.67,416.67,"Tá bom, a próxima fight",0,0,,,0,0,0,0,0,0,0,0
_8W2fSnL1vY,172,416.67,418.41,"Nossa, vai ser com o meu 16 e mais",0,0,,,0,0,0,0,0,0,0,0
_8W2fSnL1vY,173,418.41,419.25,"Meu VOD, né, mano",0,0,,,0,0,0,0,0,0,0,0
_8W2fSnL1vY,174,419.25,422.51,"Não sei se vai ser o suficiente, mas dá pra tentar ganhar sim",0,0,,,0,0,0,0,0,0,0,0
_8W2fSnL1vY,175,422.51,424.49,VOD Satana,0,0,,,0,0,0,0,0,0,0,0
_8W2fSnL1vY,176,424.49,425.47,Meu bot é bem podre mesmo,0,0,,,0,0,0,0,0,0,0,0
_8W2fSnL1vY,177,425.47,427.61,"Meu bot tá tiltado, eu acho",0,0,,,0,0,0,0,0,0,0,0
_8W2fSnL1vY,178,427.61,428.61,"Acho não, tenho certeza",0,0,,,0,0,0,0,0,0,0,0
_8W2fSnL1vY,179,428.61,431.21,Meu bot tá com o mental tiltou ao cachorro azul,0,0,,,0,0,0,0,0,0,0,0
_8W2fSnL1vY,180,431.21,432.15,Meu bot no Godside,0,0,,,0,0,0,0,0,0,0,0
_8W2fSnL1vY,181,432.15,444.18,"Tá bom, os caras vão vir lá",0,0,,,0,0,0,0,0,0,0,0
_8W2fSnL1vY,182,444.18,444.38,aqui.,0,0,,,0,0,0,0,0,0,0,0
_8W2fSnL1vY,183,445.24,446.12,"Pô, a Leona, pô,",0,0,,,0,0,0,0,0,0,0,0
_8W2fSnL1vY,184,446.12,446.94,"deixa eu pegar essa kill,",0,0,,,0,0,0,0,0,0,0,0
_8W2fSnL1vY,185,447.04,447.66,"pelo menos, né, mano?",0,0,,,0,0,0,0,0,0,0,0
_8W2fSnL1vY,186,448.48,449.44,"Você se matou aí, cara.",0,0,,,0,0,0,0,0,0,0,0
_8W2fSnL1vY,187,449.8,450.54,Por essa...,0,0,,,0,0,0,0,0,0,0,0
_8W2fSnL1vY,188,450.54,452.4,"Tu ficou louco,",0,0,,,0,0,0,0,0,0,0,0
_8W2fSnL1vY,189,452.46,452.98,tu ficou louco.,0,0,,,0,0,0,0,0,0,0,0
_8W2fSnL1vY,190,453.5,454.32,"Aí, deu merda azul,",0,0,,,0,0,0,0,0,0,0,0
_8W2fSnL1vY,191,454.38,454.82,deu merda azul.,0,0,,,0,0,0,0,0,0,0,0
_8W2fSnL1vY,192,454.9,455.66,"Mano, o que que é isso?",0,0,,,0,0,0,0,0,0,0,0
_8W2fSnL1vY,193,456.22,457.32,"Mano, o cara é muito kamikaze,",0,0,,,0,0,0,0,0,0,0,0
_8W2fSnL1vY,194,457.42,457.66,velho.,0,0,,,0,0,0,0,0,0,0,0
_8W2fSnL1vY,195,457.82,458.54,Que porra é essa?,0,0,,,0,0,0,0,0,0,0,0
_8W2fSnL1vY,196,459.14,460.06,"É, o cara é do Irã, pô.",0,0,,,0,0,0,0,0,0,0,0
_8W2fSnL1vY,197,460.12,460.7,Minha Leona é do Irã.,0,0,,,0,0,0,0,0,0,0,0
_8W2fSnL1vY,198,461.62,462.48,"Minha Leona é do Irã,",0,0,,,0,0,0,0,0,0,0,0
_8W2fSnL1vY,199,462.54,463.08,"deu merda, mano.",0,0,,,0,0,0,0,0,0,0,0
_8W2fSnL1vY,200,474.41,475.25,"Ah, levei Execute",0,0,,,0,0,0,0,0,0,0,0
_8W2fSnL1vY,201,475.25,475.97,"e morri no Execute,",0,0,,,0,0,0,0,0,0,0,0
_8W2fSnL1vY,202,476.05,476.43,"talvez, né?",0,0,,,0,0,0,0,0,0,0,0
_8W2fSnL1vY,203,477.31,478.27,"Não levei, cara?",0,0,,,0,0,0,0,0,0,0,0
_8W2fSnL1vY,204,478.43,479.19,"Caralho, não levei Execute,",1,1,caralho,sexual_degradante,0,0,1,0,0,0,0,0
_8W2fSnL1vY,205,479.25,479.97,"não sei como, tá bom?",0,0,,,0,0,0,0,0,0,0,0
_8W2fSnL1vY,206,480.73,481.37,"Tem GameZudo,",0,0,,,0,0,0,0,0,0,0,0
_8W2fSnL1vY,207,481.37,483.59,"cara, eu falo que essa arma, meu deus",0,0,,,0,0,0,0,0,0,0,0
_8W2fSnL1vY,208,483.59,485.59,"o que você tá fazendo, cara, calma, calma, calma",0,0,,,0,0,0,0,0,0,0,0
_8W2fSnL1vY,209,485.59,487.43,"calma, calma, calma, calma",0,0,,,0,0,0,0,0,0,0,0
_8W2fSnL1vY,210,487.43,489.83,"calma aí, calma aí, calma aí",0,0,,,0,0,0,0,0,0,0,0
_8W2fSnL1vY,211,489.83,491.47,"segura, calma, calma",0,0,,,0,0,0,0,0,0,0,0
_8W2fSnL1vY,212,491.47,492.53,"calma aí, mano",0,0,,,0,0,0,0,0,0,0,0
_8W2fSnL1vY,213,492.53,494.97,"segura um pouco na cadeira, calma, mano",0,0,,,0,0,0,0,0,0,0,0
_8W2fSnL1vY,214,494.97,497.41,"deu merda, deu merda, calma, o cara tá empigando, ele quer",0,0,,,0,0,0,0,0,0,0,0
_8W2fSnL1vY,215,497.41,498.17,fazer a 3v5,0,0,,,0,0,0,0,0,0,0,0
_8W2fSnL1vY,216,498.17,501.49,"agora eu posso ir, os moldeio B, mano",0,0,,,0,0,0,0,0,0,0,0
_8W2fSnL1vY,217,501.49,503.63,"o cara é robô, meu deus",0,0,,,0,0,0,0,0,0,0,0
_8W2fSnL1vY,218,503.63,505.45,"o cara é muito bom, o cara é muito bom, o cara é robô",0,0,,,0,0,0,0,0,0,0,0
_8W2fSnL1vY,219,505.45,507.25,"tem game, tem game, final de copa, tá bom",0,0,,,0,0,0,0,0,0,0,0
_8W2fSnL1vY,220,507.25,508.53,tentar pegar o flango e os,0,0,,,0,0,0,0,0,0,0,0
_8W2fSnL1vY,221,508.53,512.24,"os caras são tão boas, mano",0,0,,,0,0,0,0,0,0,0,0
_8W2fSnL1vY,222,512.24,515.32,"Eu tô sem lente, mano, na real",0,0,,,0,0,0,0,0,0,0,0
_8W2fSnL1vY,223,515.32,516.32,Tô meio entrando sem lente,0,0,,,0,0,0,0,0,0,0,0
_8W2fSnL1vY,224,516.32,519.14,"Cara, vamos forçar a faixa, tô com high flash aqui, dá pra",0,0,,,0,0,0,0,0,0,0,0
_8W2fSnL1vY,225,519.14,523.47,"Calma, mano, que isso, mano",0,0,,,0,0,0,0,0,0,0,0
_8W2fSnL1vY,226,523.47,524.11,"Deu merda, calma",0,0,,,0,0,0,0,0,0,0,0
_8W2fSnL1vY,227,524.11,531.84,"Calma, cara, minha Leona é muito melhor do que foi a maconha, cara",0,0,,,0,0,0,0,0,0,0,0
_8W2fSnL1vY,228,531.84,532.8,"Que isso, mano",0,0,,,0,0,0,0,0,0,0,0
_8W2fSnL1vY,229,532.8,535.16,"Cara, o que você tá fazendo, cara?",0,0,,,0,0,0,0,0,0,0,0
_8W2fSnL1vY,230,535.2,537.5,"Meu Deus, eu caí na minha base, né, guxo",0,0,,,0,0,0,0,0,0,0,0
_8W2fSnL1vY,231,537.5,545.42,"E a Leona tem doença mental, mano",0,0,,,0,0,0,0,0,0,0,0
_8W2fSnL1vY,232,545.42,547.16,"Tem que pegar Yumi, é uma aberração dessa aqui, mano",0,0,,,0,0,0,0,0,0,0,0
_8W2fSnL1vY,233,547.16,550.28,"A aberração tem que pegar Yumi, cara",0,0,,,0,0,0,0,0,0,0,0
_8W2fSnL1vY,234,550.28,558.87,Ok,0,0,,,0,0,0,0,0,0,0,0
_8W2fSnL1vY,235,558.87,568.05,"Pronto, sempre o castelo físico",0,0,,,0,0,0,0,0,0,0,0
_8W2fSnL1vY,236,568.05,569.19,"Meu Deus, que que é isso?",0,0,,,0,0,0,0,0,0,0,0
_8W2fSnL1vY,237,569.45,571.75,"Foi perto, eu nem percebi, cara, meu Deus, que meu satânico",0,0,,,0,0,0,0,0,0,0,0
_8W2fSnL1vY,238,571.75,573.47,"Meu Deus, what the fuck",0,0,,,0,0,0,0,0,0,0,0
_8W2fSnL1vY,239,573.47,575.29,"Puff, engatadinho, please, puff",0,0,,,0,0,0,0,0,0,0,0
_8W2fSnL1vY,240,575.29,577.67,"Meu Deus, que isso, mano",0,0,,,0,0,0,0,0,0,0,0
_8W2fSnL1vY,241,577.67,579.15,"What the fuck, pô, foi essa, cara",0,0,,,0,0,0,0,0,0,0,0
_8W2fSnL1vY,242,579.15,582.21,"Meu Deus, cara, meu Deus, cara",0,0,,,0,0,0,0,0,0,0,0
_8W2fSnL1vY,243,582.21,583.59,"Olha o que eu tenho que fazer pra ganhar o jogo, cara",0,0,,,0,0,0,0,0,0,0,0
_8W2fSnL1vY,244,583.59,584.33,"Meu Deus, cara",0,0,,,0,0,0,0,0,0,0,0
_8W2fSnL1vY,245,584.33,586.13,"Meu Deus, meu Deus",0,0,,,0,0,0,0,0,0,0,0
_8W2fSnL1vY,246,586.13,588.69,"Caralho, que porra é essa, cara",1,1,caralho,sexual_degradante,0,0,1,0,0,0,0,0
_8W2fSnL1vY,247,588.69,591.19,"Cara, olha o jogo satânico, mano",0,0,,,0,0,0,0,0,0,0,0
_8W2fSnL1vY,248,591.19,593.05,"Eu tenho que fazer pra ganhar a partida, cara",0,0,,,0,0,0,0,0,0,0,0
_8W2fSnL1vY,249,593.05,595.55,"Vai, dá o add aqui pra tepar",0,0,,,0,0,0,0,0,0,0,0
_8W2fSnL1vY,250,595.55,597.05,"E forçar a play Zulda, mano, bora",0,0,,,0,0,0,0,0,0,0,0
_8W2fSnL1vY,251,597.05,599.65,"Vou dar B ali, vou dar TP aqui",0,0,,,0,0,0,0,0,0,0,0
_8W2fSnL1vY,252,599.65,600.71,"Vou fazer esse barangue, mano",0,0,,,0,0,0,0,0,0,0,0
_8W2fSnL1vY,253,600.71,603.25,"Cara, que jogo satânico",0,0,,,0,0,0,0,0,0,0,0
_8W2fSnL1vY,254,603.25,605.31,"Zulda é esse, cara, meu Deus, cara",0,0,,,0,0,0,0,0,0,0,0
_8W2fSnL1vY,255,605.31,606.03,Que que é isso,0,0,,,0,0,0,0,0,0,0,0
_8W2fSnL1vY,256,606.03,608.33,"Deu merda, deu merda, hein, mano",0,0,,,0,0,0,0,0,0,0,0
_8W2fSnL1vY,257,608.33,612.03,"Calmou, calmou, ok",0,0,,,0,0,0,0,0,0,0,0
_8W2fSnL1vY,258,612.03,615.11,"Tô no bom flam, fightar aqui",0,0,,,0,0,0,0,0,0,0,0
_8W2fSnL1vY,259,615.11,619.78,"Olha, eu campei um pedaço",0,0,,,0,0,0,0,0,0,0,0
_8W2fSnL1vY,260,619.78,624.69,Ok,0,0,,,0,0,0,0,0,0,0,0
_8W2fSnL1vY,261,624.69,629.04,"É, acabou o game, nem fiz muita coisa",0,0,,,0,0,0,0,0,0,0,0
_8W2fSnL1vY,262,629.04,630.52,"Nessa fight não, mano, eu tinha ganho o solo",0,0,,,0,0,0,0,0,0,0,0
_8W2fSnL1vY,263,630.52,632.68,Acabou o game,0,0,,,0,0,0,0,0,0,0,0
_8W2fSnL1vY,264,632.68,635.12,Como que a gente ganhou essa fight tão fácil,0,0,,,0,0,0,0,0,0,0,0
_8W2fSnL1vY,265,635.12,636.78,O meu Kayn fez estupro aos caras,0,0,,,0,0,0,0,0,0,0,0
_8W2fSnL1vY,266,636.78,637.36,O que é isso,0,0,,,0,0,0,0,0,0,0,0
_8W2fSnL1vY,267,637.36,641.64,"Mano, faz isso não, vocês são devs",0,0,,,0,0,0,0,0,0,0,0
_8W2fSnL1vY,268,641.64,642.48,"Cara, meu Deus",0,0,,,0,0,0,0,0,0,0,0
_8W2fSnL1vY,269,642.48,644.48,"Bande de epilóides, espera os minions chegarem",0,0,,,0,0,0,0,0,0,0,0
_8W2fSnL1vY,270,644.48,647.08,"É GG isso aqui, não tem como ser GG",0,0,,,0,0,0,0,0,0,0,0
_8W2fSnL1vY,271,647.08,647.52,Calma,0,0,,,0,0,0,0,0,0,0,0
_8W2fSnL1vY,272,647.52,649.66,"5, 4, 3, é GG",0,0,,,0,0,0,0,0,0,0,0
_8W2fSnL1vY,273,649.66,651.8,"É, acabou, deu muito dano",0,0,,,0,0,0,0,0,0,0,0
_8W2fSnL1vY,274,651.8,653.28,GG,0,0,,,0,0,0,0,0,0,0,0
_8W2fSnL1vY,275,653.28,655.6,"Meu Deus, me fez fatia, foda-se",0,0,,,0,0,0,0,0,0,0,0
_8W2fSnL1vY,276,655.6,656.72,"Ai, meu Deus",0,0,,,0,0,0,0,0,0,0,0
_8W2fSnL1vY,277,656.72,658.94,Meu Deus,0,0,,,0,0,0,0,0,0,0,0
_8W2fSnL1vY,278,658.94,662.0,"Eu não sei o que eu vou fazer, eu não sei o que eu vou fazer.",0,0,,,0,0,0,0,0,0,0,0
NlMxSXvoztk,1,0.2,3.72,"Cara, o bueiro foi de novo pra Coreia gastar dinheiro à toa de novo",0,0,,,0,0,0,0,0,0,0,0
NlMxSXvoztk,2,3.72,5.94,"O cara todo mês vai pra Coreia, mano",0,0,,,0,0,0,0,0,0,0,0
NlMxSXvoztk,3,5.94,10.24,"Ele vai na Coreia e tipo assim, joga mil games e fica 50 pontos no mestre",0,0,,,0,0,0,0,0,0,0,0
NlMxSXvoztk,4,10.24,12.06,"O pai tomou do processo, o processo não é pico",0,0,,,0,0,0,0,0,0,0,0
NlMxSXvoztk,5,12.06,15.72,"Ele fica usando o dinheiro do Bolsa Família pra pagar passagem, mano, isso é bizonho, cara",0,0,,,0,0,0,0,0,0,0,0
NlMxSXvoztk,6,15.72,18.94,"Alguém na Quick, manda o link do perfil do bueiro na Coreia aí pra nós ver",0,0,,,0,0,0,0,0,0,0,0
NlMxSXvoztk,7,18.94,22.32,Você tá com inveja porque ele vai na Coreia e você vai pra plantação de algodão,0,0,,,0,0,0,0,0,0,0,0
NlMxSXvoztk,8,22.32,23.86,Isso aqui é o perfil do bueiro na Coreia?,0,0,,,0,0,0,0,0,0,0,0
NlMxSXvoztk,9,24.0,25.54,"Ele tá com o Nikon Guitos, cara",0,0,,,0,0,0,0,0,0,0,0
NlMxSXvoztk,10,25.54,28.16,"Ah tá, tá escrito no Brasil, cara, vai se fuder",0,0,,,0,0,0,0,0,0,0,0
jjA-vG38qWU,1,0.62,2.08,Zed é de trade mesmo?,0,0,,,0,0,0,0,0,0,0,0
jjA-vG38qWU,2,2.6,4.3,"É difícil castar skin mini, mano.",0,0,,,0,0,0,0,0,0,0,0
jjA-vG38qWU,3,4.5,5.68,"Contra a besta mecânica azuda, mano.",0,0,,,0,0,0,0,0,0,0,0
jjA-vG38qWU,4,6.46,7.78,"Ah, vai se fuder, cara.",0,0,,,0,0,0,0,0,0,0,0
jjA-vG38qWU,5,8.56,9.58,"Cara, que que é isso, mano?",0,0,,,0,0,0,0,0,0,0,0
jjA-vG38qWU,6,9.62,10.24,Que macumba é essa?,0,0,,,0,0,0,0,0,0,0,0
jjA-vG38qWU,7,13.65,14.95,"Ah, mas a moral, velho.",0,0,,,0,0,0,0,0,0,0,0
jjA-vG38qWU,8,14.99,15.55,Que que é isso?,0,0,,,0,0,0,0,0,0,0,0
IeNxaErKY7g,1,0.0,1.42,Você é a pessoa de pera escura?,0,0,,,0,0,0,0,0,0,0,0
IeNxaErKY7g,2,1.56,4.06,"Tu leva o cacique de forma muito natural, não entendo isso",0,0,,,0,0,0,0,0,0,0,0
IeNxaErKY7g,3,4.06,4.88,"Eu sou preto, cara",0,0,,,0,0,0,0,0,0,0,0
IeNxaErKY7g,4,4.88,6.4,"Mas eu sou preto tipo Kenny West, tá ligado?",0,0,,,0,0,0,0,0,0,0,0
IeNxaErKY7g,5,6.52,7.42,"Nós é coisa ruim, mano",0,0,,,0,0,0,0,0,0,0,0
IeNxaErKY7g,6,7.42,8.32,Nós é preto e...,0,0,,,0,0,0,0,0,0,0,0
IeNxaErKY7g,7,8.32,8.96,"Não, não, não",0,0,,,0,0,0,0,0,0,0,0
VvTJJ6u9n8Y,1,0.0,29.7,"E cara, eu caí, que porra, que isso cara, que que é isso, que que é isso, eu mostrei a tela, eu mostrei a tela do que, do, mano, agora eu tô, mano, que que é isso, cara, que porra é essa, mano, que merda é essa, cara, que eu não sei o que, mano, ué, que que, mano, que porra de, mano, os caras, os caras tão entrando no jogo e ninguém falou nada no chat, olha aí, mas que que é isso rapaziada, é agora que eu faço, mano, ué, beleza, é isso então, é isso então, ninguém falou nada no chat, todo mundo tá entrando na partida, mano, primeiro do dia acontece essa merda, o cara pegou camisa 10 na jungle,",0,0,,,0,0,0,0,0,0,0,0
VvTJJ6u9n8Y,2,30.0,32.54,"Eu descendo com o Nunu, meu spawner com o Jir, mano",0,0,,,0,0,0,0,0,0,0,0
VvTJJ6u9n8Y,3,32.54,34.08,Descer fita de Clash Gold,0,0,,,0,0,0,0,0,0,0,0
VvTJJ6u9n8Y,4,34.08,36.42,"16 é full GG, mano, que isso?",0,0,,,0,0,0,0,0,0,0,0
VvTJJ6u9n8Y,5,36.98,39.36,"Primeiro dia, mano, porque os caras estão entrando no jogo, mano",0,0,,,0,0,0,0,0,0,0,0
VvTJJ6u9n8Y,6,39.36,40.72,"Mano, e agora, mano, eu vou ter que",0,0,,,0,0,0,0,0,0,0,0
VvTJJ6u9n8Y,7,40.72,42.62,"Cara, que isso, mano, fudeu",0,0,,,0,0,0,0,0,0,0,0
VvTJJ6u9n8Y,8,42.62,44.7,"Jamais, tá um mito, tá um mito, tá um mito",0,0,,,0,0,0,0,0,0,0,0
VvTJJ6u9n8Y,9,44.7,47.28,"Não, que detrote",0,0,,,0,0,0,0,0,0,0,0
VvTJJ6u9n8Y,10,47.28,49.12,"Que isso, mano",0,0,,,0,0,0,0,0,0,0,0
VvTJJ6u9n8Y,11,49.12,50.32,"Que porra tá acontecendo, cara",0,0,,,0,0,0,0,0,0,0,0
VvTJJ6u9n8Y,12,50.32,51.9,Que que o satanás tá acontecendo no jogo,0,0,,,0,0,0,0,0,0,0,0
VvTJJ6u9n8Y,13,51.9,54.38,"Tá liguei de tonado, os caras começaram a limpar",0,0,,,0,0,0,0,0,0,0,0
VvTJJ6u9n8Y,14,54.38,55.4,"E foda-se, mano",0,0,,,0,0,0,0,0,0,0,0
VvTJJ6u9n8Y,15,55.4,58.72,"Ah, mano, que que eu estou, mas tá louco, mano",0,0,,,0,0,0,0,0,0,0,0
VvTJJ6u9n8Y,16,58.72,60.5,"Ninguém ditou nada, velho",0,0,,,0,0,0,0,0,0,0,0
VvTJJ6u9n8Y,17,60.5,63.18,"Cara, tô na quichumbada, mano",0,0,,,0,0,0,0,0,0,0,0
VvTJJ6u9n8Y,18,63.18,64.42,"Caralho, mano",1,1,caralho,sexual_degradante,0,0,1,0,0,0,0,0
VvTJJ6u9n8Y,19,64.42,66.06,O que eu faço?,0,0,,,0,0,0,0,0,0,0,0
VvTJJ6u9n8Y,20,66.46,68.08,"Lidy, eu juro que eu dei dodge",0,0,,,0,0,0,0,0,0,0,0
VvTJJ6u9n8Y,21,68.08,70.38,"Cara, por que você chamou de Lidy?",0,0,,,0,0,0,0,0,0,0,0
VvTJJ6u9n8Y,22,70.46,71.38,"Você tá mentando, cara",0,0,,,0,0,0,0,0,0,0,0
VvTJJ6u9n8Y,23,71.38,73.54,"Ô, seu animal, por que você ficou listado?",0,0,,,0,0,0,0,0,0,0,0
VvTJJ6u9n8Y,24,73.98,75.8,"Mano, por que você ficou listado? Você é débil?",0,0,,,0,0,0,0,0,0,0,0
VvTJJ6u9n8Y,25,76.64,78.0,"Cara, você quer que eu come meu time, né?",0,0,,,0,0,0,0,0,0,0,0
VvTJJ6u9n8Y,26,78.04,79.32,"Free game isso aqui, mano, seu débil",0,0,,,0,0,0,0,0,0,0,0
VvTJJ6u9n8Y,27,79.32,80.92,"Tá mentando, parabéns, sentado, favelado",0,0,,,0,0,0,0,0,0,0,0
VvTJJ6u9n8Y,28,80.92,83.46,"Meu de Clinch Ghost, meu de Clinch Ghost",0,0,,,0,0,0,0,0,0,0,0
VvTJJ6u9n8Y,29,83.46,85.62,"E eu aqui, junto com o Camisa 10",0,0,,,0,0,0,0,0,0,0,0
VvTJJ6u9n8Y,30,85.62,87.04,"Na Jungle, tá bom? Nas Star",0,0,,,0,0,0,0,0,0,0,0
VvTJJ6u9n8Y,31,87.04,89.16,"Também de... Tá, de golpear",0,0,,,0,0,0,0,0,0,0,0
VvTJJ6u9n8Y,32,89.16,91.22,"Golpear e cleanse, beleza? É isso então, mano",0,0,,,0,0,0,0,0,0,0,0
VvTJJ6u9n8Y,33,91.22,92.84,"Cara, nós montamos a comp do cleanse, mano",0,0,,,0,0,0,0,0,0,0,0
VvTJJ6u9n8Y,34,92.84,95.3,"A solo kill tá muito boa, mano",0,0,,,0,0,0,0,0,0,0,0
VvTJJ6u9n8Y,35,95.3,97.44,Estou com os dedos sujos porque a Cass,0,0,,,0,0,0,0,0,0,0,0
VvTJJ6u9n8Y,36,97.44,99.22,Me trouxe salgados e meu ult quadro não foi,0,0,,,0,0,0,0,0,0,0,0
VvTJJ6u9n8Y,37,99.22,101.18,"Caralho, é isso então o desudo",1,1,caralho,sexual_degradante,0,0,1,0,0,0,0,0
VvTJJ6u9n8Y,38,101.18,102.28,"Entendi então. Ah, entendi",0,0,,,0,0,0,0,0,0,0,0
VvTJJ6u9n8Y,39,102.28,105.14,Então vocês juntaram o complu pra ficar mintando,0,0,,,0,0,0,0,0,0,0,0
VvTJJ6u9n8Y,40,105.14,106.54,"Ah, é isso então. Boa, mano. É isso então",0,0,,,0,0,0,0,0,0,0,0
VvTJJ6u9n8Y,41,106.54,109.24,Então juntou um band de debilógenos pra ficar me targetando em live,0,0,,,0,0,0,0,0,0,0,0
VvTJJ6u9n8Y,42,109.24,111.36,"E entrando no meu jogo, tá bom? Picando um de cleanse e gold",0,0,,,0,0,0,0,0,0,0,0
VvTJJ6u9n8Y,43,111.36,112.94,"Parabéns, meu bando de messias. Parabéns",0,0,,,0,0,0,0,0,0,0,0
VvTJJ6u9n8Y,44,112.94,115.2,Será que eu vou quitar e vou dar mitigar pra esse bando de debilógenos?,0,0,,,0,0,0,0,0,0,0,0
VvTJJ6u9n8Y,45,115.2,116.4,"Tá louco, eu vou jogar isso aqui, mano",0,0,,,0,0,0,0,0,0,0,0
VvTJJ6u9n8Y,46,116.4,119.52,"O Harry vai achar que tá aqui, ele vai abando essa conta aqui",0,0,,,0,0,0,0,0,0,0,0
VvTJJ6u9n8Y,47,119.52,120.6,E os caras vão mitigado ainda,0,0,,,0,0,0,0,0,0,0,0
VvTJJ6u9n8Y,48,120.6,123.9,Você vai se unir a essa comunidade gay,0,0,,,0,0,0,0,0,0,0,0
VvTJJ6u9n8Y,49,123.9,124.74,"No repost, vira aí",0,0,,,0,0,0,0,0,0,0,0
VvTJJ6u9n8Y,50,124.74,126.0,"Foda-se, não, eu não quero nem saber",0,0,,,0,0,0,0,0,0,0,0
VvTJJ6u9n8Y,51,126.0,129.54,"Eu não fui tempo, eu esqueci de purificar, mano",0,0,,,0,0,0,0,0,0,0,0
VvTJJ6u9n8Y,52,129.54,131.74,"Filho, o Ali quis forçar a dote",0,0,,,0,0,0,0,0,0,0,0
VvTJJ6u9n8Y,53,131.74,132.7,"Meu Deus, cara",0,0,,,0,0,0,0,0,0,0,0
VvTJJ6u9n8Y,54,132.7,135.14,"Você é um imbecil, por que você quis forçar a dote, imbecil?",0,0,,,0,0,0,0,0,0,0,0
VvTJJ6u9n8Y,55,135.78,137.58,"Por que você quis forçar a dote, cara?",0,0,,,0,0,0,0,0,0,0,0
VvTJJ6u9n8Y,56,137.64,139.74,"Agora o jogo está todo, tem quatro negros de Clash of Clans",0,0,,,0,0,0,0,0,0,0,0
VvTJJ6u9n8Y,57,139.74,141.66,"Que tá por no time de Debloids, mano, que merda",0,0,,,0,0,0,0,0,0,0,0
VvTJJ6u9n8Y,58,141.66,143.86,E o Lua desceu de suporte,0,0,,,0,0,0,0,0,0,0,0
VvTJJ6u9n8Y,59,143.86,145.14,Pra que forçador,0,0,,,0,0,0,0,0,0,0,0
VvTJJ6u9n8Y,60,145.14,145.9,Se eu comi um timil,0,0,,,0,0,0,0,0,0,0,0
VvTJJ6u9n8Y,61,145.9,146.78,E sei se vou ficar sadio,0,0,,,0,0,0,0,0,0,0,0
VvTJJ6u9n8Y,62,146.78,148.16,"Cara, por que",0,0,,,0,0,0,0,0,0,0,0
VvTJJ6u9n8Y,63,148.16,149.26,"Mano, olha isso aqui, cara",0,0,,,0,0,0,0,0,0,0,0
VvTJJ6u9n8Y,64,149.26,149.68,Pra você ver,0,0,,,0,0,0,0,0,0,0,0
VvTJJ6u9n8Y,65,149.68,151.92,"Se liga, olha isso aqui",0,0,,,0,0,0,0,0,0,0,0
VvTJJ6u9n8Y,66,151.92,153.1,"Ó, isso aqui",0,0,,,0,0,0,0,0,0,0,0
VvTJJ6u9n8Y,67,153.1,153.72,"Aqui vai, ó",0,0,,,0,0,0,0,0,0,0,0
VvTJJ6u9n8Y,68,153.72,155.24,"Aqui vai, beleza",0,0,,,0,0,0,0,0,0,0,0
VvTJJ6u9n8Y,69,155.24,155.68,E aqui não,0,0,,,0,0,0,0,0,0,0,0
VvTJJ6u9n8Y,70,155.68,156.92,"E aqui não vai, cara",0,0,,,0,0,0,0,0,0,0,0
VvTJJ6u9n8Y,71,156.92,157.58,Que merda é essa,0,0,,,0,0,0,0,0,0,0,0
VvTJJ6u9n8Y,72,157.58,158.68,Eu vou ter que ler a mensagem,0,0,,,0,0,0,0,0,0,0,0
VvTJJ6u9n8Y,73,158.68,159.72,Tô bom com dois reais,0,0,,,0,0,0,0,0,0,0,0
VvTJJ6u9n8Y,74,159.72,160.48,"Olá, Godão",0,0,,,0,0,0,0,0,0,0,0
VvTJJ6u9n8Y,75,160.48,161.24,Vem por meio dessa,0,0,,,0,0,0,0,0,0,0,0
VvTJJ6u9n8Y,76,161.24,162.52,Vem por meio dessa,0,0,,,0,0,0,0,0,0,0,0
VvTJJ6u9n8Y,77,162.52,163.2,Agradecer você,0,0,,,0,0,0,0,0,0,0,0
VvTJJ6u9n8Y,78,163.2,164.8,Sua live tem me trazido,0,0,,,0,0,0,0,0,0,0,0
VvTJJ6u9n8Y,79,164.8,165.3,Boa experiência,0,0,,,0,0,0,0,0,0,0,0
VvTJJ6u9n8Y,80,165.3,165.88,Graças a você,0,0,,,0,0,0,0,0,0,0,0
VvTJJ6u9n8Y,81,165.88,167.22,Consegui estudar uma criança,0,0,,,0,0,0,0,0,0,0,0
VvTJJ6u9n8Y,82,167.22,169.64,"Tô bom com essa merda, beleza",0,0,,,0,0,0,0,0,0,0,0
VvTJJ6u9n8Y,83,169.64,170.52,Tá bem que,0,0,,,0,0,0,0,0,0,0,0
VvTJJ6u9n8Y,84,170.52,171.22,Que que é isso?,0,0,,,0,0,0,0,0,0,0,0
VvTJJ6u9n8Y,85,171.28,171.7,Eu morri,0,0,,,0,0,0,0,0,0,0,0
VvTJJ6u9n8Y,86,171.7,173.76,"Eu não vi eu morrendo, cara",0,0,,,0,0,0,0,0,0,0,0
VvTJJ6u9n8Y,87,173.76,175.02,"Tá lendo a mensagem, mano",0,0,,,0,0,0,0,0,0,0,0
VvTJJ6u9n8Y,88,175.02,177.04,Lê com a voz do Patonino,0,0,,,0,0,0,0,0,0,0,0
VvTJJ6u9n8Y,89,177.04,178.8,"Não sei ler com a voz do Patonino, mano",0,0,,,0,0,0,0,0,0,0,0
VvTJJ6u9n8Y,90,178.8,180.28,Se mandou 50 reais,0,0,,,0,0,0,0,0,0,0,0
VvTJJ6u9n8Y,91,180.28,182.44,"Fala, neguinho do morro",1,1,neguinho,racial_interseccional,1,0,0,0,0,0,0,0
VvTJJ6u9n8Y,92,182.44,184.56,Jantou ontem com os 300 tal,0,0,,,0,0,0,0,0,0,0,0
VvTJJ6u9n8Y,93,184.56,186.36,Bota os luduai,0,0,,,0,0,0,0,0,0,0,0
VvTJJ6u9n8Y,94,186.36,188.5,E arruma lá meu carbo que não foi,0,0,,,0,0,0,0,0,0,0,0
VvTJJ6u9n8Y,95,188.5,190.54,"Caralho, cara, mas eu não tô com a luta",1,1,caralho,sexual_degradante,0,0,1,0,0,0,0,0
VvTJJ6u9n8Y,96,190.54,192.2,"Bora, calma aí, eu vou arrumar agora",0,0,,,0,0,0,0,0,0,0,0
VvTJJ6u9n8Y,97,192.2,194.44,"Caralho, vou com a luta",1,1,caralho,sexual_degradante,0,0,1,0,0,0,0,0
VvTJJ6u9n8Y,98,194.44,196.98,"Vou com a luta, tanca",0,0,,,0,0,0,0,0,0,0,0
VvTJJ6u9n8Y,99,196.98,198.66,"Deu merda, deu merda",0,0,,,0,0,0,0,0,0,0,0
VvTJJ6u9n8Y,100,198.66,199.34,Valeu,0,0,,,0,0,0,0,0,0,0,0
VvTJJ6u9n8Y,101,199.34,205.08,"Caralho, cara, mas a ideia está entrando, cara",1,1,caralho,sexual_degradante,0,0,1,0,0,0,0,0
VvTJJ6u9n8Y,102,205.08,205.96,"Fodido, mano",0,0,,,0,0,0,0,0,0,0,0
VvTJJ6u9n8Y,103,205.96,206.76,"Vamos, bora, bora",0,0,,,0,0,0,0,0,0,0,0
VvTJJ6u9n8Y,104,206.76,207.18,O que é isso aqui?,0,0,,,0,0,0,0,0,0,0,0
VvTJJ6u9n8Y,105,210.57,211.37,"Bora, cara",0,0,,,0,0,0,0,0,0,0,0
VvTJJ6u9n8Y,106,211.37,212.63,"Tem game, meu Deus",0,0,,,0,0,0,0,0,0,0,0
VvTJJ6u9n8Y,107,212.63,213.07,Tem game junto,0,0,,,0,0,0,0,0,0,0,0
VvTJJ6u9n8Y,108,216.66,217.96,Tem game junto,0,0,,,0,0,0,0,0,0,0,0
VvTJJ6u9n8Y,109,217.96,218.58,"Vamos, vamos",0,0,,,0,0,0,0,0,0,0,0
VvTJJ6u9n8Y,110,218.58,220.06,Tem game aqui,0,0,,,0,0,0,0,0,0,0,0
VvTJJ6u9n8Y,111,220.06,221.8,É a comp da SS,0,0,,,0,0,0,0,0,0,0,0
VvTJJ6u9n8Y,112,221.8,223.56,É a comp de estudos aqui,0,0,,,0,0,0,0,0,0,0,0
VvTJJ6u9n8Y,113,223.56,224.2,"Beleza, dá enter",0,0,,,0,0,0,0,0,0,0,0
VvTJJ6u9n8Y,114,224.2,225.8,Ok,0,0,,,0,0,0,0,0,0,0,0
VvTJJ6u9n8Y,115,225.8,229.24,Vai morrer aqui agora,0,0,,,0,0,0,0,0,0,0,0
VvTJJ6u9n8Y,116,229.24,229.76,"Morreu, morreu",0,0,,,0,0,0,0,0,0,0,0
VvTJJ6u9n8Y,117,229.76,230.32,Relaxa,0,0,,,0,0,0,0,0,0,0,0
VvTJJ6u9n8Y,118,230.32,232.2,"Bora, bora",0,0,,,0,0,0,0,0,0,0,0
VvTJJ6u9n8Y,119,232.2,232.9,"Batei ele, cara",0,0,,,0,0,0,0,0,0,0,0
VvTJJ6u9n8Y,120,232.9,233.22,Vamos,0,0,,,0,0,0,0,0,0,0,0
VvTJJ6u9n8Y,121,233.22,237.41,"Meu Deus, cara",0,0,,,0,0,0,0,0,0,0,0
VvTJJ6u9n8Y,122,237.41,238.29,Meu Deus,0,0,,,0,0,0,0,0,0,0,0
VvTJJ6u9n8Y,123,238.29,238.67,Caiu alguém,0,0,,,0,0,0,0,0,0,0,0
VvTJJ6u9n8Y,124,238.67,239.13,Sai da reta,0,0,,,0,0,0,0,0,0,0,0
VvTJJ6u9n8Y,125,239.13,239.81,"Ah, nossa",0,0,,,0,0,0,0,0,0,0,0
VvTJJ6u9n8Y,126,239.81,240.73,"Eu tô full AP, mano",0,0,,,0,0,0,0,0,0,0,0
VvTJJ6u9n8Y,127,240.73,241.29,Não tem game não,0,0,,,0,0,0,0,0,0,0,0
VvTJJ6u9n8Y,128,241.29,242.53,"Meu corpo tá full AP, rapaziada",0,0,,,0,0,0,0,0,0,0,0
VvTJJ6u9n8Y,129,242.53,243.63,Caralho,1,1,caralho,sexual_degradante,0,0,1,0,0,0,0,0
VvTJJ6u9n8Y,130,243.63,244.57,Ninguém lançou um campeão AD,0,0,,,0,0,0,0,0,0,0,0
VvTJJ6u9n8Y,131,244.57,245.71,"Esses são muito burros, mano.",0,0,,,0,0,0,0,0,0,0,0
VvTJJ6u9n8Y,132,246.05,246.55,"Cadê aí, cara?",0,0,,,0,0,0,0,0,0,0,0
VvTJJ6u9n8Y,133,246.87,247.43,"Eu morri, né?",0,0,,,0,0,0,0,0,0,0,0
VvTJJ6u9n8Y,134,250.37,251.69,"Nossa, o gás entrou na minha mana, mano.",0,0,,,0,0,0,0,0,0,0,0
VvTJJ6u9n8Y,135,251.81,252.29,"Que que é isso, cara?",0,0,,,0,0,0,0,0,0,0,0
VvTJJ6u9n8Y,136,252.29,252.97,"Tá favelando, mano.",0,0,,,0,0,0,0,0,0,0,0
VvTJJ6u9n8Y,137,256.18,257.12,"Bora, bora, bora.",0,0,,,0,0,0,0,0,0,0,0
VvTJJ6u9n8Y,138,257.32,258.54,"Olha o Jack, esse aqui é muito ruim.",0,0,,,0,0,0,0,0,0,0,0
VvTJJ6u9n8Y,139,259.06,260.42,"Os caras são muito ruins, rapaziada.",0,0,,,0,0,0,0,0,0,0,0
VvTJJ6u9n8Y,140,260.96,264.24,"Me ajuda, meu Deus do céu, meu soldado.",0,0,,,0,0,0,0,0,0,0,0
VvTJJ6u9n8Y,141,264.64,265.5,"Vamos, alguém pinta a D.",0,0,,,0,0,0,0,0,0,0,0
VvTJJ6u9n8Y,142,265.86,267.22,"Alguém pinta a D pra eu ganhar o jogo, na moral.",0,0,,,0,0,0,0,0,0,0,0
VvTJJ6u9n8Y,143,267.34,267.86,"Pinta a D, alguém.",0,0,,,0,0,0,0,0,0,0,0
VvTJJ6u9n8Y,144,268.42,269.26,"Pinta a D, Aldi.",0,0,,,0,0,0,0,0,0,0,0
VvTJJ6u9n8Y,145,269.36,270.86,"Caralho, não tem a D na minha comp, mano.",1,1,caralho,sexual_degradante,0,0,1,0,0,0,0,0
VvTJJ6u9n8Y,146,271.54,273.1,"Minha conta foi a P que eu faço, mano.",0,0,,,0,0,0,0,0,0,0,0
VvTJJ6u9n8Y,147,273.1,274.42,"Não tem a D na minha comp, zuda, mano.",0,0,,,0,0,0,0,0,0,0,0
VvTJJ6u9n8Y,148,274.62,275.86,"Ah, mas os caras são horríveis.",0,0,,,0,0,0,0,0,0,0,0
VvTJJ6u9n8Y,149,275.86,277.6,pra eu perder um aqui,0,0,,,0,0,0,0,0,0,0,0
VvTJJ6u9n8Y,150,277.6,280.32,"cinco podro horríveis, cara, que merda é essa, mano?",0,0,,,0,0,0,0,0,0,0,0
VvTJJ6u9n8Y,151,281.14,282.28,"ah, nem fodendo, cara",0,0,,,0,0,0,0,0,0,0,0
VvTJJ6u9n8Y,152,282.28,284.56,"não, Camisadei, não se mata não",0,0,,,0,0,0,0,0,0,0,0
VvTJJ6u9n8Y,153,284.56,285.44,a gente perde isso aqui,0,0,,,0,0,0,0,0,0,0,0
VvTJJ6u9n8Y,154,285.44,288.02,"tem na real, foda-se",0,0,,,0,0,0,0,0,0,0,0
VvTJJ6u9n8Y,155,288.02,289.5,"bora, bora, tem GameZoo, olha a reta",0,0,,,0,0,0,0,0,0,0,0
VvTJJ6u9n8Y,156,289.5,290.84,"pronto, sempre com essa deal, ok",0,0,,,0,0,0,0,0,0,0,0
VvTJJ6u9n8Y,157,290.84,294.76,"mano, é o GamePill da D, nossa, o Camisadei morreu, cara",0,0,,,0,0,0,0,0,0,0,0
VvTJJ6u9n8Y,158,294.76,296.68,é o GamePill da D,0,0,,,0,0,0,0,0,0,0,0
VvTJJ6u9n8Y,159,296.68,297.78,"na moral, por favor, mano",0,0,,,0,0,0,0,0,0,0,0
VvTJJ6u9n8Y,160,297.78,298.92,"vocês são meu filho, GamePill da D, rapaziada",0,0,,,0,0,0,0,0,0,0,0
VvTJJ6u9n8Y,161,298.92,300.78,"bora, tem GameZoo, tem GameZoo, bora",0,0,,,0,0,0,0,0,0,0,0
VvTJJ6u9n8Y,162,300.78,302.2,"vai dar reta aqui, tem GameZoo",0,0,,,0,0,0,0,0,0,0,0
VvTJJ6u9n8Y,163,302.2,304.94,"vamo pro combo, bora",0,0,,,0,0,0,0,0,0,0,0
VvTJJ6u9n8Y,164,304.94,311.78,"Ai, meu Deus, mano",0,0,,,0,0,0,0,0,0,0,0
VvTJJ6u9n8Y,165,311.78,313.08,"Pô, ele tacou demais, cara",0,0,,,0,0,0,0,0,0,0,0
VvTJJ6u9n8Y,166,313.08,315.8,"Não! Perdeu o jogo, cara",0,0,,,0,0,0,0,0,0,0,0
VvTJJ6u9n8Y,167,315.8,316.54,"Meu Deus, mano",0,0,,,0,0,0,0,0,0,0,0
VvTJJ6u9n8Y,168,316.54,320.12,"Aqui foi, deu merda, rapaziada",0,0,,,0,0,0,0,0,0,0,0
VvTJJ6u9n8Y,169,320.12,320.68,"Acabou, mano",0,0,,,0,0,0,0,0,0,0,0
VvTJJ6u9n8Y,170,320.68,322.86,"Caralho, mano, meu Deus, mano",1,1,caralho,sexual_degradante,0,0,1,0,0,0,0,0
VvTJJ6u9n8Y,171,322.86,324.92,"Obrigado, Senhor, obrigado, Senhor",0,0,,,0,0,0,0,0,0,0,0
VvTJJ6u9n8Y,172,324.92,326.28,"Por cair nesse aqui, abençoado por Deus",0,0,,,0,0,0,0,0,0,0,0
VvTJJ6u9n8Y,173,326.28,329.62,"Obrigado por cair nesse aqui com 4 negros de Clinchy Gold, mano",0,0,,,0,0,0,0,0,0,0,0
VvTJJ6u9n8Y,174,329.62,331.76,"Eu caí nesse aqui, abençoado por Deus, mano",0,0,,,0,0,0,0,0,0,0,0
VvTJJ6u9n8Y,175,331.76,332.54,"Obrigado, mano",0,0,,,0,0,0,0,0,0,0,0
VvTJJ6u9n8Y,176,332.54,334.5,"Que sorte que eu tenho, mano",0,0,,,0,0,0,0,0,0,0,0
VvTJJ6u9n8Y,177,334.5,339.48,"Nossa, você me atirou com essa tanica, mano",0,0,,,0,0,0,0,0,0,0,0
VvTJJ6u9n8Y,178,339.48,341.86,"Primeiro do dia, tô desfocado, hein, mano",0,0,,,0,0,0,0,0,0,0,0
VvTJJ6u9n8Y,179,341.86,343.28,"Boa noite, Mega Preto",0,0,,,0,0,0,0,0,0,0,0
VvTJJ6u9n8Y,180,343.28,344.46,"Boa noite, mano, Mega Pedro",0,0,,,0,0,0,0,0,0,0,0
VvTJJ6u9n8Y,181,344.46,345.1,O Adriel Porto,0,0,,,0,0,0,0,0,0,0,0
VvTJJ6u9n8Y,182,345.1,345.66,"Boa noite, Neguxo",0,0,,,0,0,0,0,0,0,0,0
VvTJJ6u9n8Y,183,345.66,346.72,"Que Mega Preto é esse, né, meu?",0,0,,,0,0,0,0,0,0,0,0
VvTJJ6u9n8Y,184,347.42,347.72,Ok,0,0,,,0,0,0,0,0,0,0,0
VvTJJ6u9n8Y,185,347.72,350.8,"Cara, eu nunca mostrei meu rosto, cara",0,0,,,0,0,0,0,0,0,0,0
VvTJJ6u9n8Y,186,350.8,352.12,Por que eu sou Mega Preto?,0,0,,,0,0,0,0,0,0,0,0
VvTJJ6u9n8Y,187,352.82,353.96,Já fez diagnóstico em mim,0,0,,,0,0,0,0,0,0,0,0
VvTJJ6u9n8Y,188,353.96,354.74,Através da minha voz zuda?,0,0,,,0,0,0,0,0,0,0,0
VvTJJ6u9n8Y,189,355.88,357.06,Ativa o som do jogo,0,0,,,0,0,0,0,0,0,0,0
VvTJJ6u9n8Y,190,357.06,358.28,"Pô, tá sem o som",0,0,,,0,0,0,0,0,0,0,0
VvTJJ6u9n8Y,191,358.28,359.18,"Ligue zuda, rapaziada",0,0,,,0,0,0,0,0,0,0,0
VvTJJ6u9n8Y,192,359.18,359.52,Sério?,0,0,,,0,0,0,0,0,0,0,0
VvTJJ6u9n8Y,193,360.72,361.28,"Ai, pedi",0,0,,,0,0,0,0,0,0,0,0
VvTJJ6u9n8Y,194,361.28,365.37,"Nossa, pedi cá",0,0,,,0,0,0,0,0,0,0,0
VvTJJ6u9n8Y,195,365.37,366.15,"Tá, tutei, mano",0,0,,,0,0,0,0,0,0,0,0
VvTJJ6u9n8Y,196,366.15,367.13,Tá sem o som,0,0,,,0,0,0,0,0,0,0,0
VvTJJ6u9n8Y,197,367.13,367.69,Game zuda,0,0,,,0,0,0,0,0,0,0,0
VvTJJ6u9n8Y,198,367.69,368.31,"Sério, rapaziada?",0,0,,,0,0,0,0,0,0,0,0
VvTJJ6u9n8Y,199,368.43,368.99,Confirma isso aí,0,0,,,0,0,0,0,0,0,0,0
VvTJJ6u9n8Y,200,368.99,369.75,Tá sem som,0,0,,,0,0,0,0,0,0,0,0
VvTJJ6u9n8Y,201,369.75,370.07,Game,0,0,,,0,0,0,0,0,0,0,0
VvTJJ6u9n8Y,202,370.07,371.11,"Caralho, por que tá sem som",1,1,caralho,sexual_degradante,0,0,1,0,0,0,0,0
VvTJJ6u9n8Y,203,371.11,371.59,"Essa merda, cara?",0,0,,,0,0,0,0,0,0,0,0
VvTJJ6u9n8Y,204,371.63,373.95,Deixa eu matar esse Diego aqui,0,0,,,0,0,0,0,0,0,0,0
VvTJJ6u9n8Y,205,373.95,374.87,"pra... Nossa, mano.",0,0,,,0,0,0,0,0,0,0,0
VvTJJ6u9n8Y,206,375.81,376.57,"Ele morreu aqui, né?",0,0,,,0,0,0,0,0,0,0,0
VvTJJ6u9n8Y,207,377.91,379.23,"Ele pode querer virar em mim aqui, mano.",0,0,,,0,0,0,0,0,0,0,0
VvTJJ6u9n8Y,208,381.8,383.58,"Por que ele flechou aqui? Ele tá morto em way, mano.",0,0,,,0,0,0,0,0,0,0,0
VvTJJ6u9n8Y,209,386.44,388.1,"Puxa, ele matou nem fudendo aqui, mano.",0,0,,,0,0,0,0,0,0,0,0
VvTJJ6u9n8Y,210,393.15,393.69,Que isso?,0,0,,,0,0,0,0,0,0,0,0
VvTJJ6u9n8Y,211,393.93,394.93,Você pegou o flechão no cara aqui?,0,0,,,0,0,0,0,0,0,0,0
VvTJJ6u9n8Y,212,396.03,398.11,"Eu pensei muito em flechar e pegar aqui, mas tá bom.",0,0,,,0,0,0,0,0,0,0,0
VvTJJ6u9n8Y,213,398.13,398.85,Eu sei muito judaico.,0,0,,,0,0,0,0,0,0,0,0
VvTJJ6u9n8Y,214,399.57,401.67,"Tá bem aqui, mano. Ok.",0,0,,,0,0,0,0,0,0,0,0
VvTJJ6u9n8Y,215,402.31,404.43,"Não, tinha som, só que eu acho que tava muito baixo, na real.",0,0,,,0,0,0,0,0,0,0,0
VvTJJ6u9n8Y,216,404.89,409.12,"Ih, mano. Acabou de se matar de novo, né, mano?",0,0,,,0,0,0,0,0,0,0,0
VvTJJ6u9n8Y,217,409.58,412.2,"Ai, meu Deus, cara!",0,0,,,0,0,0,0,0,0,0,0
VvTJJ6u9n8Y,218,412.2,413.36,"Como que ele pegou meu kill, velho?",0,0,,,0,0,0,0,0,0,0,0
VvTJJ6u9n8Y,219,414.12,415.34,"Pô, nem fudeu, né, mano?",0,0,,,0,0,0,0,0,0,0,0
VvTJJ6u9n8Y,220,415.34,416.6,Ok,0,0,,,0,0,0,0,0,0,0,0
VvTJJ6u9n8Y,221,416.6,418.72,Olha os bons pedos aqui,0,0,,,0,0,0,0,0,0,0,0
VvTJJ6u9n8Y,222,418.72,421.14,"O que é isso, cara?",0,0,,,0,0,0,0,0,0,0,0
VvTJJ6u9n8Y,223,421.22,421.84,"O que é isso aqui, cara?",0,0,,,0,0,0,0,0,0,0,0
VvTJJ6u9n8Y,224,421.88,422.38,"A gente ganha isso aqui, não?",0,0,,,0,0,0,0,0,0,0,0
VvTJJ6u9n8Y,225,423.58,425.0,"Ah, meu level 6 aqui, mano",0,0,,,0,0,0,0,0,0,0,0
VvTJJ6u9n8Y,226,425.0,428.85,"Caralho, mas isso é muito animal, hein, mano",1,1,caralho,sexual_degradante,0,0,1,0,0,0,0,0
VvTJJ6u9n8Y,227,428.85,429.75,Que porra é essa?,0,0,,,0,0,0,0,0,0,0,0
VvTJJ6u9n8Y,228,429.77,430.83,É muito animal essa merda aqui,0,0,,,0,0,0,0,0,0,0,0
VvTJJ6u9n8Y,229,430.83,431.27,O que é isso aqui?,0,0,,,0,0,0,0,0,0,0,0
VvTJJ6u9n8Y,230,433.25,433.95,"Bata ele aqui, não",0,0,,,0,0,0,0,0,0,0,0
VvTJJ6u9n8Y,231,433.95,434.79,"Mata, acho que não mata",0,0,,,0,0,0,0,0,0,0,0
VvTJJ6u9n8Y,232,434.79,443.6,O que é isso?,0,0,,,0,0,0,0,0,0,0,0
VvTJJ6u9n8Y,233,443.6,443.64,O que é isso?,0,0,,,0,0,0,0,0,0,0,0
VvTJJ6u9n8Y,234,443.64,444.48,O que é isso que eu tô tentando fazer?,0,0,,,0,0,0,0,0,0,0,0
VvTJJ6u9n8Y,235,444.72,445.28,O que é isso?,0,0,,,0,0,0,0,0,0,0,0
VvTJJ6u9n8Y,236,445.36,445.82,O que é isso?,0,0,,,0,0,0,0,0,0,0,0
VvTJJ6u9n8Y,237,446.3,447.7,"O que é isso aqui, mano?",0,0,,,0,0,0,0,0,0,0,0
VvTJJ6u9n8Y,238,447.8,448.58,Eu tô louco pra dólar,0,0,,,0,0,0,0,0,0,0,0
VvTJJ6u9n8Y,239,448.58,451.34,Eu falei pra dólar ou falei bar dólar?,0,0,,,0,0,0,0,0,0,0,0
VvTJJ6u9n8Y,240,451.4,452.08,"Eu falei bar dólar, eu acho",0,0,,,0,0,0,0,0,0,0,0
VvTJJ6u9n8Y,241,452.08,454.0,"O que esse bando tá fazendo comigo, cara?",0,0,,,0,0,0,0,0,0,0,0
VvTJJ6u9n8Y,242,454.06,456.52,"Ele vai pegar ali e você vai voltar, se liga",0,0,,,0,0,0,0,0,0,0,0
VvTJJ6u9n8Y,243,456.52,458.98,"Vem cá, Sora",0,0,,,0,0,0,0,0,0,0,0
VvTJJ6u9n8Y,244,458.98,460.22,"Confia em mim, confia em você",0,0,,,0,0,0,0,0,0,0,0
VvTJJ6u9n8Y,245,460.22,462.34,"Me cura, piranha, me cura",1,1,piranha,xingamentos_genero,0,0,0,0,1,0,0,0
VvTJJ6u9n8Y,246,462.34,470.74,"Não, estou morto, me cura",0,0,,,0,0,0,0,0,0,0,0
VvTJJ6u9n8Y,247,470.74,472.04,"Tá bom, tô em vaso",0,0,,,0,0,0,0,0,0,0,0
VvTJJ6u9n8Y,248,472.04,474.16,"Eu vou pegar a barricada, olha aqui, que eu sou judaico, mano",0,0,,,0,0,0,0,0,0,0,0
VvTJJ6u9n8Y,249,474.16,482.52,"Peguei barricada, uef",0,0,,,0,0,0,0,0,0,0,0
VvTJJ6u9n8Y,250,482.52,484.98,"No caso, a barricada que eu peguei, eu vou guivar o ovo inteiro",0,0,,,0,0,0,0,0,0,0,0
VvTJJ6u9n8Y,251,484.98,486.06,"Não foi muito uef, não",0,0,,,0,0,0,0,0,0,0,0
VvTJJ6u9n8Y,252,486.06,487.78,"Tentar baitar o estugragas aqui, mano",0,0,,,0,0,0,0,0,0,0,0
VvTJJ6u9n8Y,253,487.78,489.46,"Ó, deu merda",0,0,,,0,0,0,0,0,0,0,0
VvTJJ6u9n8Y,254,489.46,491.5,"Oh, meu Deus, ok, sempre ok",0,0,,,0,0,0,0,0,0,0,0
VvTJJ6u9n8Y,255,491.5,501.6,"Que básico, mano, que porra é essa?",0,0,,,0,0,0,0,0,0,0,0
VvTJJ6u9n8Y,256,502.4,504.88,"Nossa, meu comp tá muito peda**, tá bom, mano.",0,0,,,0,0,0,0,0,0,0,0
VvTJJ6u9n8Y,257,505.02,505.82,"Broke, comp, zuda.",0,0,,,0,0,0,0,0,0,0,0
VvTJJ6u9n8Y,258,506.76,507.9,"Será que tá full AP isso aqui, mano?",0,0,,,0,0,0,0,0,0,0,0
VvTJJ6u9n8Y,259,508.38,508.94,Mas tá bom.,0,0,,,0,0,0,0,0,0,0,0
VvTJJ6u9n8Y,260,509.82,510.54,"Legal, um barricadão.",0,0,,,0,0,0,0,0,0,0,0
VvTJJ6u9n8Y,261,510.58,511.9,"Eu vou dar remeio com o zuda aqui, mano.",0,0,,,0,0,0,0,0,0,0,0
VvTJJ6u9n8Y,262,511.94,512.42,Sempre zudo.,0,0,,,0,0,0,0,0,0,0,0
VvTJJ6u9n8Y,263,513.98,515.38,Vou dar recalco da BTP também.,0,0,,,0,0,0,0,0,0,0,0
VvTJJ6u9n8Y,264,515.56,516.64,"É, esbanho, f***, zudo.",0,0,,,0,0,0,0,0,0,0,0
VvTJJ6u9n8Y,265,516.98,518.04,"Peraí, vou dar B aqui, mano.",0,0,,,0,0,0,0,0,0,0,0
VvTJJ6u9n8Y,266,518.08,519.2,"Esse cara tá favenando aí, na real, né?",0,0,,,0,0,0,0,0,0,0,0
VvTJJ6u9n8Y,267,520.08,521.5,"Ai, vai descer o Veo pra cá, mano.",0,0,,,0,0,0,0,0,0,0,0
VvTJJ6u9n8Y,268,521.5,522.08,"O que eu faço, mano?",0,0,,,0,0,0,0,0,0,0,0
VvTJJ6u9n8Y,269,523.42,524.42,"Tem que ficar aqui, pelo menos.",0,0,,,0,0,0,0,0,0,0,0
VvTJJ6u9n8Y,270,524.76,525.78,"Pelo menos que eu vou se matar, né?",0,0,,,0,0,0,0,0,0,0,0
VvTJJ6u9n8Y,271,529.09,529.97,Tem flash aqui.,0,0,,,0,0,0,0,0,0,0,0
VvTJJ6u9n8Y,272,530.09,530.85,"Meu Deus, cara!",0,0,,,0,0,0,0,0,0,0,0
VvTJJ6u9n8Y,273,530.91,531.57,"Morre, seu f***dido.",0,0,,,0,0,0,0,0,0,0,0
VvTJJ6u9n8Y,274,531.63,531.89,Tá bom.,0,0,,,0,0,0,0,0,0,0,0
VvTJJ6u9n8Y,275,532.73,533.71,"Ele flashou também, né?",0,0,,,0,0,0,0,0,0,0,0
VvTJJ6u9n8Y,276,533.71,535.55,"Flash pro flash, mas foi bom pra mim não, mano",0,0,,,0,0,0,0,0,0,0,0
VvTJJ6u9n8Y,277,535.55,537.39,Fez de muito stack de,0,0,,,0,0,0,0,0,0,0,0
VvTJJ6u9n8Y,278,537.39,538.87,Black fresco zudo,0,0,,,0,0,0,0,0,0,0,0
VvTJJ6u9n8Y,279,538.87,541.35,"Cara, olha o dive do meu Junko, mano",0,0,,,0,0,0,0,0,0,0,0
VvTJJ6u9n8Y,280,541.35,542.23,"O que é isso aqui, mano?",0,0,,,0,0,0,0,0,0,0,0
VvTJJ6u9n8Y,281,542.75,544.27,"Meu sobrenome é Nazieri, mano",0,0,,,0,0,0,0,0,0,0,0
VvTJJ6u9n8Y,282,544.27,545.69,Sobrenome é limão zudo,0,0,,,0,0,0,0,0,0,0,0
VvTJJ6u9n8Y,283,545.69,547.95,"Vai de maré ali, vai, mano",0,0,,,0,0,0,0,0,0,0,0
VvTJJ6u9n8Y,284,547.95,550.27,"Cara, que play podre, mano",0,0,,,0,0,0,0,0,0,0,0
VvTJJ6u9n8Y,285,550.27,552.31,"Não tá tão podre assim não, mano",0,0,,,0,0,0,0,0,0,0,0
VvTJJ6u9n8Y,286,552.31,558.6,"Tá bom, mano, eu tenho a TheLodge",0,0,,,0,0,0,0,0,0,0,0
VvTJJ6u9n8Y,287,558.6,561.14,"Mano, essa minha kit tá favelando demais, mano",0,0,,,0,0,0,0,0,0,0,0
VvTJJ6u9n8Y,288,561.14,561.8,Que porra é essa?,0,0,,,0,0,0,0,0,0,0,0
VvTJJ6u9n8Y,289,562.46,563.44,"Olha o Seraphine zudo, o que é isso?",0,0,,,0,0,0,0,0,0,0,0
VvTJJ6u9n8Y,290,563.52,565.08,"Ok, Branco de César é a Seraphine zudo, ok",0,0,,,0,0,0,0,0,0,0,0
VvTJJ6u9n8Y,291,565.08,566.96,"Foi isso, porra, close",0,0,,,0,0,0,0,0,0,0,0
VvTJJ6u9n8Y,292,566.96,567.68,Ou não,0,0,,,0,0,0,0,0,0,0,0
VvTJJ6u9n8Y,293,567.68,570.68,"Mano, que Gragas horrível! E que isso?",0,0,,,0,0,0,0,0,0,0,0
VvTJJ6u9n8Y,294,570.68,572.68,"Mano, que Gragas podre, mano, e que isso?",0,0,,,0,0,0,0,0,0,0,0
VvTJJ6u9n8Y,295,572.68,582.21,"Eu quero pegar medalha de atum, esse débil, esse débil",0,0,,,0,0,0,0,0,0,0,0
VvTJJ6u9n8Y,296,582.21,584.21,"Eu tenho Soraka, tanto faz pra mim, mano",0,0,,,0,0,0,0,0,0,0,0
VvTJJ6u9n8Y,297,584.21,593.22,"Ignite dele, tá bom",0,0,,,0,0,0,0,0,0,0,0
VvTJJ6u9n8Y,298,593.22,595.22,"Vou botar a minha side aqui, mano",0,0,,,0,0,0,0,0,0,0,0
VvTJJ6u9n8Y,299,595.22,597.22,Não sei nem se botou no Invisalign,0,0,,,0,0,0,0,0,0,0,0
VvTJJ6u9n8Y,300,597.22,599.22,"Tô pegando e evitando, evitando do gamesão",0,0,,,0,0,0,0,0,0,0,0
VvTJJ6u9n8Y,301,599.22,603.22,Indígenas servem para pessoas criarem novas formas de ligamento,0,0,,,0,0,0,0,0,0,0,0
VvTJJ6u9n8Y,302,603.22,605.22,"Ah, então, beleza, então",0,0,,,0,0,0,0,0,0,0,0
VvTJJ6u9n8Y,303,605.22,607.22,"Tá bom então, então é isso",0,0,,,0,0,0,0,0,0,0,0
VvTJJ6u9n8Y,304,607.22,609.22,Chegando a Playzuda,0,0,,,0,0,0,0,0,0,0,0
VvTJJ6u9n8Y,305,609.22,612.17,"Cheguei, mano",0,0,,,0,0,0,0,0,0,0,0
VvTJJ6u9n8Y,306,612.17,615.44,Cheguei na festa do Pinnit,0,0,,,0,0,0,0,0,0,0,0
VvTJJ6u9n8Y,307,615.44,625.6,"Ai, meu Deus! Tô morto, tô morto",0,0,,,0,0,0,0,0,0,0,0
VvTJJ6u9n8Y,308,625.6,626.7,"Vamos aí pro bar, tudo faz",0,0,,,0,0,0,0,0,0,0,0
VvTJJ6u9n8Y,309,626.7,630.02,"Cara, eu tô forte pra cacete agora, mano",0,0,,,0,0,0,0,0,0,0,0
VvTJJ6u9n8Y,310,630.02,632.28,"Tô forte pra cacete, mano",0,0,,,0,0,0,0,0,0,0,0
VvTJJ6u9n8Y,311,632.28,632.76,Cê deve dar zuba,0,0,,,0,0,0,0,0,0,0,0
VvTJJ6u9n8Y,312,632.76,635.38,"Obrigadão pelo sub, mano",0,0,,,0,0,0,0,0,0,0,0
VvTJJ6u9n8Y,313,635.38,637.22,"Que é nóis, Negocio, tamo junto, mano",0,0,,,0,0,0,0,0,0,0,0
VvTJJ6u9n8Y,314,637.22,639.26,"Obrigadão pelo sub, Negocio",0,0,,,0,0,0,0,0,0,0,0
VvTJJ6u9n8Y,315,639.26,640.38,"Que é nóis, Negocio, tamo junto, mano",0,0,,,0,0,0,0,0,0,0,0
VvTJJ6u9n8Y,316,640.38,644.08,"Ai, nem fodendo, cara",0,0,,,0,0,0,0,0,0,0,0
VvTJJ6u9n8Y,317,644.08,653.02,"Ok, pronto, sempre",0,0,,,0,0,0,0,0,0,0,0
VvTJJ6u9n8Y,318,653.02,654.66,"Oh, ok, ok",0,0,,,0,0,0,0,0,0,0,0
VvTJJ6u9n8Y,319,654.66,661.16,"Pronto, sempre, caçando fuzudo",0,0,,,0,0,0,0,0,0,0,0
VvTJJ6u9n8Y,320,661.16,661.82,"Ok, pronto, sempre",0,0,,,0,0,0,0,0,0,0,0
VvTJJ6u9n8Y,321,661.82,665.52,"Nossa, mano, depois os blunders vão ficar gostosinhos",0,0,,,0,0,0,0,0,0,0,0
VvTJJ6u9n8Y,322,665.52,666.54,"Escalar de caçadinho, mano",0,0,,,0,0,0,0,0,0,0,0
VvTJJ6u9n8Y,323,666.54,669.58,"Os blunders vão chegar essa merda logo, mano",0,0,,,0,0,0,0,0,0,0,0
VvTJJ6u9n8Y,324,669.58,673.76,"Deixa eu tepar aqui pra ele suprar o levamento de dois, mano",0,0,,,0,0,0,0,0,0,0,0
VvTJJ6u9n8Y,325,673.76,677.04,"Cara, eu vou dar chaser infinito aqui, mano",0,0,,,0,0,0,0,0,0,0,0
VvTJJ6u9n8Y,326,677.04,680.99,"Não me sola aqui não, mano",0,0,,,0,0,0,0,0,0,0,0
VvTJJ6u9n8Y,327,680.99,686.12,"Nossa, quase me solou ainda, cara",0,0,,,0,0,0,0,0,0,0,0
VvTJJ6u9n8Y,328,686.12,686.74,Que isso,0,0,,,0,0,0,0,0,0,0,0
VvTJJ6u9n8Y,329,686.74,693.43,"Beleza, então, o cara se matou, que débil",0,0,,,0,0,0,0,0,0,0,0
VvTJJ6u9n8Y,330,693.43,695.01,"A pessoa quer me matar eu, mano",0,0,,,0,0,0,0,0,0,0,0
VvTJJ6u9n8Y,331,695.01,696.41,"Mãe também, né",0,0,,,0,0,0,0,0,0,0,0
VvTJJ6u9n8Y,332,696.41,697.73,"Cara, se por acaso",0,0,,,0,0,0,0,0,0,0,0
VvTJJ6u9n8Y,333,697.73,701.23,"Caralho, mano",1,1,caralho,sexual_degradante,0,0,1,0,0,0,0,0
VvTJJ6u9n8Y,334,701.23,703.15,"Que merda é essa? O que o seu bicho tá fazendo aqui, mano?",0,0,,,0,0,0,0,0,0,0,0
VvTJJ6u9n8Y,335,703.21,723.04,O que é isso? Ele vai ser,0,0,,,0,0,0,0,0,0,0,0
VvTJJ6u9n8Y,336,723.04,723.8,estuprado.,0,0,,,0,0,0,0,0,0,0,0
VvTJJ6u9n8Y,337,725.44,727.22,"É, deu merda. Pronto, você é o caçadinho,",0,0,,,0,0,0,0,0,0,0,0
VvTJJ6u9n8Y,338,727.34,728.28,"ok? Pronto. Vem cá, vem cá.",0,0,,,0,0,0,0,0,0,0,0
VvTJJ6u9n8Y,339,728.92,730.28,"Me cura, calma. Joga slow, joga slow.",0,0,,,0,0,0,0,0,0,0,0
VvTJJ6u9n8Y,340,733.74,734.4,"Beleza, tá bom.",0,0,,,0,0,0,0,0,0,0,0
VvTJJ6u9n8Y,341,735.52,737.6,Pretinho cinza lento mandou dois reais.,0,0,,,0,0,0,0,0,0,0,0
VvTJJ6u9n8Y,342,737.6,738.46,"Ô, louco, salva, mano.",0,0,,,0,0,0,0,0,0,0,0
VvTJJ6u9n8Y,343,738.54,741.66,"Boa noite, Yoki. Você faz racismo com seus familiares",0,0,,,0,0,0,0,0,0,0,0
VvTJJ6u9n8Y,344,741.66,743.46,"também? Não. Tipo, com seus",0,0,,,0,0,0,0,0,0,0,0
VvTJJ6u9n8Y,345,743.46,745.68,primos baianos? Ou se acha,0,0,,,0,0,0,0,0,0,0,0
VvTJJ6u9n8Y,346,745.68,747.5,que racismo e nazismo na vida,0,0,,,0,0,0,0,0,0,0,0
VvTJJ6u9n8Y,347,747.5,749.68,real é algo estranho? É de boa,0,0,,,0,0,0,0,0,0,0,0
VvTJJ6u9n8Y,348,749.68,750.96,"até. Cara,",0,0,,,0,0,0,0,0,0,0,0
VvTJJ6u9n8Y,349,750.96,757.96,"Cara, entendi uma coisa, eu não faço racismo com ninguém da minha família, minha família é branca, eu sou imbecil.",0,0,,,0,0,0,0,0,0,0,0
VvTJJ6u9n8Y,350,757.96,762.96,"Cara, por que você fala que minha família é preta, cearense, baiana, que porra é essa, mano?",0,0,,,0,0,0,0,0,0,0,0
VvTJJ6u9n8Y,351,762.96,766.96,"O que faz você pensar que minha família é cearense, baiana, que que é isso?",0,0,,,0,0,0,0,0,0,0,0
VvTJJ6u9n8Y,352,766.96,772.9,"Cara, cadê esse negócio, mano?",0,0,,,0,0,0,0,0,0,0,0
VvTJJ6u9n8Y,353,772.9,774.9,"Ok, save zoom.",0,0,,,0,0,0,0,0,0,0,0
VvTJJ6u9n8Y,354,776.9,785.8,"Nossa, que isso, bugou meu ar, que isso? Bugou, mano, meu ar em minhas unhas.",0,0,,,0,0,0,0,0,0,0,0
VvTJJ6u9n8Y,355,785.8,788.08,"Ah, mas bugou, mano. Que porra é essa, cara?",0,0,,,0,0,0,0,0,0,0,0
VvTJJ6u9n8Y,356,788.1,788.98,"Eu saí os dois juntos, parece.",0,0,,,0,0,0,0,0,0,0,0
VvTJJ6u9n8Y,357,792.47,793.91,"Ó, os caras chutaram demais, mano.",0,0,,,0,0,0,0,0,0,0,0
VvTJJ6u9n8Y,358,793.93,794.63,É o placar do rei.,0,0,,,0,0,0,0,0,0,0,0
VvTJJ6u9n8Y,359,795.81,796.67,"Salve, neguixo. Salve.",0,0,,,0,0,0,0,0,0,0,0
VvTJJ6u9n8Y,360,798.27,799.53,"Salve, salve, salve, neguixo.",0,0,,,0,0,0,0,0,0,0,0
VvTJJ6u9n8Y,361,800.17,801.29,"Ai, tá bugado.",0,0,,,0,0,0,0,0,0,0,0
VvTJJ6u9n8Y,362,801.39,802.33,"Pique de EG, mano.",0,0,,,0,0,0,0,0,0,0,0
VvTJJ6u9n8Y,363,802.51,803.69,Eu não sei se ele tá bugado.,0,0,,,0,0,0,0,0,0,0,0
F7XtKG59y4Q,1,0.0,0.98,E o Han do Izudo?,0,0,,,0,0,0,0,0,0,0,0
F7XtKG59y4Q,2,1.08,1.62,Eu vou...,0,0,,,0,0,0,0,0,0,0,0
F7XtKG59y4Q,3,1.62,3.1,"Acho que eu morri aqui, que bosta, hein?",0,0,,,0,0,0,0,0,0,0,0
F7XtKG59y4Q,4,5.02,6.4,"Não é que eu morro aqui, mano?",0,0,,,0,0,0,0,0,0,0,0
F7XtKG59y4Q,5,8.57,9.31,"Meu Deus, cara!",0,0,,,0,0,0,0,0,0,0,0
F7XtKG59y4Q,6,9.57,10.21,Eu vou comer tudo!,0,0,,,0,0,0,0,0,0,0,0
F7XtKG59y4Q,7,10.47,10.85,Meu Deus!,0,0,,,0,0,0,0,0,0,0,0
F7XtKG59y4Q,8,11.75,12.75,"Não, seu pedaço!",0,0,,,0,0,0,0,0,0,0,0
F7XtKG59y4Q,9,12.89,14.03,"Não, seu pedaço, não!",0,0,,,0,0,0,0,0,0,0,0
F7XtKG59y4Q,10,14.39,15.05,Seu pedaço!,0,0,,,0,0,0,0,0,0,0,0
F7XtKG59y4Q,11,15.33,15.75,Seu pedaço!,0,0,,,0,0,0,0,0,0,0,0
F7XtKG59y4Q,12,15.93,16.83,"Meu Deus, não, seu pedaço!",0,0,,,0,0,0,0,0,0,0,0
F7XtKG59y4Q,13,17.43,18.03,"Não, beleza, ok.",0,0,,,0,0,0,0,0,0,0,0
F7XtKG59y4Q,14,20.75,21.79,"Mano, ele chutou muito.",0,0,,,0,0,0,0,0,0,0,0
F7XtKG59y4Q,15,22.35,23.95,Seu pedaço!,0,0,,,0,0,0,0,0,0,0,0
E3ToJX4yMXM,1,0.0,3.46,"Cara, nessa partida azul aqui, eu tive simplesmente uma atuação lendária, tá bom?",0,0,,,0,0,0,0,0,0,0,0
E3ToJX4yMXM,2,3.48,4.58,"Com 10 de campo, lendária.",0,0,,,0,0,0,0,0,0,0,0
E3ToJX4yMXM,3,4.86,7.34,"Foi assim, mano, papo de final de Copa do Mundo, entendeu?",0,0,,,0,0,0,0,0,0,0,0
E3ToJX4yMXM,4,7.74,10.76,"De Maradona, de PLA, mano, foi outro nível, outro nível.",0,0,,,0,0,0,0,0,0,0,0
E3ToJX4yMXM,5,11.3,13.72,"Cara, basicamente o meu time tinha caído ban de randos, mano.",0,0,,,0,0,0,0,0,0,0,0
E3ToJX4yMXM,6,13.76,15.24,"E um desses randos era o Juqueira, tá bom?",0,0,,,0,0,0,0,0,0,0,0
E3ToJX4yMXM,7,15.52,18.22,"E eu não pude dar dodge, porque eu tava em live e eu sou um alfa, né?",0,0,,,0,0,0,0,0,0,0,0
E3ToJX4yMXM,8,18.22,19.14,"Não dou dodge em live, né?",0,0,,,0,0,0,0,0,0,0,0
E3ToJX4yMXM,9,19.7,20.46,"Aí fudeu, mano.",0,0,,,0,0,0,0,0,0,0,0
E3ToJX4yMXM,10,20.56,22.76,"Picaram o Castanho contra mim e piquei o Camisa 10, né?",0,0,,,0,0,0,0,0,0,0,0
E3ToJX4yMXM,11,22.82,24.86,Pra ver se algum otário ia fazer a boa pra mim e dar dodge.,0,0,,,0,0,0,0,0,0,0,0
E3ToJX4yMXM,12,25.22,26.7,"Só que ninguém deu dodge, aí fudeu.",0,0,,,0,0,0,0,0,0,0,0
E3ToJX4yMXM,13,26.7,28.48,E como que você não levava ban?,0,0,,,0,0,0,0,0,0,0,0
E3ToJX4yMXM,14,28.48,31.52,É porque eu tinha simplesmente uma estratégia proibida,0,0,,,0,0,0,0,0,0,0,0
E3ToJX4yMXM,15,31.52,32.88,"Primeiro, você...",0,0,,,0,0,0,0,0,0,0,0
E3ToJX4yMXM,16,32.88,34.0,"Eu acho que nesse vídeo eu vou mostrar, inclusive",0,0,,,0,0,0,0,0,0,0,0
E3ToJX4yMXM,17,34.0,35.0,"Olha isso aqui, mano",0,0,,,0,0,0,0,0,0,0,0
E3ToJX4yMXM,18,35.0,36.68,Você aperta S para o campeão,0,0,,,0,0,0,0,0,0,0,0
E3ToJX4yMXM,19,36.68,37.44,"Vem aqui, ó, clica",0,0,,,0,0,0,0,0,0,0,0
E3ToJX4yMXM,20,37.44,38.5,Abandonar a partida,0,0,,,0,0,0,0,0,0,0,0
E3ToJX4yMXM,21,38.5,38.78,Olha aqui,0,0,,,0,0,0,0,0,0,0,0
E3ToJX4yMXM,22,38.78,40.34,"Mano, a minha voz é sempre aquele esquisitaça",0,0,,,0,0,0,0,0,0,0,0
E3ToJX4yMXM,23,40.34,40.82,Ou nada a ver,0,0,,,0,0,0,0,0,0,0,0
E3ToJX4yMXM,24,40.82,43.08,"Não, na real, minha voz sempre foi voz de alfa, né, mano?",0,0,,,0,0,0,0,0,0,0,0
E3ToJX4yMXM,25,43.36,44.2,"Sempre fui um alfa, né?",0,0,,,0,0,0,0,0,0,0,0
E3ToJX4yMXM,26,44.4,46.04,"Minha voz sedutora aí, mano",0,0,,,0,0,0,0,0,0,0,0
E3ToJX4yMXM,27,46.04,48.28,"Parece de narrador de rádio, tá bom?",0,0,,,0,0,0,0,0,0,0,0
E3ToJX4yMXM,28,48.56,50.06,"Narrador de, mano...",0,0,,,0,0,0,0,0,0,0,0
E3ToJX4yMXM,29,50.06,51.02,"Futebol, etc",0,0,,,0,0,0,0,0,0,0,0
E3ToJX4yMXM,30,51.02,52.24,Como é que eu sou um gênio?,0,0,,,0,0,0,0,0,0,0,0
E3ToJX4yMXM,31,52.26,53.4,"Eu vou bombando 2x0, bicho",0,0,,,0,0,0,0,0,0,0,0
E3ToJX4yMXM,32,53.4,54.42,"Calma, relaxou, rapaz",0,0,,,0,0,0,0,0,0,0,0
E3ToJX4yMXM,33,54.42,55.2,"É agora, olha aqui, mano",0,0,,,0,0,0,0,0,0,0,0
E3ToJX4yMXM,34,55.2,56.14,"Aí você clica aqui pra frente, ó",0,0,,,0,0,0,0,0,0,0,0
E3ToJX4yMXM,35,56.14,56.7,Clica pra frente,0,0,,,0,0,0,0,0,0,0,0
E3ToJX4yMXM,36,56.7,58.7,"Aí você manda assim no chat, caralho",1,1,caralho,sexual_degradante,0,0,1,0,0,0,0,0
E3ToJX4yMXM,37,58.7,60.58,"Mano, olha como é que funcionava",0,0,,,0,0,0,0,0,0,0,0
E3ToJX4yMXM,38,60.58,62.08,"O Juqueiro tava de Onimid, tá bom",0,0,,,0,0,0,0,0,0,0,0
E3ToJX4yMXM,39,62.08,64.36,Nessa época pra mim tá sem tomar ban,0,0,,,0,0,0,0,0,0,0,0
E3ToJX4yMXM,40,64.36,66.06,Olha o que eu tinha pensado,0,0,,,0,0,0,0,0,0,0,0
E3ToJX4yMXM,41,66.06,67.98,E eu testei e funcionava toda hora,0,0,,,0,0,0,0,0,0,0,0
E3ToJX4yMXM,42,67.98,69.82,"Basicamente era o seguinte, rapaziada",0,0,,,0,0,0,0,0,0,0,0
E3ToJX4yMXM,43,69.82,72.8,"Eu picava o 10, aí pra mim tá sem levar ban",0,0,,,0,0,0,0,0,0,0,0
E3ToJX4yMXM,44,72.8,73.86,Eu simplesmente,0,0,,,0,0,0,0,0,0,0,0
E3ToJX4yMXM,45,73.86,76.66,"Clicava em quitar, na hora que eu morrer",0,0,,,0,0,0,0,0,0,0,0
E3ToJX4yMXM,46,76.66,78.34,"Aí meu campeão morria, por exemplo",0,0,,,0,0,0,0,0,0,0,0
E3ToJX4yMXM,47,78.34,79.88,Na base dos caras e quitava,0,0,,,0,0,0,0,0,0,0,0
E3ToJX4yMXM,48,79.88,82.54,"Aí meu campeão morria, beleza, acabava o jogo",0,0,,,0,0,0,0,0,0,0,0
E3ToJX4yMXM,49,82.54,83.88,Os caras reportavam e eu comia levar ban,0,0,,,0,0,0,0,0,0,0,0
E3ToJX4yMXM,50,83.88,85.38,Só que no ticket eu mandava,0,0,,,0,0,0,0,0,0,0,0
E3ToJX4yMXM,51,85.38,88.14,Que eu joguei mal na partida por causa da internet,0,0,,,0,0,0,0,0,0,0,0
E3ToJX4yMXM,52,88.14,90.34,"É, eu morri, que minhas mortes foram",0,0,,,0,0,0,0,0,0,0,0
E3ToJX4yMXM,53,90.34,91.72,"Na hora da play, a internet me caía",0,0,,,0,0,0,0,0,0,0,0
E3ToJX4yMXM,54,91.72,93.84,E ia lá o sistema da Riot e me desbania,0,0,,,0,0,0,0,0,0,0,0
E3ToJX4yMXM,55,93.84,96.0,"Só que hoje em dia o sistema judaico mudou, tá bom",0,0,,,0,0,0,0,0,0,0,0
E3ToJX4yMXM,56,96.0,98.3,"Hoje em dia essa minha tática não funciona mais, tá bom",0,0,,,0,0,0,0,0,0,0,0
E3ToJX4yMXM,57,98.3,99.72,O sistema judaico evoluiu,0,0,,,0,0,0,0,0,0,0,0
E3ToJX4yMXM,58,99.72,101.4,"E agora realmente não dá mais, mano",0,0,,,0,0,0,0,0,0,0,0
E3ToJX4yMXM,59,101.4,102.38,Ele é o Banyway agora,0,0,,,0,0,0,0,0,0,0,0
E3ToJX4yMXM,60,102.38,105.34,"Mas nessa época ele funcionava, cara",0,0,,,0,0,0,0,0,0,0,0
E3ToJX4yMXM,61,105.34,107.94,"Nessa época, mano, tática lendária azuda",0,0,,,0,0,0,0,0,0,0,0
E3ToJX4yMXM,62,107.94,109.5,Tá caindo de vez em quando,0,0,,,0,0,0,0,0,0,0,0
E3ToJX4yMXM,63,109.5,111.06,"Olha isso que eu mandava no chat, mano",0,0,,,0,0,0,0,0,0,0,0
E3ToJX4yMXM,64,111.06,112.3,De vez em quando tá caindo a internet,0,0,,,0,0,0,0,0,0,0,0
E3ToJX4yMXM,65,112.3,114.04,De vez em quando tá caindo a internet,0,0,,,0,0,0,0,0,0,0,0
E3ToJX4yMXM,66,114.04,126.64,você vem aqui tá ligado aí você não chega tá ligado aí o vaso lado calma aí aqui ó só como,0,0,,,0,0,0,0,0,0,0,0
E3ToJX4yMXM,67,126.64,143.2,minha neto tá caindo essa merda caiu o cara não quer pedir que maldito maluco podre cara que,0,0,,,0,0,0,0,0,0,0,0
E3ToJX4yMXM,68,143.2,147.82,porra é essa mano muito bom bate-me internet tá querendo mesmo quando a hora que eu vou dar um,0,0,,,0,0,0,0,0,0,0,0
E3ToJX4yMXM,69,147.82,154.78,cheiro meu Deus cara meu Deus bate-me vai tomar no cu mano eu lembro que essa parte daqui eu venci,0,0,,,0,0,0,0,0,0,0,0
E3ToJX4yMXM,70,154.78,157.38,"Eu vou tentar mostrar o final dela aqui na visão do Juqueira, rapaziada",0,0,,,0,0,0,0,0,0,0,0
E3ToJX4yMXM,71,157.38,158.78,"Cara, olha aqui agora, mano",0,0,,,0,0,0,0,0,0,0,0
E3ToJX4yMXM,72,158.78,159.48,"Olha isso aqui, mano",0,0,,,0,0,0,0,0,0,0,0
E3ToJX4yMXM,73,159.48,160.56,Acabou a partida,0,0,,,0,0,0,0,0,0,0,0
E3ToJX4yMXM,74,160.56,162.3,Eu entrando com 10 de campo,0,0,,,0,0,0,0,0,0,0,0
E3ToJX4yMXM,75,162.3,163.18,E a gente ganhou o jogo,0,0,,,0,0,0,0,0,0,0,0
E3ToJX4yMXM,76,163.18,164.1,"Eu falo, cara",0,0,,,0,0,0,0,0,0,0,0
E3ToJX4yMXM,77,164.1,166.08,"Quando eu pico o Caçadinho, eu só ganho se eu dar vida",0,0,,,0,0,0,0,0,0,0,0
E3ToJX4yMXM,78,166.08,168.24,"Aí eu pico outro campeão e eu ganho pós-mose, cara",0,0,,,0,0,0,0,0,0,0,0
E3ToJX4yMXM,79,168.24,168.68,Olha essa merda,0,0,,,0,0,0,0,0,0,0,0
E3ToJX4yMXM,80,168.68,170.12,"Eu falo, o Caçador tem um imã",0,0,,,0,0,0,0,0,0,0,0
E3ToJX4yMXM,81,170.12,172.54,"De puxar pessoas inferiores pro seu time, tá bom?",0,0,,,0,0,0,0,0,0,0,0
E3ToJX4yMXM,82,172.58,173.8,"Tem um imã, tem um imã",0,0,,,0,0,0,0,0,0,0,0
E3ToJX4yMXM,83,173.8,175.7,"Aí eu pico qualquer outro campeão e eu ganho pós-mose, cara",0,0,,,0,0,0,0,0,0,0,0
E3ToJX4yMXM,84,175.7,176.82,"Eu ganho o jogo, eu ganho o jogo",0,0,,,0,0,0,0,0,0,0,0
E3ToJX4yMXM,85,176.82,180.32,"Olha aqui o Caçadinho que picou meu Chambers, fudido, mano",0,0,,,0,0,0,0,0,0,0,0
E3ToJX4yMXM,86,180.32,182.26,"O cara, mano, o cara buildou que nem uma puta",1,1,puta,xingamentos_genero,0,0,0,0,1,0,0,0
E3ToJX4yMXM,87,182.26,184.16,"Que nem uma cadeira, o cara fez full armadura, mano",0,0,,,0,0,0,0,0,0,0,0
E3ToJX4yMXM,88,184.16,185.48,"Ridículo, ridículo, patético",0,0,,,0,0,0,0,0,0,0,0
E3ToJX4yMXM,89,185.48,187.78,"Cara, o cara me deu, mano",0,0,,,0,0,0,0,0,0,0,0
E3ToJX4yMXM,90,187.78,189.56,"Eu lembro que o Juker me deu bloco em tudo, mano",0,0,,,0,0,0,0,0,0,0,0
E3ToJX4yMXM,91,189.56,191.66,"No LOL, no Twitter, fui bizonho isso aqui, mano",0,0,,,0,0,0,0,0,0,0,0
E3ToJX4yMXM,92,191.66,193.84,"Olha essa merda, cara",0,0,,,0,0,0,0,0,0,0,0
E3ToJX4yMXM,93,193.84,195.98,"Caralho, mano",1,1,caralho,sexual_degradante,0,0,1,0,0,0,0,0
E3ToJX4yMXM,94,195.98,197.84,Sabe o engraçado? Minha conta levou ban,0,0,,,0,0,0,0,0,0,0,0
E3ToJX4yMXM,95,197.84,199.62,Só que por causa da minha tática,0,0,,,0,0,0,0,0,0,0,0
E3ToJX4yMXM,96,199.62,201.16,Que eu falei agora há pouco,0,0,,,0,0,0,0,0,0,0,0
E3ToJX4yMXM,97,201.16,204.02,"A Riot foi lá e esborou minha conta, que eu mandei um tiquezão lá",0,0,,,0,0,0,0,0,0,0,0
E3ToJX4yMXM,98,204.02,205.2,Falei que minha internet tava podre,0,0,,,0,0,0,0,0,0,0,0
E3ToJX4yMXM,99,205.2,207.48,Que as plays que eu morri foi por causa da internet,0,0,,,0,0,0,0,0,0,0,0
E3ToJX4yMXM,100,207.48,209.3,E eu colhei meu desban depois,0,0,,,0,0,0,0,0,0,0,0
E3ToJX4yMXM,101,209.3,211.14,"Cara, eu lembro",0,0,,,0,0,0,0,0,0,0,0
E3ToJX4yMXM,102,211.14,212.92,"Veio um monte de gay, um monte de mulher",0,0,,,0,0,0,0,0,0,0,0
E3ToJX4yMXM,103,212.92,215.04,"Isso aqui é live da bolha, já sabe como é que é, né",0,0,,,0,0,0,0,0,0,0,0
E3ToJX4yMXM,104,215.04,217.62,"Pessoa viu, mano, uma infestação de viado",1,1,viado,homofobia_misoginia,0,0,0,0,0,1,0,0
E3ToJX4yMXM,105,217.62,219.26,"E mulheres na minha live, cara, meu Deus",0,0,,,0,0,0,0,0,0,0,0
E3ToJX4yMXM,106,219.26,221.54,"Chamaram de machista, homofóbico",0,0,,,0,0,0,0,0,0,0,0
E3ToJX4yMXM,107,221.54,222.74,Não que eu não seja,0,0,,,0,0,0,0,0,0,0,0
E3ToJX4yMXM,108,222.74,225.28,"Calma aí também, calma aí também",0,0,,,0,0,0,0,0,0,0,0
E3ToJX4yMXM,109,225.28,226.78,"Mano, meu Deus, cara",0,0,,,0,0,0,0,0,0,0,0
E3ToJX4yMXM,110,226.78,229.74,"Feeding, trapaça, atitude e abuso",0,0,,,0,0,0,0,0,0,0,0
E3ToJX4yMXM,111,229.74,230.36,"Não dá, então tira o trapaça e o abuso",0,0,,,0,0,0,0,0,0,0,0
E3ToJX4yMXM,112,230.36,232.12,"Script, vamos dar script, zudo",0,0,,,0,0,0,0,0,0,0,0
E3ToJX4yMXM,113,232.12,235.32,"Caralho, muito, mano",1,1,caralho,sexual_degradante,0,0,1,0,0,0,0,0
E3ToJX4yMXM,114,235.32,237.62,"Cara, o Juqueira ficou",0,0,,,0,0,0,0,0,0,0,0
E3ToJX4yMXM,115,237.62,239.82,"Mano, o cara ficou, tipo assim, truputo, mano",0,0,,,0,0,0,0,0,0,0,0
E3ToJX4yMXM,116,239.82,241.58,O cara ficou olhando com a cara assim,0,0,,,0,0,0,0,0,0,0,0
E3ToJX4yMXM,117,241.58,244.1,"Despesa do camisa 10-1, cara, que porra é essa, mano",0,0,,,0,0,0,0,0,0,0,0
E3ToJX4yMXM,118,244.1,245.52,Deixa eu ver o dano,0,0,,,0,0,0,0,0,0,0,0
E3ToJX4yMXM,119,245.52,248.08,"Caralho, que que é isso? O dano que eu dei no game, cara",1,1,caralho,sexual_degradante,0,0,1,0,0,0,0,0
E3ToJX4yMXM,120,248.08,250.0,"Mano, que porra de damage",0,0,,,0,0,0,0,0,0,0,0
E3ToJX4yMXM,121,250.0,251.46,"De zuda é esse que eu dei, cara, que que é isso?",0,0,,,0,0,0,0,0,0,0,0
E3ToJX4yMXM,122,251.54,253.36,"É bug, é bug",0,0,,,0,0,0,0,0,0,0,0
E3ToJX4yMXM,123,253.36,255.5,"Cara, eu dei, que que é isso, mano",0,0,,,0,0,0,0,0,0,0,0
E3ToJX4yMXM,124,255.5,259.64,"Caralho, meu Deus, mano",1,1,caralho,sexual_degradante,0,0,1,0,0,0,0,0
E3ToJX4yMXM,125,259.64,261.8,"Cara, esse dano aqui eu não lembrava não, mano",0,0,,,0,0,0,0,0,0,0,0
E3ToJX4yMXM,126,261.8,263.52,"Dano insano, tá bom, dano insano, mano",0,0,,,0,0,0,0,0,0,0,0
E3ToJX4yMXM,127,263.52,266.28,"Carreguei a partida no V9, tá bom, sai da reta zuda",0,0,,,0,0,0,0,0,0,0,0
E3ToJX4yMXM,128,266.28,268.22,"Cara, mano, que saudades",0,0,,,0,0,0,0,0,0,0,0
E3ToJX4yMXM,129,268.22,269.08,Que eu tenho no Camisa 10,0,0,,,0,0,0,0,0,0,0,0
E3ToJX4yMXM,130,269.08,270.26,"É o seguinte, mano",0,0,,,0,0,0,0,0,0,0,0
E3ToJX4yMXM,131,270.26,272.24,"Eu vou ter que começar a loucar mais os lendários, tá bom?",0,0,,,0,0,0,0,0,0,0,0
E3ToJX4yMXM,132,272.28,273.74,"Os lendários eu chutava todo mundo, mano",0,0,,,0,0,0,0,0,0,0,0
E3ToJX4yMXM,133,273.74,274.72,"Sai da reta zuda, tá bom?",0,0,,,0,0,0,0,0,0,0,0
E3ToJX4yMXM,134,275.18,278.1,"A partir de agora eu começo a mais picar o 10 zudo pra campa, hein",0,0,,,0,0,0,0,0,0,0,0
E3ToJX4yMXM,135,278.1,279.58,Eu faço Eja,0,0,,,0,0,0,0,0,0,0,0
E3ToJX4yMXM,136,279.58,280.56,Na moral,0,0,,,0,0,0,0,0,0,0,0
E3ToJX4yMXM,137,280.56,282.68,"Eu também tenho que fazer Eja, mano",0,0,,,0,0,0,0,0,0,0,0
E3ToJX4yMXM,138,282.68,283.66,Porque eu não tenho o ensino médio,0,0,,,0,0,0,0,0,0,0,0
E3ToJX4yMXM,139,283.66,285.14,Tenho que fazer o Eja,0,0,,,0,0,0,0,0,0,0,0
E3ToJX4yMXM,140,285.14,286.02,"Porque eu tenho o ensino médio, mano",0,0,,,0,0,0,0,0,0,0,0
E3ToJX4yMXM,141,286.02,287.46,"Vou ficar com o League, tá ligado?",0,0,,,0,0,0,0,0,0,0,0
E3ToJX4yMXM,142,288.98,290.0,"Vai ficar o League zudo, mano",0,0,,,0,0,0,0,0,0,0,0
E3ToJX4yMXM,143,290.0,291.92,"E DH o chat é alto, é alto",0,0,,,0,0,0,0,0,0,0,0
E3ToJX4yMXM,144,291.92,292.78,"Vai, mano, que isso aqui?",0,0,,,0,0,0,0,0,0,0,0
E3ToJX4yMXM,145,295.52,297.22,"Mano, que flash satânico é esse?",0,0,,,0,0,0,0,0,0,0,0
E3ToJX4yMXM,146,297.26,297.98,"O cara deu, mano",0,0,,,0,0,0,0,0,0,0,0
E3ToJX4yMXM,147,297.98,299.34,"Puta que pariu, cadê o flash parado?",1,1,puta,xingamentos_genero,0,0,0,0,1,0,0,0
E3ToJX4yMXM,148,299.4,299.94,O cara é podre,0,0,,,0,0,0,0,0,0,0,0
E3ToJX4yMXM,149,299.94,301.84,"Meu Deus, aí deu merda",0,0,,,0,0,0,0,0,0,0,0
E3ToJX4yMXM,150,301.84,303.14,"O cara faz parada aqui, deu merda",0,0,,,0,0,0,0,0,0,0,0
E3ToJX4yMXM,151,303.14,305.58,"Cara, eu lembro, a gente sempre fez piada com homofobia",0,0,,,0,0,0,0,0,0,0,0
E3ToJX4yMXM,152,305.58,307.48,Começou agora o Minerva a copiar a gente,0,0,,,0,0,0,0,0,0,0,0
E3ToJX4yMXM,153,307.48,308.82,Começou também a fazer piada com homofobia,0,0,,,0,0,0,0,0,0,0,0
E3ToJX4yMXM,154,308.82,310.34,"Começou também a ser homofóbico, entendeu?",0,0,,,0,0,0,0,0,0,0,0
E3ToJX4yMXM,155,310.6,312.26,"Nossa, você criou essa merda, cara, pelo amor de Deus",0,0,,,0,0,0,0,0,0,0,0
E3ToJX4yMXM,156,312.26,315.34,"Você pode ter certeza, daqui duas semanas",0,0,,,0,0,0,0,0,0,0,0
E3ToJX4yMXM,157,315.34,316.52,Duas semanas é muito pouco tempo,0,0,,,0,0,0,0,0,0,0,0
E3ToJX4yMXM,158,316.52,319.94,"Mas daqui seis meses, vai ter a geral fazendo racismo",0,0,,,0,0,0,0,0,0,0,0
E3ToJX4yMXM,159,319.94,320.42,Tá ligado?,0,0,,,0,0,0,0,0,0,0,0
E3ToJX4yMXM,160,321.24,322.28,"Tô zoando, tô zoando",0,0,,,0,0,0,0,0,0,0,0
E3ToJX4yMXM,161,322.28,325.04,"Eu acho que, rapaziada, deixar o Void na Quick, mano",0,0,,,0,0,0,0,0,0,0,0
E3ToJX4yMXM,162,325.04,326.58,Porque na Quick não tem como você levar banner,0,0,,,0,0,0,0,0,0,0,0
E3ToJX4yMXM,163,326.58,331.85,"Caralho, o cara tá me molhando, mano",1,1,caralho,sexual_degradante,0,0,1,0,0,0,0,0
E3ToJX4yMXM,164,331.85,332.35,Que porra é essa?,0,0,,,0,0,0,0,0,0,0,0
E3ToJX4yMXM,165,333.01,334.35,Eu acho que acabou de deixar o Void na Quick.,0,0,,,0,0,0,0,0,0,0,0
E3ToJX4yMXM,166,334.63,336.39,Vou liberar o Void de ontem e de hoje na Quick.,0,0,,,0,0,0,0,0,0,0,0
E3ToJX4yMXM,167,337.95,339.13,"Nossa, tá com preguiça de matar.",0,0,,,0,0,0,0,0,0,0,0
E3ToJX4yMXM,168,339.23,339.71,O que é isso aqui?,0,0,,,0,0,0,0,0,0,0,0
E3ToJX4yMXM,169,339.89,340.51,O que é isso aqui?,0,0,,,0,0,0,0,0,0,0,0
E3ToJX4yMXM,170,340.51,341.39,"Mata o cara, mano!",0,0,,,0,0,0,0,0,0,0,0
E3ToJX4yMXM,171,342.93,344.59,"Mano, que porra de ser que tá fazendo, cara?",0,0,,,0,0,0,0,0,0,0,0
E3ToJX4yMXM,172,344.89,345.59,Debe o zudo.,0,0,,,0,0,0,0,0,0,0,0
E3ToJX4yMXM,173,349.22,350.5,"Será que eu vou morrer aqui, mano?",0,0,,,0,0,0,0,0,0,0,0
E3ToJX4yMXM,174,350.52,351.5,"Não vou flechar aqui não, mano.",0,0,,,0,0,0,0,0,0,0,0
E3ToJX4yMXM,175,353.59,354.25,"Ok, beleza.",0,0,,,0,0,0,0,0,0,0,0
E3ToJX4yMXM,176,354.31,354.93,"O hang botou, mano.",0,0,,,0,0,0,0,0,0,0,0
E3ToJX4yMXM,177,354.95,355.71,Acho que matou nem fudendo.,0,0,,,0,0,0,0,0,0,0,0
E3ToJX4yMXM,178,355.79,356.41,"Tá bom, sem o zudo.",0,0,,,0,0,0,0,0,0,0,0
E3ToJX4yMXM,179,356.95,357.79,Ele ultou e botou ninguém?,0,0,,,0,0,0,0,0,0,0,0
E3ToJX4yMXM,180,357.89,358.21,Um hang?,0,0,,,0,0,0,0,0,0,0,0
E3ToJX4yMXM,181,358.29,359.49,"Ultou ou ultou esse Debe o zudo, né?",0,0,,,0,0,0,0,0,0,0,0
E3ToJX4yMXM,182,360.65,362.93,Mataram o francês de live e não deu nada lá na Quick.,0,0,,,0,0,0,0,0,0,0,0
E3ToJX4yMXM,183,363.05,364.45,"Não, a Quick é bizarra mesmo.",0,0,,,0,0,0,0,0,0,0,0
E3ToJX4yMXM,184,364.45,366.83,"A Quick tá bizaríssima, hein, Quickzuda",0,0,,,0,0,0,0,0,0,0,0
E3ToJX4yMXM,185,366.83,368.73,"Mano, eu acho que a gente pega uma kill aqui, não é possível, mano",0,0,,,0,0,0,0,0,0,0,0
E3ToJX4yMXM,186,368.73,369.83,"Será que vai matar alguém aqui, mano?",0,0,,,0,0,0,0,0,0,0,0
E3ToJX4yMXM,187,370.17,372.15,Mas o cara foi muito preco...,0,0,,,0,0,0,0,0,0,0,0
E3ToJX4yMXM,188,372.15,373.75,"Mano, não dá reto nos caras, mano",0,0,,,0,0,0,0,0,0,0,0
E3ToJX4yMXM,189,373.75,374.19,Que isso?,0,0,,,0,0,0,0,0,0,0,0
E3ToJX4yMXM,190,377.39,378.43,"Beleza, matei a Renata aqui",0,0,,,0,0,0,0,0,0,0,0
E3ToJX4yMXM,191,378.43,379.41,"Tá oeste, mano, tá oeste",0,0,,,0,0,0,0,0,0,0,0
E3ToJX4yMXM,192,379.41,383.11,"Eu vou dar BTP e vou fechar já minha rua, já, entendeu?",0,0,,,0,0,0,0,0,0,0,0
E3ToJX4yMXM,193,383.55,384.61,Essa aqui é a Calzuda,0,0,,,0,0,0,0,0,0,0,0
E3ToJX4yMXM,194,384.61,388.64,Eu dei pra...,0,0,,,0,0,0,0,0,0,0,0
E3ToJX4yMXM,195,388.64,390.46,"Nossa, isso aqui nem é dive esse cara, não, mano",0,0,,,0,0,0,0,0,0,0,0
E3ToJX4yMXM,196,390.46,391.28,"Que fudido, mano",0,0,,,0,0,0,0,0,0,0,0
E3ToJX4yMXM,197,391.28,392.04,Pra morrer Calzudo,0,0,,,0,0,0,0,0,0,0,0
E3ToJX4yMXM,198,392.04,394.16,"Dá pra dar dive nele aqui se ele continuar, mano",0,0,,,0,0,0,0,0,0,0,0
E3ToJX4yMXM,199,394.16,396.64,"Não, isso aqui nem é dive",0,0,,,0,0,0,0,0,0,0,0
E3ToJX4yMXM,200,396.64,398.04,"Que porra, isso aqui dive o cara, mano",0,0,,,0,0,0,0,0,0,0,0
E3ToJX4yMXM,201,398.04,400.26,"Nossa, tem ult, barreira, flecha, porra toda",0,0,,,0,0,0,0,0,0,0,0
E3ToJX4yMXM,202,400.26,402.86,Vou ter parido,0,0,,,0,0,0,0,0,0,0,0
E3ToJX4yMXM,203,402.86,403.78,"Nossa, o cara morreu ainda",0,0,,,0,0,0,0,0,0,0,0
E3ToJX4yMXM,204,403.78,404.18,"Boa, tá",0,0,,,0,0,0,0,0,0,0,0
E3ToJX4yMXM,205,404.18,405.76,"Pera aí, meu recalço, fudidão",0,0,,,0,0,0,0,0,0,0,0
E3ToJX4yMXM,206,405.76,407.74,"Pera aí, meu recalzudo aí, mano",0,0,,,0,0,0,0,0,0,0,0
E3ToJX4yMXM,207,407.74,408.84,Ok,0,0,,,0,0,0,0,0,0,0,0
E3ToJX4yMXM,208,408.84,410.58,"Cara, eu vou me invadir tudo no meio",0,0,,,0,0,0,0,0,0,0,0
E3ToJX4yMXM,209,410.58,411.38,Vou ficar descendo aqui,0,0,,,0,0,0,0,0,0,0,0
E3ToJX4yMXM,210,411.38,412.86,Acho que essa aqui vai ser a recalzuda,0,0,,,0,0,0,0,0,0,0,0
E3ToJX4yMXM,211,412.86,414.76,A gente matou um Rengar aqui também,0,0,,,0,0,0,0,0,0,0,0
E3ToJX4yMXM,212,414.76,416.18,Ou o Rengar flechou e ele tá morto ali,0,0,,,0,0,0,0,0,0,0,0
E3ToJX4yMXM,213,416.18,417.92,"Que isso, cara?",0,0,,,0,0,0,0,0,0,0,0
E3ToJX4yMXM,214,417.94,418.88,"Que porra é essa, mano?",0,0,,,0,0,0,0,0,0,0,0
E3ToJX4yMXM,215,420.2,421.66,"Ele tá muito suposto aí, mano",0,0,,,0,0,0,0,0,0,0,0
E3ToJX4yMXM,216,421.66,425.49,"Nossa, eu não sei como o cara pegou o meu recalzudo",0,0,,,0,0,0,0,0,0,0,0
E3ToJX4yMXM,217,425.49,426.39,"Mas ele tá na L, na real",0,0,,,0,0,0,0,0,0,0,0
E3ToJX4yMXM,218,426.39,429.61,Quer farmar vídeo mudando rola?,0,0,,,0,0,0,0,0,0,0,0
E3ToJX4yMXM,219,430.19,431.13,Como assim farmar vídeo?,0,0,,,0,0,0,0,0,0,0,0
E3ToJX4yMXM,220,431.31,433.93,"Mano, vocês sabem que a gente postou um vídeo",0,0,,,0,0,0,0,0,0,0,0
E3ToJX4yMXM,221,433.93,435.35,"De um dia atrás, algo assim, né?",0,0,,,0,0,0,0,0,0,0,0
E3ToJX4yMXM,222,435.71,436.53,Falando pra não mudar rola,0,0,,,0,0,0,0,0,0,0,0
E3ToJX4yMXM,223,436.53,438.83,Aí agora os próximos vídeos vai ser tudo de rola,0,0,,,0,0,0,0,0,0,0,0
E3ToJX4yMXM,224,438.83,440.61,"Os neguin vão tiltar, hein, mano",0,0,,,0,0,0,0,0,0,0,0
E3ToJX4yMXM,225,440.61,443.61,"Nossa, eu perdi em todos, foi muito bom isso aqui não, mano",0,0,,,0,0,0,0,0,0,0,0
E3ToJX4yMXM,226,443.61,445.59,"Caralho, fuzilou minha torre, mano",1,1,caralho,sexual_degradante,0,0,1,0,0,0,0,0
E3ToJX4yMXM,227,445.59,446.25,Que porra é essa?,0,0,,,0,0,0,0,0,0,0,0
E3ToJX4yMXM,228,447.61,449.09,"Broke runes, broke runes, ok",0,0,,,0,0,0,0,0,0,0,0
E3ToJX4yMXM,229,449.09,452.92,"Cara, o cara não pode pingar, mano",0,0,,,0,0,0,0,0,0,0,0
E3ToJX4yMXM,230,452.92,454.8,"Deu merda, deu merda, o pigzoo deu merda",0,0,,,0,0,0,0,0,0,0,0
E3ToJX4yMXM,231,454.8,456.88,"Eu subi torre e matei uma troca azul lá, mano",0,0,,,0,0,0,0,0,0,0,0
E3ToJX4yMXM,232,456.88,459.3,Os judeus estão por trás de 11 de setembro,0,0,,,0,0,0,0,0,0,0,0
E3ToJX4yMXM,233,459.3,460.88,E o Mozart vai treinar pelo Bin Laden,0,0,,,0,0,0,0,0,0,0,0
E3ToJX4yMXM,234,460.88,463.44,"Pô, o pior é que o Mozart é muito na minha torre mesmo",0,0,,,0,0,0,0,0,0,0,0
E3ToJX4yMXM,235,463.44,464.4,Achei bizarro isso,0,0,,,0,0,0,0,0,0,0,0
E3ToJX4yMXM,236,464.4,465.6,"Me sola aqui, mano",0,0,,,0,0,0,0,0,0,0,0
E3ToJX4yMXM,237,465.6,467.5,"Me sola acho que não, né",0,0,,,0,0,0,0,0,0,0,0
E3ToJX4yMXM,238,467.5,471.37,"Nossa, o cara me sola, mano",0,0,,,0,0,0,0,0,0,0,0
E3ToJX4yMXM,239,471.37,474.55,"Ele me sola, ele me sola mesmo, cara",0,0,,,0,0,0,0,0,0,0,0
E3ToJX4yMXM,240,474.55,475.91,"Caraca, mano",0,0,,,0,0,0,0,0,0,0,0
E3ToJX4yMXM,241,475.91,477.39,"O cara tem uma tab ninja só, mano",0,0,,,0,0,0,0,0,0,0,0
E3ToJX4yMXM,242,477.39,478.89,"Não tem nem sentido isso, que porra é essa",0,0,,,0,0,0,0,0,0,0,0
E3ToJX4yMXM,243,478.89,480.85,"É, mas eu saí daqui, eu tô suave, na real, mano",0,0,,,0,0,0,0,0,0,0,0
E3ToJX4yMXM,244,480.85,483.33,É só meu time fazer lá embaixo,0,0,,,0,0,0,0,0,0,0,0
E3ToJX4yMXM,245,483.33,485.29,"Calma aí, negão",0,0,,,0,0,0,0,0,0,0,0
E3ToJX4yMXM,246,485.29,487.27,"Que que é isso, a garota foi aqui, calma aí, cara",0,0,,,0,0,0,0,0,0,0,0
E3ToJX4yMXM,247,487.27,487.83,É um louco,0,0,,,0,0,0,0,0,0,0,0
E3ToJX4yMXM,248,487.83,491.43,"Calma aí também, mano",0,0,,,0,0,0,0,0,0,0,0
E3ToJX4yMXM,249,491.43,492.71,"Não, nem fodendo",0,0,,,0,0,0,0,0,0,0,0
E3ToJX4yMXM,250,492.71,495.95,"Ok, ok",0,0,,,0,0,0,0,0,0,0,0
E3ToJX4yMXM,251,495.95,497.31,Batei esse cara aqui agora,0,0,,,0,0,0,0,0,0,0,0
E3ToJX4yMXM,252,497.31,502.52,"Mano, ele me dá 100 e 0 assim, mano",0,0,,,0,0,0,0,0,0,0,0
E3ToJX4yMXM,253,502.52,503.12,Que louco,0,0,,,0,0,0,0,0,0,0,0
E3ToJX4yMXM,254,503.12,504.58,"Cara, eu botei fé não",0,0,,,0,0,0,0,0,0,0,0
E3ToJX4yMXM,255,504.58,505.94,"Tão dando assim em mim, mano",0,0,,,0,0,0,0,0,0,0,0
E3ToJX4yMXM,256,505.94,508.06,Eu tenho que verter a side logo na real,0,0,,,0,0,0,0,0,0,0,0
E3ToJX4yMXM,257,508.06,509.14,"Deixa eu ver a nossa side, mano",0,0,,,0,0,0,0,0,0,0,0
E3ToJX4yMXM,258,509.14,510.98,Porque eu não tô saindo uma usar a zudo,0,0,,,0,0,0,0,0,0,0,0
E3ToJX4yMXM,259,510.98,511.88,"Uma favela aí também, mano",0,0,,,0,0,0,0,0,0,0,0
E3ToJX4yMXM,260,511.88,513.26,"Mano, tem que ficar no mid, mano",0,0,,,0,0,0,0,0,0,0,0
E3ToJX4yMXM,261,513.26,513.66,O que que é isso?,0,0,,,0,0,0,0,0,0,0,0
E3ToJX4yMXM,262,513.72,514.9,"Tô na side zudo, neguxo",0,0,,,0,0,0,0,0,0,0,0
E3ToJX4yMXM,263,514.9,524.23,"Nossa, pegou em mim isso aqui, mano",0,0,,,0,0,0,0,0,0,0,0
E3ToJX4yMXM,264,524.23,526.77,"Tá bom, save zudo",0,0,,,0,0,0,0,0,0,0,0
E3ToJX4yMXM,265,526.77,533.95,e tá fazendo carinho com essa rua e aérea é mais escalar rua e certinho eu só começo a dando meu,0,0,,,0,0,0,0,0,0,0,0
E3ToJX4yMXM,266,533.95,540.8,terceiro item da rua ser depois da violência aí depois eu começo a dar um dano surdo aí,0,0,,,0,0,0,0,0,0,0,0
E3ToJX4yMXM,267,540.8,545.48,meu tio no pai já era picofe mano por que que é mano não real merda aqui né mas não dá reto,0,0,,,0,0,0,0,0,0,0,0
E3ToJX4yMXM,268,545.48,553.62,aqui não não força plate mano é 4x2 Nossa aqui mano velho não é para isso não ganha não mano,0,0,,,0,0,0,0,0,0,0,0
E3ToJX4yMXM,269,553.62,564.08,ok a banda fechou em mim mano a caixa azul saber eu fui bom isso aqui sim eu vou dar,0,0,,,0,0,0,0,0,0,0,0
E3ToJX4yMXM,270,564.08,582.54,"cara, calma ô neguxo, vai dar merda, calma ô, calma ô, dá um TP zuta, TP paúde aqui na real, mano, tem que TP aqui, ou talvez não precisa não, mano, é bom, TP aqui em cima, tentar pegar uma, uma T2, nossa, a troca chegou na play, ele faz uma coisa não, né, ô, se eu pegar a T2, assim, acabou o game, basicamente, boa, mano, e a Eiffel jogou bem também,",0,0,,,0,0,0,0,0,0,0,0
E3ToJX4yMXM,271,582.54,585.54,"Me dá bom dia, bom dia, meu Rafid",0,0,,,0,0,0,0,0,0,0,0
E3ToJX4yMXM,272,585.54,586.84,"Simplesmente, nosso mod",0,0,,,0,0,0,0,0,0,0,0
E3ToJX4yMXM,273,586.84,588.84,"Diretamente do Nordeste, tá bom?",0,0,,,0,0,0,0,0,0,0,0
E3ToJX4yMXM,274,588.9,590.24,"Região Baiana, sabe, Rafid?",0,0,,,0,0,0,0,0,0,0,0
E3ToJX4yMXM,275,590.32,590.66,Sabe o negócio?,0,0,,,0,0,0,0,0,0,0,0
E3ToJX4yMXM,276,591.48,592.52,"Acordou cedo hoje, mano",0,0,,,0,0,0,0,0,0,0,0
E3ToJX4yMXM,277,592.52,593.82,"Sete da noite, acordou, tô fudido",0,0,,,0,0,0,0,0,0,0,0
E3ToJX4yMXM,278,593.82,595.62,"Nossa, queria ir pegar T2, Zudo, aqui",0,0,,,0,0,0,0,0,0,0,0
E3ToJX4yMXM,279,595.62,599.51,"É, pelo visto, pegar T2, não, mano",0,0,,,0,0,0,0,0,0,0,0
E3ToJX4yMXM,280,599.51,601.59,"Ele matou, não, esse ringue aqui, mano",0,0,,,0,0,0,0,0,0,0,0
E3ToJX4yMXM,281,601.59,607.45,"É, valeu, otário, valeu",0,0,,,0,0,0,0,0,0,0,0
E3ToJX4yMXM,282,607.45,609.55,"Dá meu beijo, Zudo, aqui, mano",0,0,,,0,0,0,0,0,0,0,0
E3ToJX4yMXM,283,609.55,611.29,Bom chase em caça de Zudo,0,0,,,0,0,0,0,0,0,0,0
E3ToJX4yMXM,284,611.29,613.93,Bom chase em caça de Zudo,0,0,,,0,0,0,0,0,0,0,0
E3ToJX4yMXM,285,613.93,616.35,"Pera, o cara que voou atacando",0,0,,,0,0,0,0,0,0,0,0
E3ToJX4yMXM,286,616.35,617.29,"Que animal, mano",0,0,,,0,0,0,0,0,0,0,0
E3ToJX4yMXM,287,617.29,620.13,"Cara, eu vou atacar pra conseguir tentar matar",0,0,,,0,0,0,0,0,0,0,0
E3ToJX4yMXM,288,620.13,621.19,"Que animal zudo, deu bom",0,0,,,0,0,0,0,0,0,0,0
E3ToJX4yMXM,289,621.19,623.67,"Nossa, tá bom, save zudo",0,0,,,0,0,0,0,0,0,0,0
E3ToJX4yMXM,290,623.67,626.11,"Eu pego o F-Mid aqui, tô com medo dos caras tentarem forçar",0,0,,,0,0,0,0,0,0,0,0
E3ToJX4yMXM,291,626.11,628.31,"Caralho, que bancho",1,1,caralho,sexual_degradante,0,0,1,0,0,0,0,0
E3ToJX4yMXM,292,628.31,630.15,"Avelados, cara, que puta é essa, cara",1,1,puta,xingamentos_genero,0,0,0,0,1,0,0,0
E3ToJX4yMXM,293,630.15,630.75,Que que é isso?,0,0,,,0,0,0,0,0,0,0,0
E3ToJX4yMXM,294,631.81,633.19,"Meu time não consegue dar recado não, mano",0,0,,,0,0,0,0,0,0,0,0
E3ToJX4yMXM,295,633.19,634.57,"Meu time zudo, é seleção",0,0,,,0,0,0,0,0,0,0,0
E3ToJX4yMXM,296,634.57,648.94,Ok,0,0,,,0,0,0,0,0,0,0,0
E3ToJX4yMXM,297,648.94,657.62,Essa casa vai dar peito aqui,0,0,,,0,0,0,0,0,0,0,0
E3ToJX4yMXM,298,657.62,658.86,"O zudo aqui, vou dar B logo, mano",0,0,,,0,0,0,0,0,0,0,0
E3ToJX4yMXM,299,658.86,661.24,"Cara, o gay tá mandando futebol de copa, mano",0,0,,,0,0,0,0,0,0,0,0
E3ToJX4yMXM,300,661.24,663.3,"Dá B, sai daí, cara, meu Deus",0,0,,,0,0,0,0,0,0,0,0
E3ToJX4yMXM,301,663.3,664.54,"Dá B, dá B",0,0,,,0,0,0,0,0,0,0,0
E3ToJX4yMXM,302,664.54,668.54,"tá bom, deixa eu fechar aqui minha serif",0,0,,,0,0,0,0,0,0,0,0
E3ToJX4yMXM,303,668.54,670.64,"já fechei, ainda fechei não né",0,0,,,0,0,0,0,0,0,0,0
E3ToJX4yMXM,304,670.64,672.9,"caralho, falta gold pra cacete ainda",1,1,caralho,sexual_degradante,0,0,1,0,0,0,0,0
E3ToJX4yMXM,305,672.9,673.98,eu tenho que pegar mais um wave pelo menos,0,0,,,0,0,0,0,0,0,0,0
E3ToJX4yMXM,306,673.98,676.32,pegar mais um wave aqui vai dar bom,0,0,,,0,0,0,0,0,0,0,0
E3ToJX4yMXM,307,676.32,678.26,eu vou reto bot side,0,0,,,0,0,0,0,0,0,0,0
E3ToJX4yMXM,308,678.26,679.7,porque eu tô achando que os caçadores são pedófilos,0,0,,,0,0,0,0,0,0,0,0
E3ToJX4yMXM,309,679.7,680.82,não dá mais over,0,0,,,0,0,0,0,0,0,0,0
E3ToJX4yMXM,310,680.82,686.39,"será que não, será que eu tô passando guard aqui, tô sem lente né",0,0,,,0,0,0,0,0,0,0,0
E3ToJX4yMXM,311,686.39,688.49,"mano, parou o recado do cara, ele se matou",0,0,,,0,0,0,0,0,0,0,0
E3ToJX4yMXM,312,688.49,689.21,"não, se matou",0,0,,,0,0,0,0,0,0,0,0
E3ToJX4yMXM,313,689.21,691.47,aí se f...,0,0,,,0,0,0,0,0,0,0,0
E3ToJX4yMXM,314,691.47,700.25,"beleza, aí vizudo, ok, bro, save o caçador",0,0,,,0,0,0,0,0,0,0,0
E3ToJX4yMXM,315,700.25,702.09,"ok, bro, save o scale",0,0,,,0,0,0,0,0,0,0,0
E3ToJX4yMXM,316,702.09,705.87,"Cara, eu tô quase dando 3 level aqui no...",0,0,,,0,0,0,0,0,0,0,0
E3ToJX4yMXM,317,705.87,707.27,"Mano, a lanterna? Será, mano?",0,0,,,0,0,0,0,0,0,0,0
E3ToJX4yMXM,318,708.01,709.57,"Valeu, valeu, valeu",0,0,,,0,0,0,0,0,0,0,0
E3ToJX4yMXM,319,709.57,710.35,"Só sai daí, mano",0,0,,,0,0,0,0,0,0,0,0
E3ToJX4yMXM,320,710.35,711.57,Pode vir um hangar reto aqui,0,0,,,0,0,0,0,0,0,0,0
E3ToJX4yMXM,321,711.57,712.67,Esse cara é meio pedonão,0,0,,,0,0,0,0,0,0,0,0
E3ToJX4yMXM,322,712.67,714.39,22 minutos sem boss,0,0,,,0,0,0,0,0,0,0,0
E3ToJX4yMXM,323,714.39,715.71,Mas esse playstyle é sem...,0,0,,,0,0,0,0,0,0,0,0
E3ToJX4yMXM,324,715.71,720.55,"Mas esse playstyle é sem botas, mano",0,0,,,0,0,0,0,0,0,0,0
E3ToJX4yMXM,325,720.55,721.75,Esse playstyle aqui,0,0,,,0,0,0,0,0,0,0,0
E3ToJX4yMXM,326,721.75,722.63,Eu já no meu terceiro item,0,0,,,0,0,0,0,0,0,0,0
E3ToJX4yMXM,327,722.63,725.61,"Temos logo meu besudo aqui, mano",0,0,,,0,0,0,0,0,0,0,0
E3ToJX4yMXM,328,725.61,729.39,"Cara, você não quer matar o cara aqui não, mano?",0,0,,,0,0,0,0,0,0,0,0
E3ToJX4yMXM,329,729.39,730.39,"Tá com preguiça, será, mano?",0,0,,,0,0,0,0,0,0,0,0
E3ToJX4yMXM,330,730.43,735.26,De matar os...,0,0,,,0,0,0,0,0,0,0,0
E3ToJX4yMXM,331,735.26,736.24,"Mano, o que que é isso?",0,0,,,0,0,0,0,0,0,0,0
E3ToJX4yMXM,332,736.28,737.3,"O que esse cara tá fazendo, mano?",0,0,,,0,0,0,0,0,0,0,0
E3ToJX4yMXM,333,738.38,739.42,"Ele se matou aqui, né?",0,0,,,0,0,0,0,0,0,0,0
E3ToJX4yMXM,334,739.58,739.9,Eu acho,0,0,,,0,0,0,0,0,0,0,0
E3ToJX4yMXM,335,739.9,749.75,"Ai, tá bom, quase, mano",0,0,,,0,0,0,0,0,0,0,0
E3ToJX4yMXM,336,749.75,750.63,"Close, close",0,0,,,0,0,0,0,0,0,0,0
E3ToJX4yMXM,337,750.63,752.47,"Bom, baixei uma levaneza, agora acabou o game",0,0,,,0,0,0,0,0,0,0,0
E3ToJX4yMXM,338,752.47,753.59,"Agora eu fecho a bola da zuda, mano",0,0,,,0,0,0,0,0,0,0,0
E3ToJX4yMXM,339,753.59,756.27,"2x16, cara, peguei 2x16 bem cedo, hein, mano",0,0,,,0,0,0,0,0,0,0,0
E3ToJX4yMXM,340,756.27,758.09,"Peguei 2x16 pra caralho, né",1,1,caralho,sexual_degradante,0,0,1,0,0,0,0,0
E3ToJX4yMXM,341,758.09,759.13,Agora eu vou escutar os caras,0,0,,,0,0,0,0,0,0,0,0
E3ToJX4yMXM,342,759.13,761.59,"Pronto, sempre caçadinho agora, hein",0,0,,,0,0,0,0,0,0,0,0
E3ToJX4yMXM,343,761.59,764.47,"Agora eu vou escutar o cara aqui, mano",0,0,,,0,0,0,0,0,0,0,0
E3ToJX4yMXM,344,764.47,766.83,"Bom, o problema agora é essa almazuda broken, mano",0,0,,,0,0,0,0,0,0,0,0
E3ToJX4yMXM,345,766.83,767.85,Broken almazuda,0,0,,,0,0,0,0,0,0,0,0
E3ToJX4yMXM,346,767.85,770.17,2k e o caçadinho,0,0,,,0,0,0,0,0,0,0,0
E3ToJX4yMXM,347,770.17,770.65,"Não, mano",0,0,,,0,0,0,0,0,0,0,0
E3ToJX4yMXM,348,770.65,788.14,"Cara, eu tô sem... Ah, eu tô sem serif, né, mano",0,0,,,0,0,0,0,0,0,0,0
E3ToJX4yMXM,349,788.14,789.84,"Ai, voltou minha cesta",0,0,,,0,0,0,0,0,0,0,0
E3ToJX4yMXM,350,789.84,791.0,"Se matar os dois, tá waste, mano",0,0,,,0,0,0,0,0,0,0,0
E3ToJX4yMXM,351,791.0,794.06,"Se matar os dois, o barão é nosso, mano",0,0,,,0,0,0,0,0,0,0,0
E3ToJX4yMXM,352,794.06,795.84,Será que mata?,0,0,,,0,0,0,0,0,0,0,0
E3ToJX4yMXM,353,795.94,796.86,"Matou, boa, boa, mano",0,0,,,0,0,0,0,0,0,0,0
E3ToJX4yMXM,354,796.86,797.56,"Vamos, barão, barão",0,0,,,0,0,0,0,0,0,0,0
E3ToJX4yMXM,355,797.56,799.12,"Mano, o cara me derretiu",0,0,,,0,0,0,0,0,0,0,0
E3ToJX4yMXM,356,799.12,800.34,"Eu tenho que comprar armadura agora, mano",0,0,,,0,0,0,0,0,0,0,0
E3ToJX4yMXM,357,800.34,802.56,"Agora sim, agora beleza",0,0,,,0,0,0,0,0,0,0,0
E3ToJX4yMXM,358,802.56,804.08,Agora eu tô hitrezudo agora,0,0,,,0,0,0,0,0,0,0,0
E3ToJX4yMXM,359,804.08,806.7,"Tenho que comprar armadura por causa do Rengar, mano",0,0,,,0,0,0,0,0,0,0,0
E3ToJX4yMXM,360,806.7,811.52,"Põe pra trás, mano",0,0,,,0,0,0,0,0,0,0,0
E3ToJX4yMXM,361,811.52,812.26,"Meu Deus, cara",0,0,,,0,0,0,0,0,0,0,0
E3ToJX4yMXM,362,812.26,812.92,Tem mauzudo,0,0,,,0,0,0,0,0,0,0,0
E3ToJX4yMXM,363,812.92,830.32,"Cara, me salva",0,0,,,0,0,0,0,0,0,0,0
E3ToJX4yMXM,364,830.32,831.28,"Ele me matou aqui não, mano",0,0,,,0,0,0,0,0,0,0,0
E3ToJX4yMXM,365,831.28,832.0,É possível que ele me matou aqui,0,0,,,0,0,0,0,0,0,0,0
E3ToJX4yMXM,366,832.0,836.34,"Ele vai pular em mim, esse cara é pelado",0,0,,,0,0,0,0,0,0,0,0
E3ToJX4yMXM,367,836.34,840.02,Parabéns por pular de mim e ser matado,0,0,,,0,0,0,0,0,0,0,0
E3ToJX4yMXM,368,840.02,840.78,"Parabéns, seu animal",0,0,,,0,0,0,0,0,0,0,0
E3ToJX4yMXM,369,840.78,841.92,Para o nosso agora,0,0,,,0,0,0,0,0,0,0,0
E3ToJX4yMXM,370,841.92,844.52,Eu sabia que ele ia vir,0,0,,,0,0,0,0,0,0,0,0
E3ToJX4yMXM,371,844.52,845.26,"Eu sabia, eu sabia",0,0,,,0,0,0,0,0,0,0,0
E3ToJX4yMXM,372,845.26,847.12,Eu quero dar um pick-off em alguém aqui,0,0,,,0,0,0,0,0,0,0,0
E3ToJX4yMXM,373,847.12,853.63,Ou eu posso levar pick-off também,0,0,,,0,0,0,0,0,0,0,0
E3ToJX4yMXM,374,853.63,855.83,"Não é pick-off nem fudeu, né, Rolando?",0,0,,,0,0,0,0,0,0,0,0
E3ToJX4yMXM,375,856.01,856.29,Ok,0,0,,,0,0,0,0,0,0,0,0
E3ToJX4yMXM,376,856.29,859.13,"Mano, dá, cara",0,0,,,0,0,0,0,0,0,0,0
E3ToJX4yMXM,377,859.13,860.45,"Me dá a lanterna, cara",0,0,,,0,0,0,0,0,0,0,0
E3ToJX4yMXM,378,860.45,861.25,"Que porra é essa, mano?",0,0,,,0,0,0,0,0,0,0,0
E3ToJX4yMXM,379,861.31,862.13,"Cara, essa lanterna azuda",0,0,,,0,0,0,0,0,0,0,0
E3ToJX4yMXM,380,862.13,863.15,"Eu sei, mano",0,0,,,0,0,0,0,0,0,0,0
E3ToJX4yMXM,381,863.15,863.69,"É pro R, mano",0,0,,,0,0,0,0,0,0,0,0
E3ToJX4yMXM,382,863.69,864.01,Tá bom,0,0,,,0,0,0,0,0,0,0,0
E3ToJX4yMXM,383,864.01,866.61,"Caralho, mano",1,1,caralho,sexual_degradante,0,0,1,0,0,0,0,0
E3ToJX4yMXM,384,866.61,867.83,"Meu Deus, cara",0,0,,,0,0,0,0,0,0,0,0
E3ToJX4yMXM,385,867.83,869.09,"Você acabou do QSS, mano?",0,0,,,0,0,0,0,0,0,0,0
E3ToJX4yMXM,386,869.21,870.33,"Ah, não, foda-se",0,0,,,0,0,0,0,0,0,0,0
E3ToJX4yMXM,387,870.33,870.95,Tá fudendo,0,0,,,0,0,0,0,0,0,0,0
E3ToJX4yMXM,388,870.95,871.59,"Eu sou um alfa, cara",0,0,,,0,0,0,0,0,0,0,0
E3ToJX4yMXM,389,871.59,872.77,"Azuda, mano",0,0,,,0,0,0,0,0,0,0,0
E3ToJX4yMXM,390,872.77,876.13,"Manda assar o filho do Faís, Salmão Antussi, Salmão Negus, Salmão Izudo.",0,0,,,0,0,0,0,0,0,0,0
E3ToJX4yMXM,391,879.32,880.72,"Essa fight tá meio ruim aqui, mano.",0,0,,,0,0,0,0,0,0,0,0
E3ToJX4yMXM,392,880.74,881.76,"Olha esse cara julgando, cara.",0,0,,,0,0,0,0,0,0,0,0
E3ToJX4yMXM,393,897.07,899.63,"Meu Deus, cara, que fight satânica é essa, mano?",0,0,,,0,0,0,0,0,0,0,0
E3ToJX4yMXM,394,900.77,903.61,"Caramba, a Renata ressuscitou umas duas vezes na fight, mano.",0,0,,,0,0,0,0,0,0,0,0
E3ToJX4yMXM,395,904.05,905.57,"Broke champion, até azul, broke champion.",0,0,,,0,0,0,0,0,0,0,0
E3ToJX4yMXM,396,908.08,909.88,"É, scale, caçador, fizudo, scale, mano.",0,0,,,0,0,0,0,0,0,0,0
E3ToJX4yMXM,397,909.94,910.58,O campeão tá broke.,0,0,,,0,0,0,0,0,0,0,0
E3ToJX4yMXM,398,911.12,912.32,"O campeão tá brulhentinho agora, hein.",0,0,,,0,0,0,0,0,0,0,0
E3ToJX4yMXM,399,912.32,913.1,"Deu merda, deu merda, hein.",0,0,,,0,0,0,0,0,0,0,0
E3ToJX4yMXM,400,913.62,915.94,"Agora é só pegar o campeão, escalar e ganhar pros modos, entendeu?",0,0,,,0,0,0,0,0,0,0,0
E3ToJX4yMXM,401,916.88,919.42,"O campeão tá insta-win, caça-win, tá bom?",0,0,,,0,0,0,0,0,0,0,0
E3ToJX4yMXM,402,919.42,919.86,Insta-win.,0,0,,,0,0,0,0,0,0,0,0
E3ToJX4yMXM,403,919.86,921.78,"Pegou os 16 do estranho, tá bom",0,0,,,0,0,0,0,0,0,0,0
E3ToJX4yMXM,404,921.78,923.52,"É GG isso aqui, mano?",0,0,,,0,0,0,0,0,0,0,0
E3ToJX4yMXM,405,923.56,924.66,"Outro segundo, tá bom, GG",0,0,,,0,0,0,0,0,0,0,0
E3ToJX4yMXM,406,924.66,927.8,"Cara, a minha sorte é que esse mouse na rata tem que ir negativo, mano",0,0,,,0,0,0,0,0,0,0,0
E3ToJX4yMXM,407,927.8,928.8,"O cara é muito baiano, mano",0,0,,,0,0,0,0,0,0,0,0
E3ToJX4yMXM,408,928.8,930.08,"O cara abandonou demais, mano",0,0,,,0,0,0,0,0,0,0,0
E3ToJX4yMXM,409,930.08,933.44,"Cara, não brinca não, dá GG, mano",0,0,,,0,0,0,0,0,0,0,0
E3ToJX4yMXM,410,933.44,935.88,"Não, se eu perder esse game aqui, eu vou ficar louco, mano",0,0,,,0,0,0,0,0,0,0,0
E3ToJX4yMXM,411,935.88,939.64,Aproveita que tem dois patch nerf,0,0,,,0,0,0,0,0,0,0,0
E3ToJX4yMXM,412,939.64,940.94,"É, pior que é truco",0,0,,,0,0,0,0,0,0,0,0
E3ToJX4yMXM,413,940.94,943.14,Os gays reclamam tudo isso,0,0,,,0,0,0,0,0,0,0,0
E3ToJX4yMXM,414,943.14,944.86,"Meu Deus, muito broke, gente",0,0,,,0,0,0,0,0,0,0,0
8q5VFwutoGE,1,0.0,2.08,"Eu estou aqui nem fudendo, estou de serfo aqui.",0,0,,,0,0,0,0,0,0,0,0
8q5VFwutoGE,2,2.9,4.46,"Eu vou recuperar um milhão de vida aqui, né?",0,0,,,0,0,0,0,0,0,0,0
8q5VFwutoGE,3,6.4,8.18,"Caraca, meu time não passa a velar, mano.",0,0,,,0,0,0,0,0,0,0,0
8q5VFwutoGE,4,8.24,9.86,"Tem um ad aqui, mano? Nem fudendo.",0,0,,,0,0,0,0,0,0,0,0
8q5VFwutoGE,5,11.18,12.06,Eu acho que sim.,0,0,,,0,0,0,0,0,0,0,0
8q5VFwutoGE,6,15.21,15.53,Ok.,0,0,,,0,0,0,0,0,0,0,0
8q5VFwutoGE,7,23.24,24.42,"Tá bom, negudo, tá bom.",0,0,,,0,0,0,0,0,0,0,0
8q5VFwutoGE,8,25.68,26.6,"Deixa eu ver aqui, mano.",0,0,,,0,0,0,0,0,0,0,0
8q5VFwutoGE,9,26.6,27.74,"Estou contra o Zed mechup, ok?",0,0,,,0,0,0,0,0,0,0,0
8q5VFwutoGE,10,28.44,30.22,"Zed mechup, caçador fizudo, ok?",0,0,,,0,0,0,0,0,0,0,0
8q5VFwutoGE,11,30.6,32.54,"Se o Zed for bom, ele estupra, cara, se o Zed mechup usou aqui.",0,0,,,0,0,0,0,0,0,0,0
8q5VFwutoGE,12,32.9,35.04,"Mas geralmente, os Zeds são meio podres, geralmente.",0,0,,,0,0,0,0,0,0,0,0
8q5VFwutoGE,13,35.4,36.5,"Cara, entende uma coisa, mano.",0,0,,,0,0,0,0,0,0,0,0
8q5VFwutoGE,14,36.5,39.14,Se você juntar os meus crimes,0,0,,,0,0,0,0,0,0,0,0
8q5VFwutoGE,15,39.14,40.5,"Na real eu não cometi nenhum crime, né, mano",0,0,,,0,0,0,0,0,0,0,0
8q5VFwutoGE,16,40.5,42.42,"Tofobia não é crime, não",0,0,,,0,0,0,0,0,0,0,0
8q5VFwutoGE,17,42.42,46.92,"Oh, um favelê aqui, mano",0,0,,,0,0,0,0,0,0,0,0
8q5VFwutoGE,18,46.92,48.18,"O que é, hein",0,0,,,0,0,0,0,0,0,0,0
8q5VFwutoGE,19,48.18,50.02,"Pra você meter, tem que você entrar, senão, mano",0,0,,,0,0,0,0,0,0,0,0
8q5VFwutoGE,20,50.02,52.74,A minha sorte vem de conquistador,0,0,,,0,0,0,0,0,0,0,0
8q5VFwutoGE,21,52.74,54.82,"Se ele viesse de Tandelord aqui, mano",0,0,,,0,0,0,0,0,0,0,0
8q5VFwutoGE,22,54.82,57.28,"Ia ser bem pior, tá ligado",0,0,,,0,0,0,0,0,0,0,0
8q5VFwutoGE,23,57.28,60.02,"E farmar tu vai levar um dano azul, negudo",0,0,,,0,0,0,0,0,0,0,0
8q5VFwutoGE,24,60.02,61.02,Morri?,0,0,,,0,0,0,0,0,0,0,0
8q5VFwutoGE,25,63.87,65.09,Eu flechei o flash dele,0,0,,,0,0,0,0,0,0,0,0
8q5VFwutoGE,26,65.09,67.59,"Se eu morrer que nem judeu, eu vou ficar chutado",0,0,,,0,0,0,0,0,0,0,0
8q5VFwutoGE,27,67.59,69.05,"Tá bom, não sou judeu, tá bom",0,0,,,0,0,0,0,0,0,0,0
8q5VFwutoGE,28,69.05,83.35,oi oi minha mulher acabou mas ela tem sorte mano eu posso dar três aqui é tá bom não matava ele não,0,0,,,0,0,0,0,0,0,0,0
8q5VFwutoGE,29,84.45,88.67,o e teve sorte que faltou sem demanda tá porque eu se eu tivesse com a minha com,0,0,,,0,0,0,0,0,0,0,0
8q5VFwutoGE,30,88.67,92.89,sem demanda mais aqui eu dar é rinsa quando caiu em cima de mim aí vamos levar isso aqui,0,0,,,0,0,0,0,0,0,0,0
8q5VFwutoGE,31,92.89,106.11,mano o minas faz aqui né eu eu não sei como tá o HP do Ione E aí mano vamos que ele foi,0,0,,,0,0,0,0,0,0,0,0
8q5VFwutoGE,32,106.11,106.47,Ok.,0,0,,,0,0,0,0,0,0,0,0
8q5VFwutoGE,33,113.03,114.55,"Eu peguei o Tidal aqui, mano.",0,0,,,0,0,0,0,0,0,0,0
8q5VFwutoGE,34,114.59,115.49,Dá pra matar o...,0,0,,,0,0,0,0,0,0,0,0
8q5VFwutoGE,35,115.49,116.35,"E que isso, mano?",0,0,,,0,0,0,0,0,0,0,0
8q5VFwutoGE,36,118.92,120.14,"Nossa, o Katia ulti!",0,0,,,0,0,0,0,0,0,0,0
8q5VFwutoGE,37,120.22,120.76,Matou a minha...,0,0,,,0,0,0,0,0,0,0,0
8q5VFwutoGE,38,120.76,122.76,"O Kai matou a minha Poppy sem ultar ela, mano.",0,0,,,0,0,0,0,0,0,0,0
8q5VFwutoGE,39,123.4,125.74,"Hum, pensar que tinha ultado, mas a Poppy ultou, tá bom.",0,0,,,0,0,0,0,0,0,0,0
8q5VFwutoGE,40,128.27,129.45,"Ele morreu aqui agora, mano.",0,0,,,0,0,0,0,0,0,0,0
8q5VFwutoGE,41,129.49,131.41,Ou tem alguém aqui pra salvar ele de verdade.,0,0,,,0,0,0,0,0,0,0,0
8q5VFwutoGE,42,133.57,135.83,"Ele matou aqui, é pedofilia, tipo assim, mano.",0,0,,,0,0,0,0,0,0,0,0
8q5VFwutoGE,43,137.09,137.71,"É, pronto.",0,0,,,0,0,0,0,0,0,0,0
8q5VFwutoGE,44,137.97,138.33,Beleza.,0,0,,,0,0,0,0,0,0,0,0
8q5VFwutoGE,45,139.77,142.25,"Se ele matar esse oikinha, você pedofilia nível 3000, né?",0,0,,,0,0,0,0,0,0,0,0
8q5VFwutoGE,46,142.39,142.87,Tá louco.,0,0,,,0,0,0,0,0,0,0,0
8q5VFwutoGE,47,142.87,144.83,"Vou flipar aqui, mano",0,0,,,0,0,0,0,0,0,0,0
8q5VFwutoGE,48,144.83,146.53,"Você viu o Zé que pedonou uma tanca aqui, foda",0,0,,,0,0,0,0,0,0,0,0
8q5VFwutoGE,49,146.53,149.19,"Bem dentro da galinha, acho que eu morri aqui, mano",0,0,,,0,0,0,0,0,0,0,0
8q5VFwutoGE,50,149.19,150.67,"Vou flipar aqui, foda",0,0,,,0,0,0,0,0,0,0,0
8q5VFwutoGE,51,150.67,153.31,Carregar o game tem que dar uma flipadola,0,0,,,0,0,0,0,0,0,0,0
8q5VFwutoGE,52,153.31,154.43,"Se não, não funciona não, mano",0,0,,,0,0,0,0,0,0,0,0
8q5VFwutoGE,53,154.43,157.33,"Botou meu Ash, não morro mais não, sem visudo",0,0,,,0,0,0,0,0,0,0,0
8q5VFwutoGE,54,157.33,158.99,"Tem duas Micadola aqui, ok",0,0,,,0,0,0,0,0,0,0,0
8q5VFwutoGE,55,158.99,160.73,"Pronto, sei... Oh, meu Deus!",0,0,,,0,0,0,0,0,0,0,0
8q5VFwutoGE,56,165.08,168.2,Está o negudo,0,0,,,0,0,0,0,0,0,0,0
8q5VFwutoGE,57,168.2,176.3,"Que isso, o cara sai vivo!",0,0,,,0,0,0,0,0,0,0,0
8q5VFwutoGE,58,176.42,178.5,"Meu Deus, o cacete vive com o cara",0,0,,,0,0,0,0,0,0,0,0
8q5VFwutoGE,59,178.5,180.24,"Ah, tá bom, beleza, tá bom",0,0,,,0,0,0,0,0,0,0,0
8q5VFwutoGE,60,180.24,181.38,"Gastou o flash aqui, tá bom",0,0,,,0,0,0,0,0,0,0,0
8q5VFwutoGE,61,181.38,183.4,"Boa, negudo, parabéns por ter matado esse oponente",0,0,,,0,0,0,0,0,0,0,0
8q5VFwutoGE,62,183.4,186.44,"Adicionei a neve, caiu contigo",0,0,,,0,0,0,0,0,0,0,0
8q5VFwutoGE,63,186.44,188.36,Isso aqui é quanto pra dar um code de como estudar,0,0,,,0,0,0,0,0,0,0,0
8q5VFwutoGE,64,188.36,189.74,"Como estudar, mano?",0,0,,,0,0,0,0,0,0,0,0
8q5VFwutoGE,65,190.4,192.06,"Ah, entendi então, entendi então",0,0,,,0,0,0,0,0,0,0,0
8q5VFwutoGE,66,192.06,194.16,"Estou estudando Sergipe, entendi então, negudo",0,0,,,0,0,0,0,0,0,0,0
8q5VFwutoGE,67,194.16,197.04,"Cacete tem perigo de lutar pro Brancis, tá bom",0,0,,,0,0,0,0,0,0,0,0
8q5VFwutoGE,68,197.04,198.92,"Especialista esse cara, o Brancis ludo",0,0,,,0,0,0,0,0,0,0,0
8q5VFwutoGE,69,198.92,201.86,"Tem que lutar aí pros especialistas, negudos",0,0,,,0,0,0,0,0,0,0,0
8q5VFwutoGE,70,201.86,202.98,"Cara, eu vou só tentar",0,0,,,0,0,0,0,0,0,0,0
8q5VFwutoGE,71,202.98,204.94,"Mudar minhas ondas aqui, pronto",0,0,,,0,0,0,0,0,0,0,0
8q5VFwutoGE,72,204.94,205.88,Também sai pra nós,0,0,,,0,0,0,0,0,0,0,0
8q5VFwutoGE,73,205.88,207.9,Minha zona é azul e pronto,0,0,,,0,0,0,0,0,0,0,0
8q5VFwutoGE,74,207.9,208.52,Ok,0,0,,,0,0,0,0,0,0,0,0
8q5VFwutoGE,75,208.52,211.8,"O Forlan, quando? Pior que eu não tenho o Forlan, mano",0,0,,,0,0,0,0,0,0,0,0
8q5VFwutoGE,76,211.8,212.0,Isso aqui,0,0,,,0,0,0,0,0,0,0,0
8q5VFwutoGE,77,212.0,216.48,"Que que é isso aqui, mano?",0,0,,,0,0,0,0,0,0,0,0
8q5VFwutoGE,78,218.24,219.88,"Nossa, fui estuprado aqui, na real, mano",0,0,,,0,0,0,0,0,0,0,0
8q5VFwutoGE,79,219.88,221.18,"Brown Temple, Zed, ok",0,0,,,0,0,0,0,0,0,0,0
8q5VFwutoGE,80,221.18,224.79,"Mano, o Yoi não morreu aqui",0,0,,,0,0,0,0,0,0,0,0
8q5VFwutoGE,81,224.79,225.93,"Que porra é essa, cara?",0,0,,,0,0,0,0,0,0,0,0
8q5VFwutoGE,82,227.59,228.71,"É, ele morreu aqui agora, na real",0,0,,,0,0,0,0,0,0,0,0
8q5VFwutoGE,83,228.71,233.51,Eu peguei aqui o Zudo aqui ainda,0,0,,,0,0,0,0,0,0,0,0
8q5VFwutoGE,84,233.51,235.13,Tá bom,0,0,,,0,0,0,0,0,0,0,0
8q5VFwutoGE,85,235.13,237.51,"É, eu peguei aqui",0,0,,,0,0,0,0,0,0,0,0
8q5VFwutoGE,86,237.51,238.31,"É, aqui o pra mim, né?",0,0,,,0,0,0,0,0,0,0,0
8q5VFwutoGE,87,238.35,240.95,"O pra quem quer ver o game Zudo, ok",0,0,,,0,0,0,0,0,0,0,0
8q5VFwutoGE,88,240.95,243.49,"Ah, o Zed aqui vai suprir o time depois, mano.",0,0,,,0,0,0,0,0,0,0,0
8q5VFwutoGE,89,243.55,245.61,Minha comp tá sem CC nenhum.,0,0,,,0,0,0,0,0,0,0,0
8q5VFwutoGE,90,245.67,246.45,"Minha comp estuda, mano.",0,0,,,0,0,0,0,0,0,0,0
8q5VFwutoGE,91,250.32,251.54,"Ele me sola aqui, mano.",0,0,,,0,0,0,0,0,0,0,0
8q5VFwutoGE,92,252.26,253.72,"Nossa, ele me solou aqui.",0,0,,,0,0,0,0,0,0,0,0
8q5VFwutoGE,93,253.98,255.22,"Nossa, que porra é essa, mano?",0,0,,,0,0,0,0,0,0,0,0
8q5VFwutoGE,94,256.28,256.54,É.,0,0,,,0,0,0,0,0,0,0,0
8q5VFwutoGE,95,257.54,258.7,"Eu achei injusto aqui, mano.",0,0,,,0,0,0,0,0,0,0,0
8q5VFwutoGE,96,259.16,260.16,"Eu vou terpa aqui, negudo.",0,0,,,0,0,0,0,0,0,0,0
8q5VFwutoGE,97,260.24,261.24,"Dá pra matar aqui, mano.",0,0,,,0,0,0,0,0,0,0,0
8q5VFwutoGE,98,263.71,267.13,"Eu tenho pânico, a niga é...",0,0,,,0,0,0,0,0,0,0,0
8q5VFwutoGE,99,267.13,268.91,"Eu acho que eu não ganho isso aqui, não, na real, mano.",0,0,,,0,0,0,0,0,0,0,0
8q5VFwutoGE,100,269.03,269.37,O que é isso aqui?,0,0,,,0,0,0,0,0,0,0,0
8q5VFwutoGE,101,276.27,276.63,Ok.,0,0,,,0,0,0,0,0,0,0,0
8q5VFwutoGE,102,276.63,279.11,"É, cadê o Zed aqui, mano?",0,0,,,0,0,0,0,0,0,0,0
8q5VFwutoGE,103,279.75,281.09,"Ih, Zedão, deu merda pra tu, negudo.",0,0,,,0,0,0,0,0,0,0,0
8q5VFwutoGE,104,281.17,282.71,"Acertar alguma skill nele, ele tá morto, cara.",0,0,,,0,0,0,0,0,0,0,0
8q5VFwutoGE,105,286.31,293.33,a nossa na real mano a mãe jogou Deus é de é do Zé de mesmo ela forçar o dragão tudo aqui mano,0,0,,,0,0,0,0,0,0,0,0
8q5VFwutoGE,106,293.33,307.81,ok vai morrer não né mano ok para o tempo que essa dia o que é o tempo para o tempo que eu fiz,0,0,,,0,0,0,0,0,0,0,0
8q5VFwutoGE,107,308.81,314.23,e é meu conguita mano parece uma ceia do game que a sua fala esse podre vai sentar,0,0,,,0,0,0,0,0,0,0,0
8q5VFwutoGE,108,314.23,318.61,de pedo e tudo eu pude pegar mais uma Wave aqui na real eu pego mais um vídeo aqui mano,0,0,,,0,0,0,0,0,0,0,0
8q5VFwutoGE,109,318.61,320.39,Eu pego mais um aí e depois eu dou um recalzudo aqui.,0,0,,,0,0,0,0,0,0,0,0
8q5VFwutoGE,110,326.3,326.96,"É, mano.",0,0,,,0,0,0,0,0,0,0,0
8q5VFwutoGE,111,330.17,331.11,"Uh, tô vivo, meu Deus.",0,0,,,0,0,0,0,0,0,0,0
8q5VFwutoGE,112,335.3,336.9,"O caso é o time, eu morri, cara.",0,0,,,0,0,0,0,0,0,0,0
8q5VFwutoGE,113,337.48,338.86,Eu tô quase querendo matar pro Nahel.,0,0,,,0,0,0,0,0,0,0,0
8q5VFwutoGE,114,341.6,342.28,"Valeu, negudo.",0,0,,,0,0,0,0,0,0,0,0
8q5VFwutoGE,115,348.46,350.18,"Eu pensei que eu podia matar ele aqui, mano.",0,0,,,0,0,0,0,0,0,0,0
8q5VFwutoGE,116,351.26,351.8,"Caralho, mano.",1,1,caralho,sexual_degradante,0,0,1,0,0,0,0,0
8q5VFwutoGE,117,351.84,353.12,O cara tinha flash aqui ainda.,0,0,,,0,0,0,0,0,0,0,0
8q5VFwutoGE,118,353.3,354.84,"Fazer outra essa merda aqui, pelo menos, mano.",0,0,,,0,0,0,0,0,0,0,0
8q5VFwutoGE,119,355.88,357.4,"Cara, ele tinha flash e tinha ult também.",0,0,,,0,0,0,0,0,0,0,0
8q5VFwutoGE,120,357.7,358.14,Tá bom.,0,0,,,0,0,0,0,0,0,0,0
8q5VFwutoGE,121,358.94,359.64,Deixa eu ver o que eu posso fazer.,0,0,,,0,0,0,0,0,0,0,0
8q5VFwutoGE,122,359.72,360.66,"Tô pensando, niga, niga.",0,0,,,0,0,0,0,0,0,0,0
8q5VFwutoGE,123,361.28,362.26,"Podia estar pra longe, talvez.",0,0,,,0,0,0,0,0,0,0,0
8q5VFwutoGE,124,363.36,375.83,"Ah bom, um safe zudo. Safe zudo, safe zudo. Cara, será que eu vou morrer aqui, mano?",0,0,,,0,0,0,0,0,0,0,0
8q5VFwutoGE,125,377.15,385.65,"Eu tenho uns zones aqui, baita ele, a sombra dele aqui, na real. Nossa, zonei sem... Mano,",0,0,,,0,0,0,0,0,0,0,0
8q5VFwutoGE,126,385.65,390.61,"dei missclick no minhas zones, tá bom. Eu vou ver no capítulo completo. Vou atacar o frisudo. Se bem",0,0,,,0,0,0,0,0,0,0,0
8q5VFwutoGE,127,390.61,394.27,"que a gente pode contestar, mano, ou será que não? Dá pra fazer aqui, rapidasso, mano. Ah,",0,0,,,0,0,0,0,0,0,0,0
8q5VFwutoGE,128,394.27,394.71,"Nem aqui, tá?",0,0,,,0,0,0,0,0,0,0,0
8q5VFwutoGE,129,394.73,395.49,"Esguivaram o Takan, talvez.",0,0,,,0,0,0,0,0,0,0,0
8q5VFwutoGE,130,395.77,396.01,Ok.,0,0,,,0,0,0,0,0,0,0,0
8q5VFwutoGE,131,397.19,398.69,"Vai levar a porta com a Azul aqui logo, mano.",0,0,,,0,0,0,0,0,0,0,0
8q5VFwutoGE,132,398.73,399.33,Antes que os...,0,0,,,0,0,0,0,0,0,0,0
8q5VFwutoGE,133,399.33,399.89,Que os veios venham aqui.,0,0,,,0,0,0,0,0,0,0,0
8q5VFwutoGE,134,401.77,402.87,"E aí vai ser nós, Takan.",0,0,,,0,0,0,0,0,0,0,0
8q5VFwutoGE,135,402.91,403.49,Já esguivaram aqui.,0,0,,,0,0,0,0,0,0,0,0
8q5VFwutoGE,136,407.28,407.98,"E aí, fiz um...",0,0,,,0,0,0,0,0,0,0,0
8q5VFwutoGE,137,407.98,408.58,"Calma, ô!",0,0,,,0,0,0,0,0,0,0,0
8q5VFwutoGE,138,408.6,409.4,"Luka e Zuda, calma, ô!",0,0,,,0,0,0,0,0,0,0,0
8q5VFwutoGE,139,409.4,409.78,"Calma, ô, nego.",0,0,,,0,0,0,0,0,0,0,0
8q5VFwutoGE,140,409.82,410.16,"Calma, ô.",0,0,,,0,0,0,0,0,0,0,0
8q5VFwutoGE,141,411.44,412.16,"Tem favela, assim.",0,0,,,0,0,0,0,0,0,0,0
8q5VFwutoGE,142,412.18,412.66,"Favela, mano.",0,0,,,0,0,0,0,0,0,0,0
8q5VFwutoGE,143,413.48,414.52,"Caralho, o cara me matou em olho.",1,1,caralho,sexual_degradante,0,0,1,0,0,0,0,0
8q5VFwutoGE,144,414.64,415.08,O que é isso?,0,0,,,0,0,0,0,0,0,0,0
8q5VFwutoGE,145,415.76,417.22,"Meu Deus, nunca cheguei ao Geizão, mano.",0,0,,,0,0,0,0,0,0,0,0
8q5VFwutoGE,146,417.64,418.98,Nunca fiz homofobia com o Geizão.,0,0,,,0,0,0,0,0,0,0,0
8q5VFwutoGE,147,419.62,420.26,"Pronto, sempre.",0,0,,,0,0,0,0,0,0,0,0
8q5VFwutoGE,148,420.38,421.02,"Vou dar B aqui, mano.",0,0,,,0,0,0,0,0,0,0,0
8q5VFwutoGE,149,421.36,422.44,"É, não tem ninguém aqui na minha...",0,0,,,0,0,0,0,0,0,0,0
8q5VFwutoGE,150,422.44,423.26,"Na minha Izuda aqui, né?",0,0,,,0,0,0,0,0,0,0,0
8q5VFwutoGE,151,423.26,435.06,tem ninguém aqui mano parece eu morri pegar até dois tá o urso na real eu vou morrer,0,0,,,0,0,0,0,0,0,0,0
8q5VFwutoGE,152,435.06,443.75,porque você tá suave eu vou ter executar aqui eu fui do lado de agora talvez ou não né você,0,0,,,0,0,0,0,0,0,0,0
8q5VFwutoGE,153,443.75,450.95,vai ter dois mano que porra é essa cara que é isso o que é isso e você pode aqui no game,0,0,,,0,0,0,0,0,0,0,0
8q5VFwutoGE,154,450.95,475.7,tudo mano eu não consegui entrar na frente dele foi close mano para esse campeão que,0,0,,,0,0,0,0,0,0,0,0
8q5VFwutoGE,155,475.7,476.26,"mano, o louco!",0,0,,,0,0,0,0,0,0,0,0
8q5VFwutoGE,156,477.52,478.56,"Tô sem mana aqui, né?",0,0,,,0,0,0,0,0,0,0,0
8q5VFwutoGE,157,478.58,479.7,"Vou fightar aqui não, na real, mano.",0,0,,,0,0,0,0,0,0,0,0
8q5VFwutoGE,158,479.76,480.5,"Só sides aqui, mano.",0,0,,,0,0,0,0,0,0,0,0
8q5VFwutoGE,159,481.46,483.0,Deixa o P do Che fazer o que ele quer aqui.,0,0,,,0,0,0,0,0,0,0,0
8q5VFwutoGE,160,486.3,488.14,"Caralho, quase pegou em mim isso aqui, mano.",1,1,caralho,sexual_degradante,0,0,1,0,0,0,0,0
8q5VFwutoGE,161,490.06,491.86,"Ok, acho que nós tá morto aqui, na real, né?",0,0,,,0,0,0,0,0,0,0,0
8q5VFwutoGE,162,498.7,499.02,Ok.,0,0,,,0,0,0,0,0,0,0,0
8q5VFwutoGE,163,505.79,506.69,"Ai, meu Deus, cara!",0,0,,,0,0,0,0,0,0,0,0
8q5VFwutoGE,164,506.75,508.03,"Tinha flecha, piranha, mano!",1,1,piranha,xingamentos_genero,0,0,0,0,1,0,0,0
8q5VFwutoGE,165,508.81,510.23,"Cara, me deu o dano, ataque básico, né?",0,0,,,0,0,0,0,0,0,0,0
8q5VFwutoGE,166,510.59,511.19,"Negalizuda, mano.",0,0,,,0,0,0,0,0,0,0,0
8q5VFwutoGE,167,512.07,512.97,"Nossa, minha popa tá imortal.",0,0,,,0,0,0,0,0,0,0,0
8q5VFwutoGE,168,513.17,513.65,Broke champion.,0,0,,,0,0,0,0,0,0,0,0
8q5VFwutoGE,169,514.55,514.95,Broke champion!,0,0,,,0,0,0,0,0,0,0,0
8q5VFwutoGE,170,514.95,516.07,"Broke champion, popzudo, tá bom.",0,0,,,0,0,0,0,0,0,0,0
8q5VFwutoGE,171,520.34,522.42,"Nossa, o cara começou lutando insta, eu, cara.",0,0,,,0,0,0,0,0,0,0,0
8q5VFwutoGE,172,522.46,523.54,"Que porra é essa, mano?",0,0,,,0,0,0,0,0,0,0,0
8q5VFwutoGE,173,523.62,525.26,"O que que é isso, cara?",0,0,,,0,0,0,0,0,0,0,0
8q5VFwutoGE,174,525.26,525.7,"Ô, louco.",0,0,,,0,0,0,0,0,0,0,0
8q5VFwutoGE,175,526.5,527.52,"Botei a referência aqui não, mano.",0,0,,,0,0,0,0,0,0,0,0
8q5VFwutoGE,176,527.54,528.18,Que porra foi essa?,0,0,,,0,0,0,0,0,0,0,0
8q5VFwutoGE,177,529.36,531.34,Só me utou insta e foda-se.,0,0,,,0,0,0,0,0,0,0,0
8q5VFwutoGE,178,531.4,531.8,"Ô, louco.",0,0,,,0,0,0,0,0,0,0,0
8q5VFwutoGE,179,532.58,532.82,Ok.,0,0,,,0,0,0,0,0,0,0,0
8q5VFwutoGE,180,534.66,535.92,"Só que ele fez certo, é, mano.",0,0,,,0,0,0,0,0,0,0,0
8q5VFwutoGE,181,535.96,536.78,Minhas mãos demoram a voltar.,0,0,,,0,0,0,0,0,0,0,0
8q5VFwutoGE,182,539.61,541.51,"Mas se ele jogar assim também, que nem imbecil.",0,0,,,0,0,0,0,0,0,0,0
8q5VFwutoGE,183,548.74,549.68,"É, ele só morreu.",0,0,,,0,0,0,0,0,0,0,0
8q5VFwutoGE,184,549.94,551.2,Só se matou mesmo.,0,0,,,0,0,0,0,0,0,0,0
8q5VFwutoGE,185,552.62,554.9,"Cara, eles não fazem barulho rápido não, na real, né?",0,0,,,0,0,0,0,0,0,0,0
8q5VFwutoGE,186,554.9,555.14,Tá bom.,0,0,,,0,0,0,0,0,0,0,0
8q5VFwutoGE,187,556.08,557.16,Foi freio kill pra nós aqui.,0,0,,,0,0,0,0,0,0,0,0
8q5VFwutoGE,188,557.66,559.7,"A gente faz barulho rápido e nem foder, na real, mano.",1,1,foder,sexual_degradante,0,0,1,0,0,0,0,0
8q5VFwutoGE,189,559.7,560.88,"Ele tá sem ult, Zeca.",0,0,,,0,0,0,0,0,0,0,0
8q5VFwutoGE,190,560.88,561.66,Ele é menos um na fase.,0,0,,,0,0,0,0,0,0,0,0
8q5VFwutoGE,191,561.72,562.52,Dá pra cobrar aqui.,0,0,,,0,0,0,0,0,0,0,0
8q5VFwutoGE,192,563.82,564.66,Tá sem bisudo.,0,0,,,0,0,0,0,0,0,0,0
8q5VFwutoGE,193,569.22,570.84,"O Gui vai ter dois mil de foda-se, mano.",0,0,,,0,0,0,0,0,0,0,0
8q5VFwutoGE,194,570.88,571.86,Só faz isso aqui e pronto.,0,0,,,0,0,0,0,0,0,0,0
8q5VFwutoGE,195,574.13,576.13,"Dá até antes de fazer, antes do cara chegar aqui, mano.",0,0,,,0,0,0,0,0,0,0,0
8q5VFwutoGE,196,576.15,576.41,"Dá, né?",0,0,,,0,0,0,0,0,0,0,0
8q5VFwutoGE,197,577.57,578.01,Dá até.,0,0,,,0,0,0,0,0,0,0,0
8q5VFwutoGE,198,578.07,579.09,"Eu vou dar bisudo aqui, mano.",0,0,,,0,0,0,0,0,0,0,0
8q5VFwutoGE,199,579.69,580.01,Mano.,0,0,,,0,0,0,0,0,0,0,0
8q5VFwutoGE,200,580.27,581.71,"Pô, isso aqui me favelou, isso aqui.",0,0,,,0,0,0,0,0,0,0,0
8q5VFwutoGE,201,583.01,584.11,"Ele pode me solar aqui, né?",0,0,,,0,0,0,0,0,0,0,0
8q5VFwutoGE,202,589.88,590.78,Sabia que ele ia me ultar aqui.,0,0,,,0,0,0,0,0,0,0,0
8q5VFwutoGE,203,594.55,595.81,"Ele me solar aqui, nem fudeu.",0,0,,,0,0,0,0,0,0,0,0
8q5VFwutoGE,204,595.85,596.61,Eu não tô de serfo aqui.,0,0,,,0,0,0,0,0,0,0,0
8q5VFwutoGE,205,597.51,598.99,"Eu meio que vou pegar um milhão de vida aqui, né?",0,0,,,0,0,0,0,0,0,0,0
8q5VFwutoGE,206,600.99,602.71,"Caraca, meu time não pode chavelar, mano.",0,0,,,0,0,0,0,0,0,0,0
8q5VFwutoGE,207,602.79,603.79,"Tem ward aqui, mano?",0,0,,,0,0,0,0,0,0,0,0
8q5VFwutoGE,208,603.79,604.45,Nem fodendo,0,0,,,0,0,0,0,0,0,0,0
8q5VFwutoGE,209,604.45,606.67,Eu acho que sim,0,0,,,0,0,0,0,0,0,0,0
8q5VFwutoGE,210,606.67,610.13,Ok,0,0,,,0,0,0,0,0,0,0,0
8q5VFwutoGE,211,610.13,618.62,"É, tá bom, negudo",0,0,,,0,0,0,0,0,0,0,0
8q5VFwutoGE,212,618.62,619.66,Tá bom,0,0,,,0,0,0,0,0,0,0,0
8q5VFwutoGE,213,619.66,620.74,"Tá hoje, tá hoje",0,0,,,0,0,0,0,0,0,0,0
8q5VFwutoGE,214,620.74,622.12,"Caralho, mano",1,1,caralho,sexual_degradante,0,0,1,0,0,0,0,0
8q5VFwutoGE,215,622.12,622.72,O cartola dando,0,0,,,0,0,0,0,0,0,0,0
8q5VFwutoGE,216,622.72,623.74,Mano,0,0,,,0,0,0,0,0,0,0,0
8q5VFwutoGE,217,623.74,624.72,Bisonho,0,0,,,0,0,0,0,0,0,0,0
8q5VFwutoGE,218,624.72,626.02,"Que porra de damage é esse, mano",0,0,,,0,0,0,0,0,0,0,0
8q5VFwutoGE,219,626.02,627.48,Já tá muito,0,0,,,0,0,0,0,0,0,0,0
8q5VFwutoGE,220,627.48,628.58,O cartola azul,0,0,,,0,0,0,0,0,0,0,0
8q5VFwutoGE,221,628.58,629.28,"Que isso, mano",0,0,,,0,0,0,0,0,0,0,0
8q5VFwutoGE,222,629.28,629.66,Loco,0,0,,,0,0,0,0,0,0,0,0
8q5VFwutoGE,223,629.66,631.92,"Tá minha vó de aqui, mano",0,0,,,0,0,0,0,0,0,0,0
8q5VFwutoGE,224,631.92,633.58,"Pô, faltou 300 gols na real, né",0,0,,,0,0,0,0,0,0,0,0
8q5VFwutoGE,225,633.58,634.36,Puxa uma side,0,0,,,0,0,0,0,0,0,0,0
8q5VFwutoGE,226,634.36,635.2,Eu fecho minha vó de zuda,0,0,,,0,0,0,0,0,0,0,0
8q5VFwutoGE,227,635.2,637.32,Tá fazendo foda,0,0,,,0,0,0,0,0,0,0,0
8q5VFwutoGE,228,637.32,637.96,O soldado,0,0,,,0,0,0,0,0,0,0,0
8q5VFwutoGE,229,637.96,639.64,Soldado Hitler zudo,0,0,,,0,0,0,0,0,0,0,0
8q5VFwutoGE,230,639.64,647.57,Todo mundo tem flash,0,0,,,0,0,0,0,0,0,0,0
8q5VFwutoGE,231,647.57,648.51,"Esse game aqui, né, mano",0,0,,,0,0,0,0,0,0,0,0
8q5VFwutoGE,232,648.51,650.73,"Cara, por algum motivo",0,0,,,0,0,0,0,0,0,0,0
8q5VFwutoGE,233,650.73,654.48,Por algum motivo eu pensei,0,0,,,0,0,0,0,0,0,0,0
8q5VFwutoGE,234,654.48,655.72,"O Kong era contra mim, mano",0,0,,,0,0,0,0,0,0,0,0
8q5VFwutoGE,235,655.72,656.8,"Eu tenho o Kong, por algum motivo",0,0,,,0,0,0,0,0,0,0,0
8q5VFwutoGE,236,656.8,659.48,"Ah, bom, let's game, cacadinho, ok",0,0,,,0,0,0,0,0,0,0,0
8q5VFwutoGE,237,659.48,661.82,"Pra ultima let's game, Zuba",0,0,,,0,0,0,0,0,0,0,0
8q5VFwutoGE,238,661.82,666.17,"Corre, mano",0,0,,,0,0,0,0,0,0,0,0
8q5VFwutoGE,239,666.17,673.89,"Que isso aqui, eu vou morrer aqui, mano",0,0,,,0,0,0,0,0,0,0,0
8q5VFwutoGE,240,673.89,677.3,"Meu Deus, olha se eu morro aqui",0,0,,,0,0,0,0,0,0,0,0
8q5VFwutoGE,241,677.3,677.86,"Acho que eu morri, né",0,0,,,0,0,0,0,0,0,0,0
8q5VFwutoGE,242,677.86,679.64,"Oh, meu Deus, eu vivo, ok",0,0,,,0,0,0,0,0,0,0,0
8q5VFwutoGE,243,679.64,681.44,"Calma aí, nego, calma, calma",0,0,,,0,0,0,0,0,0,0,0
8q5VFwutoGE,244,681.44,683.98,Eu só tive que humilhar os caras nessa fight,0,0,,,0,0,0,0,0,0,0,0
8q5VFwutoGE,245,683.98,689.23,"Porra, mano, a Lulu morreu aqui ainda, mano",0,0,,,0,0,0,0,0,0,0,0
8q5VFwutoGE,246,689.23,690.03,"Lulu, ok",0,0,,,0,0,0,0,0,0,0,0
8q5VFwutoGE,247,690.03,697.25,"Mano, é bom jogar assim não, na real, mano",0,0,,,0,0,0,0,0,0,0,0
8q5VFwutoGE,248,697.25,699.69,"É melhor meu time, mano",0,0,,,0,0,0,0,0,0,0,0
8q5VFwutoGE,249,699.69,701.61,É só ninguém fazer nada,0,0,,,0,0,0,0,0,0,0,0
8q5VFwutoGE,250,701.61,704.81,"Nossa, o cara só morreu, mano",0,0,,,0,0,0,0,0,0,0,0
8q5VFwutoGE,251,704.81,705.27,Tá bom,0,0,,,0,0,0,0,0,0,0,0
8q5VFwutoGE,252,705.27,707.77,"Já peguei esse ali aqui, um favelado, basicamente",0,0,,,0,0,0,0,0,0,0,0
8q5VFwutoGE,253,707.77,710.63,"Beleza, revisudo, ok",0,0,,,0,0,0,0,0,0,0,0
8q5VFwutoGE,254,710.63,715.58,"Cara, só um do reto aqui",0,0,,,0,0,0,0,0,0,0,0
8q5VFwutoGE,255,715.58,716.6,"Estou preso, na real",0,0,,,0,0,0,0,0,0,0,0
8q5VFwutoGE,256,716.6,719.95,Caralho!,1,1,caralho,sexual_degradante,0,0,1,0,0,0,0,0
8q5VFwutoGE,257,722.06,722.8,"Morri aqui, mano",0,0,,,0,0,0,0,0,0,0,0
8q5VFwutoGE,258,722.8,727.35,"Cara, antes de morrer, eu matei dois aqui",0,0,,,0,0,0,0,0,0,0,0
8q5VFwutoGE,259,727.35,728.59,"Gostei de usar de mim, basicamente",0,0,,,0,0,0,0,0,0,0,0
8q5VFwutoGE,260,728.59,731.35,"Só pelo fato de eu gostar de usar de mim, mano",0,0,,,0,0,0,0,0,0,0,0
8q5VFwutoGE,261,731.35,733.19,Eu acho que tá oi pra nós ganhar,0,0,,,0,0,0,0,0,0,0,0
8q5VFwutoGE,262,733.19,739.02,Só pelo Zé gastar o time,0,0,,,0,0,0,0,0,0,0,0
8q5VFwutoGE,263,739.02,740.78,Fica bem ilustre na fase de nascer o time de Zuda,0,0,,,0,0,0,0,0,0,0,0
8q5VFwutoGE,264,740.78,741.28,Tá bom,0,0,,,0,0,0,0,0,0,0,0
8q5VFwutoGE,265,741.28,744.36,"Acabou o game, será, mano?",0,0,,,0,0,0,0,0,0,0,0
8q5VFwutoGE,266,745.42,746.7,Vou pela GG aqui também,0,0,,,0,0,0,0,0,0,0,0
8q5VFwutoGE,267,746.7,748.32,"Caralho, mano",1,1,caralho,sexual_degradante,0,0,1,0,0,0,0,0
8q5VFwutoGE,268,748.32,752.06,Foi o game Zuda,0,0,,,0,0,0,0,0,0,0,0
8q5VFwutoGE,269,752.06,753.32,"Foi o game Zuda aqui, mano",0,0,,,0,0,0,0,0,0,0,0
8q5VFwutoGE,270,753.32,756.78,"É, acabou, foi um bom game",0,0,,,0,0,0,0,0,0,0,0
8q5VFwutoGE,271,756.78,761.46,"Cara, meu PS caiu, mano, que porra é essa?",0,0,,,0,0,0,0,0,0,0,0
8q5VFwutoGE,272,761.56,761.98,Cadê o merda?,0,0,,,0,0,0,0,0,0,0,0
8q5VFwutoGE,273,761.98,762.68,"Alô, Nebudo, alô",0,0,,,0,0,0,0,0,0,0,0
8q5VFwutoGE,274,762.68,763.52,A bolsa,0,0,,,0,0,0,0,0,0,0,0
nmPCfoxku2k,1,0.0,2.5,"Ok, Brawl Temple, Castle Dwarf, ok, Brawl Temple",0,0,,,0,0,0,0,0,0,0,0
nmPCfoxku2k,2,3.0,5.5,"Tem que carregar o Abyssal Lute aqui, rapaziada, pra virar vídeo",0,0,,,0,0,0,0,0,0,0,0
nmPCfoxku2k,3,5.5,8.62,"E estuprar no jogo carregando o Abyssal Lute, sai da reta azuda, sai da reta azuda",0,0,,,0,0,0,0,0,0,0,0
nmPCfoxku2k,4,8.62,11.76,"Caralho, eu tenho que fazer pra carregar o Abyssal, mano, tá louco, mano",1,1,caralho,sexual_degradante,0,0,1,0,0,0,0,0
nmPCfoxku2k,5,11.76,14.12,"Time Poder, cara, que que é isso, mano",0,0,,,0,0,0,0,0,0,0,0
nmPCfoxku2k,6,14.12,17.12,"Cara, que merda de time podre que eu tô pegando, não tem um ser humano no meu time, mano",0,0,,,0,0,0,0,0,0,0,0
nmPCfoxku2k,7,17.12,23.28,"Ai, minhas zonas, cara, eu dei R zonas, cara, meu Deus, cara",0,0,,,0,0,0,0,0,0,0,0
nmPCfoxku2k,8,23.66,26.04,"Eu matava o Smolder, cara, ai meu Deus, mano, tá bom",0,0,,,0,0,0,0,0,0,0,0
nmPCfoxku2k,9,26.04,27.9,"Eu fechei Void, acabou o game, tá bom",0,0,,,0,0,0,0,0,0,0,0
nmPCfoxku2k,10,27.9,35.09,"Tem um podre, um rio favelado.",0,0,,,0,0,0,0,0,0,0,0
nmPCfoxku2k,11,35.49,37.31,"Meu, olha o que eu tô fazendo pra ele de caçadinho.",0,0,,,0,0,0,0,0,0,0,0
nmPCfoxku2k,12,38.17,39.55,O Absoluto tá no meu time?,0,0,,,0,0,0,0,0,0,0,0
nmPCfoxku2k,13,40.21,41.33,"Que que é isso, cara?",0,0,,,0,0,0,0,0,0,0,0
nmPCfoxku2k,14,41.39,42.69,"Meu Deus, nem fodendo.",0,0,,,0,0,0,0,0,0,0,0
nmPCfoxku2k,15,43.13,45.07,"O Absoluto tá no meu time, cara.",0,0,,,0,0,0,0,0,0,0,0
nmPCfoxku2k,16,45.15,46.03,"Meu Deus, mano.",0,0,,,0,0,0,0,0,0,0,0
nmPCfoxku2k,17,47.71,49.07,Prevejo início de vídeo com esse clipe?,0,0,,,0,0,0,0,0,0,0,0
nmPCfoxku2k,18,49.25,50.25,"Ah, nem fodendo, cara.",0,0,,,0,0,0,0,0,0,0,0
nmPCfoxku2k,19,50.73,52.09,"Cara, meu Deus, cara.",0,0,,,0,0,0,0,0,0,0,0
nmPCfoxku2k,20,52.11,52.89,"Que que é isso, mano?",0,0,,,0,0,0,0,0,0,0,0
nmPCfoxku2k,21,53.65,54.81,"Acabou, acabou a live, cara.",0,0,,,0,0,0,0,0,0,0,0
nmPCfoxku2k,22,55.21,58.15,"Cara, qual que é a chance de eu dar kill e cair com o Absoluto no time, cara?",0,0,,,0,0,0,0,0,0,0,0
nmPCfoxku2k,23,58.75,60.35,"Ter vontade em tais, que foda-se, cara.",0,0,,,0,0,0,0,0,0,0,0
nmPCfoxku2k,24,61.31,61.85,"Tá louco, cara.",0,0,,,0,0,0,0,0,0,0,0
nmPCfoxku2k,25,61.85,63.25,"Minha conta é favelada mesmo, cara.",0,0,,,0,0,0,0,0,0,0,0
nmPCfoxku2k,26,63.25,64.81,"Olha essa kill satânica que eu tô, cara",0,0,,,0,0,0,0,0,0,0,0
nmPCfoxku2k,27,64.81,66.31,Meu contra é Mikael lá no mid,0,0,,,0,0,0,0,0,0,0,0
nmPCfoxku2k,28,66.31,68.41,"Cara, eu perdi, eu nem fiz level 1, rapaziada",0,0,,,0,0,0,0,0,0,0,0
nmPCfoxku2k,29,68.41,69.29,"Tem que focar aqui, mano",0,0,,,0,0,0,0,0,0,0,0
nmPCfoxku2k,30,69.29,71.65,"Eu vou tentar carregar o absolute aqui agora, bora",0,0,,,0,0,0,0,0,0,0,0
nmPCfoxku2k,31,71.65,72.35,Vou focar aqui,0,0,,,0,0,0,0,0,0,0,0
nmPCfoxku2k,32,72.35,74.23,"Vou carregar o abissalzudo aqui, mano",0,0,,,0,0,0,0,0,0,0,0
nmPCfoxku2k,33,74.23,77.11,"O abissal, mano, eu não sei o que é o teu abissal",0,0,,,0,0,0,0,0,0,0,0
nmPCfoxku2k,34,77.11,79.79,"Seu abissal é podre, ruim podre, cara",0,0,,,0,0,0,0,0,0,0,0
nmPCfoxku2k,35,79.79,80.19,Podre,0,0,,,0,0,0,0,0,0,0,0
nmPCfoxku2k,36,80.19,83.21,"Tomara que ele não favore o jogo aqui, esse podre",0,0,,,0,0,0,0,0,0,0,0
nmPCfoxku2k,37,83.21,85.87,"Se ele conseguia pro ex perder level 1, eu acho, mano",0,0,,,0,0,0,0,0,0,0,0
nmPCfoxku2k,38,85.87,89.89,Eu até só tô de abissal,0,0,,,0,0,0,0,0,0,0,0
nmPCfoxku2k,39,89.89,93.23,"Não é ruim esse não, tá sem",0,0,,,0,0,0,0,0,0,0,0
nmPCfoxku2k,40,93.23,93.99,Ok,0,0,,,0,0,0,0,0,0,0,0
nmPCfoxku2k,41,93.99,97.17,Vou dar B bem cedo aqui,0,0,,,0,0,0,0,0,0,0,0
nmPCfoxku2k,42,97.17,98.59,Mas já consegui o gol que eu queria já,0,0,,,0,0,0,0,0,0,0,0
nmPCfoxku2k,43,98.59,99.89,"Que era minha gota azul, tá suave o game",0,0,,,0,0,0,0,0,0,0,0
nmPCfoxku2k,44,99.89,102.87,Vou dar B aqui e fechar minha gota azul,0,0,,,0,0,0,0,0,0,0,0
nmPCfoxku2k,45,102.87,103.31,Tá suave,0,0,,,0,0,0,0,0,0,0,0
nmPCfoxku2k,46,103.31,110.67,Isso aqui foi bom na real,0,0,,,0,0,0,0,0,0,0,0
nmPCfoxku2k,47,110.67,111.85,Taquei minha barilheta,0,0,,,0,0,0,0,0,0,0,0
nmPCfoxku2k,48,111.85,115.29,Olha o canal tem TP pra usar,0,0,,,0,0,0,0,0,0,0,0
nmPCfoxku2k,49,115.29,122.21,Ok,0,0,,,0,0,0,0,0,0,0,0
nmPCfoxku2k,50,122.21,132.6,A banda é rotudeira em mim,0,0,,,0,0,0,0,0,0,0,0
nmPCfoxku2k,51,132.6,136.24,"Cara, não vai dar BTP nunca isso aqui, mano",0,0,,,0,0,0,0,0,0,0,0
nmPCfoxku2k,52,136.24,138.36,Eu tenho que começar a usar meu biscoito azul,0,0,,,0,0,0,0,0,0,0,0
nmPCfoxku2k,53,138.36,140.06,Aí eu vou puxar mais uma,0,0,,,0,0,0,0,0,0,0,0
nmPCfoxku2k,54,140.06,141.04,"Que ela vai descer bot, parece",0,0,,,0,0,0,0,0,0,0,0
nmPCfoxku2k,55,141.04,142.48,Vou puxar mais uma aqui,0,0,,,0,0,0,0,0,0,0,0
nmPCfoxku2k,56,142.48,152.58,"Caraca, mano, eu posso dar um bilhão de pin",0,0,,,0,0,0,0,0,0,0,0
nmPCfoxku2k,57,152.58,154.42,"Na cabeça dos devs, não adianta porra nenhuma, né",0,0,,,0,0,0,0,0,0,0,0
nmPCfoxku2k,58,154.42,155.76,Posso dar um bilhão de ping azul,0,0,,,0,0,0,0,0,0,0,0
nmPCfoxku2k,59,155.76,158.26,"Ih, pegou duas kills ainda, cara",0,0,,,0,0,0,0,0,0,0,0
nmPCfoxku2k,60,158.26,161.76,"Ah, não, o cara é podre, que isso",0,0,,,0,0,0,0,0,0,0,0
nmPCfoxku2k,61,161.76,166.41,"Cara, agora você imagina",0,0,,,0,0,0,0,0,0,0,0
nmPCfoxku2k,62,166.41,168.37,O mundo que essa criação tá com duas kills,0,0,,,0,0,0,0,0,0,0,0
nmPCfoxku2k,63,168.37,168.93,"Aconteceu, cara",0,0,,,0,0,0,0,0,0,0,0
nmPCfoxku2k,64,168.93,172.47,Tá bom,0,0,,,0,0,0,0,0,0,0,0
nmPCfoxku2k,65,172.47,172.87,Ok.,0,0,,,0,0,0,0,0,0,0,0
nmPCfoxku2k,66,173.97,176.05,"Em outubro, mano, então beleza, então beleza.",0,0,,,0,0,0,0,0,0,0,0
nmPCfoxku2k,67,176.33,178.21,Por que você parou de falar do bueiro?,0,0,,,0,0,0,0,0,0,0,0
nmPCfoxku2k,68,178.29,179.87,"Mas quem fala do bueiro são vocês, cara.",0,0,,,0,0,0,0,0,0,0,0
nmPCfoxku2k,69,180.01,180.93,Você acha que eu falo do bueiro?,0,0,,,0,0,0,0,0,0,0,0
nmPCfoxku2k,70,187.75,188.69,"Eu vou morrer aqui, né?",0,0,,,0,0,0,0,0,0,0,0
nmPCfoxku2k,71,190.83,191.89,"Caraca, eu sou favelado.",0,0,,,0,0,0,0,0,0,0,0
nmPCfoxku2k,72,191.95,192.99,"Que porra é essa, mano?",0,0,,,0,0,0,0,0,0,0,0
nmPCfoxku2k,73,196.84,197.84,"Você tá louco, mano?",0,0,,,0,0,0,0,0,0,0,0
nmPCfoxku2k,74,197.88,199.82,"O cara tá ficando no jogo, mal-ritado e zudo, mano.",0,0,,,0,0,0,0,0,0,0,0
nmPCfoxku2k,75,201.4,201.76,Ok.,0,0,,,0,0,0,0,0,0,0,0
nmPCfoxku2k,76,202.92,203.86,Dá meu beijo aqui.,0,0,,,0,0,0,0,0,0,0,0
nmPCfoxku2k,77,207.8,210.66,"Eu vou vir aqui pra uma causa maior aqui, mano.",0,0,,,0,0,0,0,0,0,0,0
nmPCfoxku2k,78,210.66,212.2,"Tem como se eu tá alguém aqui, mano?",0,0,,,0,0,0,0,0,0,0,0
nmPCfoxku2k,79,218.89,219.93,"Meu Deus, cara.",0,0,,,0,0,0,0,0,0,0,0
nmPCfoxku2k,80,220.33,234.96,Inventor de produtos talvez racistas mandou 2 reais,0,0,,,0,0,0,0,0,0,0,0
nmPCfoxku2k,81,234.96,238.24,E o Xudo te apresenta minha nova invenção,0,0,,,0,0,0,0,0,0,0,0
nmPCfoxku2k,82,238.24,240.5,O caça-niver 1945,0,0,,,0,0,0,0,0,0,0,0
nmPCfoxku2k,83,240.5,244.06,Um robô que possui um arsenal variado de armas de fogo,0,0,,,0,0,0,0,0,0,0,0
nmPCfoxku2k,84,244.06,246.8,Até chicotes de couro vindo da fazenda Pavaneti,0,0,,,0,0,0,0,0,0,0,0
nmPCfoxku2k,85,246.8,249.34,E o propósito desse robô você se pergunta,0,0,,,0,0,0,0,0,0,0,0
nmPCfoxku2k,86,249.34,251.88,Caçar todos os neguinhos que estão por aí,0,0,,,0,0,0,0,0,0,0,0
nmPCfoxku2k,87,290.96,291.56,"Fodi, mano.",0,0,,,0,0,0,0,0,0,0,0
nmPCfoxku2k,88,291.92,292.72,Usei meu darmo nela.,0,0,,,0,0,0,0,0,0,0,0
nmPCfoxku2k,89,293.7,294.66,"Ah, mas tá bom, isso tá bom.",0,0,,,0,0,0,0,0,0,0,0
nmPCfoxku2k,90,295.86,297.16,"Eu acho que ela vai morrer daqui a pouco, né?",0,0,,,0,0,0,0,0,0,0,0
nmPCfoxku2k,91,298.48,299.84,"Eu sofri podre de ruim, mano.",0,0,,,0,0,0,0,0,0,0,0
nmPCfoxku2k,92,299.96,300.6,"O que tá fazendo, galera?",0,0,,,0,0,0,0,0,0,0,0
nmPCfoxku2k,93,302.24,303.4,"Tá bom, mas ela lutou, né?",0,0,,,0,0,0,0,0,0,0,0
nmPCfoxku2k,94,305.54,305.86,Ok.,0,0,,,0,0,0,0,0,0,0,0
nmPCfoxku2k,95,311.19,312.41,"Cara, eu sou animal frio.",0,0,,,0,0,0,0,0,0,0,0
nmPCfoxku2k,96,313.07,313.83,"Mano, meu Deus.",0,0,,,0,0,0,0,0,0,0,0
nmPCfoxku2k,97,313.89,314.65,"Deixa eu matar o cara aqui, ó.",0,0,,,0,0,0,0,0,0,0,0
nmPCfoxku2k,98,316.07,317.39,"Cara, não dá pra jogar LOL não, mano.",0,0,,,0,0,0,0,0,0,0,0
nmPCfoxku2k,99,317.43,317.85,Sem neve.,0,0,,,0,0,0,0,0,0,0,0
nmPCfoxku2k,100,318.09,318.31,Meu.,0,0,,,0,0,0,0,0,0,0,0
nmPCfoxku2k,101,319.09,320.37,"O cara comprou conta, parece, né?",0,0,,,0,0,0,0,0,0,0,0
nmPCfoxku2k,102,322.07,323.51,"O cara comprou conta, mas chivando, cara.",0,0,,,0,0,0,0,0,0,0,0
nmPCfoxku2k,103,323.99,325.41,"O cara tá pingando pra descer blue, entendeu?",0,0,,,0,0,0,0,0,0,0,0
nmPCfoxku2k,104,325.41,329.33,"É um tipo assim, free play do top, favelado, dementão, pingando e ser bruto, né?",0,0,,,0,0,0,0,0,0,0,0
nmPCfoxku2k,105,333.25,333.91,Olha que...,0,0,,,0,0,0,0,0,0,0,0
nmPCfoxku2k,106,333.91,334.95,"Mata o cara aqui, mano.",0,0,,,0,0,0,0,0,0,0,0
nmPCfoxku2k,107,335.03,335.73,"Pelo amor de Deus, mano.",0,0,,,0,0,0,0,0,0,0,0
nmPCfoxku2k,108,340.58,341.86,"Então, a gente perde isso aqui, mano.",0,0,,,0,0,0,0,0,0,0,0
nmPCfoxku2k,109,344.96,346.84,"Será que eu tenho flash e eu tô morto aqui, mano?",0,0,,,0,0,0,0,0,0,0,0
nmPCfoxku2k,110,346.86,349.06,Acho que...,0,0,,,0,0,0,0,0,0,0,0
nmPCfoxku2k,111,349.06,349.82,"Ou não, ou não.",0,0,,,0,0,0,0,0,0,0,0
nmPCfoxku2k,112,351.54,352.08,"Me vá, você...",0,0,,,0,0,0,0,0,0,0,0
nmPCfoxku2k,113,352.08,353.52,"Mano, que chivana podre, mano.",0,0,,,0,0,0,0,0,0,0,0
nmPCfoxku2k,114,353.56,353.78,Você tá...,0,0,,,0,0,0,0,0,0,0,0
nmPCfoxku2k,115,353.78,354.44,"Como é que pode, cara?",0,0,,,0,0,0,0,0,0,0,0
nmPCfoxku2k,116,355.1,356.52,"Cara, tipo assim, asqueroso de ruim.",0,0,,,0,0,0,0,0,0,0,0
nmPCfoxku2k,117,356.74,357.24,"Asqueroso, cara.",0,0,,,0,0,0,0,0,0,0,0
nmPCfoxku2k,118,357.34,357.64,Asqueroso.,0,0,,,0,0,0,0,0,0,0,0
nmPCfoxku2k,119,359.38,361.44,O top 1 favelado que existe no planeta Terra.,0,0,,,0,0,0,0,0,0,0,0
nmPCfoxku2k,120,361.48,362.04,"Esse podre, mano.",0,0,,,0,0,0,0,0,0,0,0
nmPCfoxku2k,121,363.28,363.56,Ok.,0,0,,,0,0,0,0,0,0,0,0
nmPCfoxku2k,122,364.02,364.98,"Dá meu beijo aqui, mano.",0,0,,,0,0,0,0,0,0,0,0
nmPCfoxku2k,123,365.14,368.52,"Eu tô me odiando não ser um filho podre do morro, né? Faltou isso.",0,0,,,0,0,0,0,0,0,0,0
nmPCfoxku2k,124,376.74,378.82,"Ok, bro, o tempo que eu estou aqui, ok? Do tempo.",0,0,,,0,0,0,0,0,0,0,0
nmPCfoxku2k,125,379.84,381.8,"Tem que carregar alguns saludos aqui, rapaziada, pra virar vídeo.",0,0,,,0,0,0,0,0,0,0,0
nmPCfoxku2k,126,382.42,383.94,"E estuprar no jogo, carregando uns saludos.",0,0,,,0,0,0,0,0,0,0,0
nmPCfoxku2k,127,384.02,385.14,"Sai da reta, zuda. Sai da reta, zuda.",0,0,,,0,0,0,0,0,0,0,0
nmPCfoxku2k,128,385.92,387.16,"Bom dia pra lá, fizão. Bom dia, demucha.",0,0,,,0,0,0,0,0,0,0,0
nmPCfoxku2k,129,387.22,388.3,"Bom dia, zuda. Bom dia, zuda. Bom dia, zuda.",0,0,,,0,0,0,0,0,0,0,0
nmPCfoxku2k,130,388.72,393.52,"Ah, xd.",0,0,,,0,0,0,0,0,0,0,0
nmPCfoxku2k,131,394.58,395.64,"Ah, xd, pô.",0,0,,,0,0,0,0,0,0,0,0
nmPCfoxku2k,132,396.74,397.96,"Cara, o cara sai muito bom mesmo.",0,0,,,0,0,0,0,0,0,0,0
nmPCfoxku2k,133,398.24,401.16,O cara tem visão global de me entregar.,0,0,,,0,0,0,0,0,0,0,0
nmPCfoxku2k,134,401.4,401.68,Ok.,0,0,,,0,0,0,0,0,0,0,0
nmPCfoxku2k,135,401.68,406.49,"Que pô, D.D. Chivanei, esse cara é um suprado mesmo.",0,0,,,0,0,0,0,0,0,0,0
nmPCfoxku2k,136,406.49,410.23,"Ele foi molestado, exatamente",0,0,,,0,0,0,0,0,0,0,0
nmPCfoxku2k,137,410.23,422.33,"Ok, bro, cheio pra gastar dia, ok",0,0,,,0,0,0,0,0,0,0,0
nmPCfoxku2k,138,422.33,426.01,"Caralho, eu tenho que fazer pra carregar o Bissau, mano",1,1,caralho,sexual_degradante,0,0,1,0,0,0,0,0
nmPCfoxku2k,139,426.01,426.89,"Tá louco, mano",0,0,,,0,0,0,0,0,0,0,0
nmPCfoxku2k,140,426.89,428.89,"Que poder, cara, que isso, mano",0,0,,,0,0,0,0,0,0,0,0
nmPCfoxku2k,141,428.89,431.13,Que medo de time podre que eu tô pegando,0,0,,,0,0,0,0,0,0,0,0
nmPCfoxku2k,142,431.13,432.57,"Não tem um ser humano no meu time, mano",0,0,,,0,0,0,0,0,0,0,0
nmPCfoxku2k,143,432.57,440.34,"Ok, dá pra matar ele aqui",0,0,,,0,0,0,0,0,0,0,0
nmPCfoxku2k,144,440.34,444.66,"Vai, badminton, não botei faz dano aqui não",0,0,,,0,0,0,0,0,0,0,0
nmPCfoxku2k,145,444.66,452.61,"Ok, tem um K de build aqui",0,0,,,0,0,0,0,0,0,0,0
nmPCfoxku2k,146,452.61,454.37,Mas dá pra carregar aqui os botões,0,0,,,0,0,0,0,0,0,0,0
nmPCfoxku2k,147,454.37,456.23,"Tem que focar esse game aqui, mano",0,0,,,0,0,0,0,0,0,0,0
nmPCfoxku2k,148,456.23,457.53,"Eu não vou colocar aqui, mas vai dar merda.",0,0,,,0,0,0,0,0,0,0,0
nmPCfoxku2k,149,458.13,460.15,"Eu vou colocar no game aqui e vai vir vídeo no YouTube, tá bom?",0,0,,,0,0,0,0,0,0,0,0
nmPCfoxku2k,150,460.27,461.43,"Carregando absolutizudo, mano.",0,0,,,0,0,0,0,0,0,0,0
nmPCfoxku2k,151,462.25,464.27,A Ashvan tá igual os caras que eu tiro de rift.,0,0,,,0,0,0,0,0,0,0,0
nmPCfoxku2k,152,464.37,465.17,Esse cara aqui é bem podre mesmo.,0,0,,,0,0,0,0,0,0,0,0
nmPCfoxku2k,153,468.93,470.19,"Mano, tá ruim fightar aqui, mano.",0,0,,,0,0,0,0,0,0,0,0
nmPCfoxku2k,154,470.21,471.03,"Não fighta assim, mano.",0,0,,,0,0,0,0,0,0,0,0
nmPCfoxku2k,155,475.73,476.91,"Agora tá bom fightar, mano.",0,0,,,0,0,0,0,0,0,0,0
nmPCfoxku2k,156,477.29,477.47,Ok.,0,0,,,0,0,0,0,0,0,0,0
nmPCfoxku2k,157,482.38,484.06,"Nossa, que estupro é esse, cara?",0,0,,,0,0,0,0,0,0,0,0
nmPCfoxku2k,158,485.8,486.82,"Que que é isso, cara?",0,0,,,0,0,0,0,0,0,0,0
nmPCfoxku2k,159,486.84,487.52,"Que estupro é esse, cara?",0,0,,,0,0,0,0,0,0,0,0
nmPCfoxku2k,160,487.56,488.76,"Deu merda do Madru, cara.",0,0,,,0,0,0,0,0,0,0,0
nmPCfoxku2k,161,488.82,489.0,Ok.,0,0,,,0,0,0,0,0,0,0,0
nmPCfoxku2k,162,490.62,492.46,"Pô, eu queria pegar uma planta azul daqui, mano.",0,0,,,0,0,0,0,0,0,0,0
nmPCfoxku2k,163,492.46,494.06,Vou pegar a Flamengo lá aqui pra carregar isso aqui.,0,0,,,0,0,0,0,0,0,0,0
nmPCfoxku2k,164,497.07,498.15,Vamos querer fightar de novo.,0,0,,,0,0,0,0,0,0,0,0
nmPCfoxku2k,165,498.23,498.95,"A gente ganha isso aqui, mano.",0,0,,,0,0,0,0,0,0,0,0
nmPCfoxku2k,166,500.79,501.89,"Deixa eu dar a B, Zuda, aqui.",0,0,,,0,0,0,0,0,0,0,0
nmPCfoxku2k,167,502.31,516.16,"Zonas, cara! Eu dei a R, zonas, cara!",0,0,,,0,0,0,0,0,0,0,0
nmPCfoxku2k,168,516.2,516.84,"Meu Deus, cara!",0,0,,,0,0,0,0,0,0,0,0
nmPCfoxku2k,169,517.48,519.4,"Mano, tava o Smolder, cara! Ai, meu Deus, mano!",0,0,,,0,0,0,0,0,0,0,0
nmPCfoxku2k,170,519.44,521.24,Tá bom. Eu fechei Void. Acabou o game. Tá bom.,0,0,,,0,0,0,0,0,0,0,0
nmPCfoxku2k,171,522.26,523.28,"Comecei a fechar a Void, Zuda, agora.",0,0,,,0,0,0,0,0,0,0,0
nmPCfoxku2k,172,523.9,526.0,"Cara, o jogo tá muito satânico! Tá falando de corpos aqui, mano!",0,0,,,0,0,0,0,0,0,0,0
nmPCfoxku2k,173,526.48,527.86,Olha o que eu tenho que fazer pra carregar,0,0,,,0,0,0,0,0,0,0,0
nmPCfoxku2k,174,527.86,529.8,"o pôr de um idoso, mano! Cheguei pra",0,0,,,0,0,0,0,0,0,0,0
nmPCfoxku2k,175,529.8,537.47,"fé do Pirite, foi. Deixa eu ver",0,0,,,0,0,0,0,0,0,0,0
nmPCfoxku2k,176,537.47,538.93,"isso aqui. Vai dar Full Chase, né? Como não?",0,0,,,0,0,0,0,0,0,0,0
nmPCfoxku2k,177,543.15,543.55,"Então, ok.",0,0,,,0,0,0,0,0,0,0,0
nmPCfoxku2k,178,548.36,549.46,"Então, merda aqui, cara.",0,0,,,0,0,0,0,0,0,0,0
nmPCfoxku2k,179,556.0,558.16,"Só tanque. Dá esse pedaço logo aí, mano.",0,0,,,0,0,0,0,0,0,0,0
nmPCfoxku2k,180,558.16,558.98,"Me shielda, please.",0,0,,,0,0,0,0,0,0,0,0
nmPCfoxku2k,181,563.34,564.36,"Meu Deus, cara!",0,0,,,0,0,0,0,0,0,0,0
nmPCfoxku2k,182,564.8,566.44,"Ah tá, eu pensei que ele ia vir de atoio aqui, mano.",0,0,,,0,0,0,0,0,0,0,0
nmPCfoxku2k,183,569.08,570.4,"Cara, só não se bate aí, mano.",0,0,,,0,0,0,0,0,0,0,0
nmPCfoxku2k,184,573.0,573.88,"Ficou merda aqui, mano.",0,0,,,0,0,0,0,0,0,0,0
nmPCfoxku2k,185,579.28,581.22,"Meu Deus, cara, o cara é muito ruim, mano!",0,0,,,0,0,0,0,0,0,0,0
nmPCfoxku2k,186,582.16,584.32,"Piado, o cara é muito ruim de mal hit, né, cara?",0,0,,,0,0,0,0,0,0,0,0
nmPCfoxku2k,187,587.43,588.43,Eu vou ter que morrer aqui.,0,0,,,0,0,0,0,0,0,0,0
nmPCfoxku2k,188,592.88,594.82,"Cara, esse cara é podre, mano, tá louco, né?",0,0,,,0,0,0,0,0,0,0,0
nmPCfoxku2k,189,595.12,600.87,"Meu Deus, cara!",0,0,,,0,0,0,0,0,0,0,0
nmPCfoxku2k,190,601.31,602.89,"Meu Deus, seu podre, horrível, favelado!",0,0,,,0,0,0,0,0,0,0,0
nmPCfoxku2k,191,603.27,605.09,"Meu, olha o que ele me tá fazendo de caçadinho!",0,0,,,0,0,0,0,0,0,0,0
nmPCfoxku2k,192,605.55,607.93,"Meu Deus, cara, como que tá os três juntos aqui?",0,0,,,0,0,0,0,0,0,0,0
nmPCfoxku2k,193,608.27,609.71,"Eu tô no flam, o que você não luta, mano?",0,0,,,0,0,0,0,0,0,0,0
nmPCfoxku2k,194,610.49,611.99,"Cara, o cara é muito ruim de mal hit, cara!",0,0,,,0,0,0,0,0,0,0,0
nmPCfoxku2k,195,612.07,613.61,"Meu Deus, seu horrível, pilante podre!",0,0,,,0,0,0,0,0,0,0,0
nmPCfoxku2k,196,613.61,616.89,"Eu tô sem chat, é só de se desfavelar que eu tô censurado, cara",0,0,,,0,0,0,0,0,0,0,0
nmPCfoxku2k,197,616.89,618.61,"Mano, o cara",0,0,,,0,0,0,0,0,0,0,0
nmPCfoxku2k,198,618.61,620.69,"Mano, o cara não tornou a teamfight, cara",0,0,,,0,0,0,0,0,0,0,0
nmPCfoxku2k,199,620.69,622.27,"Ele esperou, mano, eu sou horrível",0,0,,,0,0,0,0,0,0,0,0
nmPCfoxku2k,200,622.27,623.47,"Vou ser horrível, cara",0,0,,,0,0,0,0,0,0,0,0
nmPCfoxku2k,201,623.47,625.93,"Boa, boa, mano, eu vou ter par aqui atrás",0,0,,,0,0,0,0,0,0,0,0
nmPCfoxku2k,202,625.93,626.59,Vamos fazer a play,0,0,,,0,0,0,0,0,0,0,0
nmPCfoxku2k,203,626.59,630.09,"Vou ter par aqui atrás, você vai começar a andar reto",0,0,,,0,0,0,0,0,0,0,0
nmPCfoxku2k,204,630.09,630.41,E nós vamos,0,0,,,0,0,0,0,0,0,0,0
nmPCfoxku2k,205,630.41,632.47,"Guard aqui, será, mano?",0,0,,,0,0,0,0,0,0,0,0
nmPCfoxku2k,206,637.56,639.58,"Eu tô passando em ward aqui, eu não tô sabendo, cara",0,0,,,0,0,0,0,0,0,0,0
nmPCfoxku2k,207,639.58,644.31,"Nossa, eu não matei o cara, eu gastei meu flash, mano",0,0,,,0,0,0,0,0,0,0,0
nmPCfoxku2k,208,644.31,646.27,"É fudeu isso aqui agora, mano",0,0,,,0,0,0,0,0,0,0,0
nmPCfoxku2k,209,646.27,647.25,Eu não matei o cara nisso aqui,0,0,,,0,0,0,0,0,0,0,0
nmPCfoxku2k,210,647.25,649.27,"Pô, eu queria, vamos tentar pegar esse build",0,0,,,0,0,0,0,0,0,0,0
nmPCfoxku2k,211,649.27,657.55,"Enche madeira aqui, mata não, sai daí, cara",0,0,,,0,0,0,0,0,0,0,0
nmPCfoxku2k,212,657.55,664.92,"Puta, alguém, cara",1,1,puta,xingamentos_genero,0,0,0,0,1,0,0,0
nmPCfoxku2k,213,664.92,666.0,"Ah, tá sem ult, meu filho",0,0,,,0,0,0,0,0,0,0,0
nmPCfoxku2k,214,666.0,669.4,"Tá sem ult, morri 3x",0,0,,,0,0,0,0,0,0,0,0
nmPCfoxku2k,215,669.4,671.68,"Dá pra fightar agora, não tem como não",0,0,,,0,0,0,0,0,0,0,0
nmPCfoxku2k,216,671.68,675.59,"Nossa senhora, cara",0,0,,,0,0,0,0,0,0,0,0
nmPCfoxku2k,217,675.59,681.16,"Ok, vai dar ruim isso aqui",0,0,,,0,0,0,0,0,0,0,0
nmPCfoxku2k,218,681.16,689.39,Você vai ser estuprado,0,0,,,0,0,0,0,0,0,0,0
nmPCfoxku2k,219,689.39,694.64,"Caraca, no dano do Smolder, cara",0,0,,,0,0,0,0,0,0,0,0
nmPCfoxku2k,220,694.64,696.36,"Meu Deus, dano do Smolder, zudo",0,0,,,0,0,0,0,0,0,0,0
nmPCfoxku2k,221,696.36,697.08,"Morreu, tá bom",0,0,,,0,0,0,0,0,0,0,0
nmPCfoxku2k,222,697.08,699.76,"Cara, o Smolder tá muito estuprado, não perdemos o jogo, não, né",0,0,,,0,0,0,0,0,0,0,0
nmPCfoxku2k,223,699.76,701.22,"Cara, o jogo não acaba, cara",0,0,,,0,0,0,0,0,0,0,0
nmPCfoxku2k,224,701.22,704.26,"O game não acaba, o game tá satânico, o jogo tá satânico",0,0,,,0,0,0,0,0,0,0,0
nmPCfoxku2k,225,704.26,704.66,Tá bom,0,0,,,0,0,0,0,0,0,0,0
nmPCfoxku2k,226,704.66,706.82,"Tô de guardião aqui agora, mano",0,0,,,0,0,0,0,0,0,0,0
nmPCfoxku2k,227,706.82,707.86,Não custo tudo ou nada aqui,0,0,,,0,0,0,0,0,0,0,0
nmPCfoxku2k,228,707.86,710.7,Absolutizudo,0,0,,,0,0,0,0,0,0,0,0
nmPCfoxku2k,229,710.7,712.7,"Meu Deus, cara",0,0,,,0,0,0,0,0,0,0,0
nmPCfoxku2k,230,712.7,714.3,"Tem que ter que cortar shield no jogo, mano",0,0,,,0,0,0,0,0,0,0,0
nmPCfoxku2k,231,714.3,715.42,"Tem que matar essa Janna, fight",0,0,,,0,0,0,0,0,0,0,0
nmPCfoxku2k,232,715.42,718.26,"Cara, não tem que cortar shield na partida não, cara",0,0,,,0,0,0,0,0,0,0,0
nmPCfoxku2k,233,718.26,719.12,"Fudeu, acabou o jogo",0,0,,,0,0,0,0,0,0,0,0
nmPCfoxku2k,234,719.12,721.04,"Não, acabou não, acabou não",0,0,,,0,0,0,0,0,0,0,0
nmPCfoxku2k,235,721.04,722.14,"Eu acho que não acabou, pelo menos",0,0,,,0,0,0,0,0,0,0,0
nmPCfoxku2k,236,722.14,723.68,"Eu tô sem flash, mano",0,0,,,0,0,0,0,0,0,0,0
nmPCfoxku2k,237,723.68,726.58,"Deixa não, garotos, cara, mano",0,0,,,0,0,0,0,0,0,0,0
nmPCfoxku2k,238,726.58,735.34,"Vamos dragão que é melhor, cara",0,0,,,0,0,0,0,0,0,0,0
nmPCfoxku2k,239,735.34,736.24,"Pra não give out, mano, cara",0,0,,,0,0,0,0,0,0,0,0
nmPCfoxku2k,240,736.24,737.92,Vamos pegar dragão e depois vai aquilo lá,0,0,,,0,0,0,0,0,0,0,0
nmPCfoxku2k,241,737.92,739.6,"Eu defendo a base, eu tenho TP, mano",0,0,,,0,0,0,0,0,0,0,0
nmPCfoxku2k,242,739.6,740.62,"Tá pink ainda, sabe?",0,0,,,0,0,0,0,0,0,0,0
nmPCfoxku2k,243,741.34,764.95,Eu vou voltar fumando aqui e eu acho que eu vou mano ai minhas ônibus cara por nunca,0,0,,,0,0,0,0,0,0,0,0
nmPCfoxku2k,244,764.95,779.3,dá tempo de usar isso que os ônibus cara mas eu boi boi boi já foi calma para o canto,0,0,,,0,0,0,0,0,0,0,0
nmPCfoxku2k,245,779.3,787.46,só em mim o dragão mano ai meu Deus cara eu acho que a parte tá feita vendo mas tem,0,0,,,0,0,0,0,0,0,0,0
nmPCfoxku2k,246,787.46,791.34,"os dois aqui, cara minha zoa nunca sai, minha zoa não ajuda, meu deus, vai, vocês ganham,",0,0,,,0,0,0,0,0,0,0,0
nmPCfoxku2k,247,791.34,796.4,"vocês ganham, vai Lulu, Lulu, meu deus, gamezoo, gamezoo, foda-se, gamezoo, foda-se, que merda,",0,0,,,0,0,0,0,0,0,0,0
nmPCfoxku2k,248,796.4,801.26,"saca mano, minha zoa ficou de enfeite, minha zoa não é fight, mas foda-se, eu tenho zonear",0,0,,,0,0,0,0,0,0,0,0
nmPCfoxku2k,249,801.26,806.64,"mano, eu sempre quero usar uma skill e depois zonear, tá bom, gamezoo, foda-se, caralho",1,1,caralho,sexual_degradante,0,0,1,0,0,0,0,0
nmPCfoxku2k,250,806.64,812.02,"mano, foi jogão, gamezoo, gamezoo, gamezoo, jogão, se a Lulu chutasse na penta, eu não",0,0,,,0,0,0,0,0,0,0,0
nmPCfoxku2k,251,812.02,814.02,"Mas tá bom, jogou bem, foda-se.",0,0,,,0,0,0,0,0,0,0,0
nmPCfoxku2k,252,814.02,816.02,"Eu achei melhor que eu joguei 2x11, cara.",0,0,,,0,0,0,0,0,0,0,0
nmPCfoxku2k,253,816.02,818.02,"Eu achei melhor que eu joguei 2x11, cara.",0,0,,,0,0,0,0,0,0,0,0
nmPCfoxku2k,254,818.02,820.02,Mas foi 2x11 que foi.,0,0,,,0,0,0,0,0,0,0,0
6l1hMZZ_3ms,1,0.0,1.06,Não tá jogando mais de madrugada?,0,0,,,0,0,0,0,0,0,0,0
6l1hMZZ_3ms,2,1.14,2.16,Meu horário tá consertado agora.,0,0,,,0,0,0,0,0,0,0,0
6l1hMZZ_3ms,3,2.5,3.46,"É o tio, tio, tem zudo?",0,0,,,0,0,0,0,0,0,0,0
6l1hMZZ_3ms,4,3.74,4.06,Beleza.,0,0,,,0,0,0,0,0,0,0,0
6l1hMZZ_3ms,5,4.8,5.62,Daí eu chutei mesmo.,0,0,,,0,0,0,0,0,0,0,0
6l1hMZZ_3ms,6,6.02,7.9,"Na real, tem bastante monostraco na Q, tá, mano?",0,0,,,0,0,0,0,0,0,0,0
6l1hMZZ_3ms,7,8.0,9.44,Você viu que o Jax vai ganhar?,0,0,,,0,0,0,0,0,0,0,0
6l1hMZZ_3ms,8,9.68,11.42,"Eu vi que o Jax vai receber esse buff, pedra.",0,0,,,0,0,0,0,0,0,0,0
6l1hMZZ_3ms,9,12.1,12.88,Eu cheguei a ver isso.,0,0,,,0,0,0,0,0,0,0,0
6l1hMZZ_3ms,10,13.04,13.9,Eu sou o Nara?,0,0,,,0,0,0,0,0,0,0,0
6l1hMZZ_3ms,11,14.0,15.34,"Que nem tem o Nara no meu jogo, seu pedra, não.",0,0,,,0,0,0,0,0,0,0,0
6l1hMZZ_3ms,12,15.68,16.42,"Ixi, rapaziada.",0,0,,,0,0,0,0,0,0,0,0
6l1hMZZ_3ms,13,16.54,17.74,"Ih, a Q tá alto nível, hein, mano.",0,0,,,0,0,0,0,0,0,0,0
6l1hMZZ_3ms,14,18.16,18.9,"Caralho, 10 FPS.",1,1,caralho,sexual_degradante,0,0,1,0,0,0,0,0
6l1hMZZ_3ms,15,19.2,20.26,"Meu Deus, a Q tá alto nível.",0,0,,,0,0,0,0,0,0,0,0
6l1hMZZ_3ms,16,20.6,21.66,"É louco, viado.",1,1,viado,homofobia_misoginia,0,0,0,0,0,1,0,0
6l1hMZZ_3ms,17,21.72,22.76,"A Q tá alto nível, hein, mano.",0,0,,,0,0,0,0,0,0,0,0
6l1hMZZ_3ms,18,23.78,24.98,"Nossa senhora, viado.",1,1,viado,homofobia_misoginia,0,0,0,0,0,1,0,0
6l1hMZZ_3ms,19,25.54,26.3,Eu tô com o robô.,0,0,,,0,0,0,0,0,0,0,0
6l1hMZZ_3ms,20,26.3,27.72,"Mano, eu vou jogar focado, rapaziada.",0,0,,,0,0,0,0,0,0,0,0
6l1hMZZ_3ms,21,27.76,28.18,Jogar focado.,0,0,,,0,0,0,0,0,0,0,0
6l1hMZZ_3ms,22,28.24,29.04,"Eu quero ganhar esse game aqui, tá?",0,0,,,0,0,0,0,0,0,0,0
6l1hMZZ_3ms,23,29.1,30.18,Vocês vão ver eu focado agora.,0,0,,,0,0,0,0,0,0,0,0
6l1hMZZ_3ms,24,30.28,32.68,"Eu tenho que ver se esse game aqui tá faltando muito pão pra gastar fiante, tá?",0,0,,,0,0,0,0,0,0,0,0
6l1hMZZ_3ms,25,32.72,33.5,"Eu vou ter que jogar focado, mano.",0,0,,,0,0,0,0,0,0,0,0
6l1hMZZ_3ms,26,34.7,35.7,Porque se eu jogar...,0,0,,,0,0,0,0,0,0,0,0
6l1hMZZ_3ms,27,35.7,38.96,"Se eu cometer um mínimo erro nessa aqui, o equipe vai ser bem cobrado de caçadinho, tá?",0,0,,,0,0,0,0,0,0,0,0
6l1hMZZ_3ms,28,39.62,40.74,Então eu vou jogar bem focado.,0,0,,,0,0,0,0,0,0,0,0
6l1hMZZ_3ms,29,41.84,42.84,"Eu quero ganhar esse game aqui, tá?",0,0,,,0,0,0,0,0,0,0,0
6l1hMZZ_3ms,30,50.03,50.67,Já invadiu.,0,0,,,0,0,0,0,0,0,0,0
6l1hMZZ_3ms,31,50.73,51.41,"Já é feito, né?",0,0,,,0,0,0,0,0,0,0,0
6l1hMZZ_3ms,32,51.43,51.65,Tá vendo?,0,0,,,0,0,0,0,0,0,0,0
6l1hMZZ_3ms,33,62.83,63.83,"Ele se matou, tá?",0,0,,,0,0,0,0,0,0,0,0
6l1hMZZ_3ms,34,67.04,67.5,"Calma, cara.",0,0,,,0,0,0,0,0,0,0,0
6l1hMZZ_3ms,35,67.52,68.64,Ele fez tanta...,0,0,,,0,0,0,0,0,0,0,0
6l1hMZZ_3ms,36,68.64,70.4,Tem que tentar me ajudar a resetar isso aqui.,0,0,,,0,0,0,0,0,0,0,0
6l1hMZZ_3ms,37,70.52,71.48,"Talvez é uma boa, tá ligado?",0,0,,,0,0,0,0,0,0,0,0
6l1hMZZ_3ms,38,73.72,74.46,Vai ficar bem...,0,0,,,0,0,0,0,0,0,0,0
6l1hMZZ_3ms,39,74.46,75.0,"Vai ficar bem lá, mano.",0,0,,,0,0,0,0,0,0,0,0
6l1hMZZ_3ms,40,75.0,85.29,"O cara ganha 50k mensada loud, robô, joga que nem um favelado, entendeu?",0,0,,,0,0,0,0,0,0,0,0
6l1hMZZ_3ms,41,86.19,88.25,"Parabéns por ser um faveladasco, é isso que você é, entendeu?",0,0,,,0,0,0,0,0,0,0,0
6l1hMZZ_3ms,42,88.85,111.71,"É o seguinte, eu vou morrer aqui, porque dele não volta não, você não morre aí não, cara?",0,0,,,0,0,0,0,0,0,0,0
6l1hMZZ_3ms,43,111.71,116.19,"É o sim, rapaziada",0,0,,,0,0,0,0,0,0,0,0
6l1hMZZ_3ms,44,116.19,119.5,"Morrer aqui não, né",0,0,,,0,0,0,0,0,0,0,0
6l1hMZZ_3ms,45,119.5,129.37,"E agora, qual opções eu tenho?",0,0,,,0,0,0,0,0,0,0,0
6l1hMZZ_3ms,46,129.45,131.37,O Gui vai se vender e morrer pra ele,0,0,,,0,0,0,0,0,0,0,0
6l1hMZZ_3ms,47,131.37,131.97,Ficar,0,0,,,0,0,0,0,0,0,0,0
6l1hMZZ_3ms,48,131.97,134.97,"Tal x, talvez, mano",0,0,,,0,0,0,0,0,0,0,0
6l1hMZZ_3ms,49,134.97,135.91,X ponto,0,0,,,0,0,0,0,0,0,0,0
6l1hMZZ_3ms,50,135.91,137.69,Dá um hit dele,0,0,,,0,0,0,0,0,0,0,0
6l1hMZZ_3ms,51,137.69,140.13,"Ai, que que é isso? E agora?",0,0,,,0,0,0,0,0,0,0,0
6l1hMZZ_3ms,52,140.27,140.87,"Ih, dois pontos",0,0,,,0,0,0,0,0,0,0,0
6l1hMZZ_3ms,53,140.87,142.33,"Ih, agora deu merda",0,0,,,0,0,0,0,0,0,0,0
6l1hMZZ_3ms,54,142.33,144.85,"Vai vir um chaco matar eu aqui agora, aquele p***",0,0,,,0,0,0,0,0,0,0,0
6l1hMZZ_3ms,55,144.85,146.61,"Ih, deu merda, hein, cara",0,0,,,0,0,0,0,0,0,0,0
6l1hMZZ_3ms,56,146.61,151.93,"Mano, eu vou torcer muito que esse taco não esteja aqui",0,0,,,0,0,0,0,0,0,0,0
6l1hMZZ_3ms,57,151.93,155.29,"Se o cara tiver aqui, ele é bom de Shaco. Ele é o melhor Shaco que eu já vi na minha vida.",0,0,,,0,0,0,0,0,0,0,0
6l1hMZZ_3ms,58,156.09,158.75,"Bom, o Shaco falou tudo aqui. Deve querer dar recall zoom.",0,0,,,0,0,0,0,0,0,0,0
6l1hMZZ_3ms,59,158.97,160.09,"E vai abrir bot side, eu acho.",0,0,,,0,0,0,0,0,0,0,0
6l1hMZZ_3ms,60,161.07,163.23,"Esse cara aqui é bem pedófilo, mano.",0,0,,,0,0,0,0,0,0,0,0
6l1hMZZ_3ms,61,164.93,166.37,Tá jogando xadrez de novo?,0,0,,,0,0,0,0,0,0,0,0
6l1hMZZ_3ms,62,167.43,168.97,"Eu tô com mil pão de xadrez, mano.",0,0,,,0,0,0,0,0,0,0,0
6l1hMZZ_3ms,63,170.21,171.17,"Xadrez é outro nível, meu xadrez.",0,0,,,0,0,0,0,0,0,0,0
6l1hMZZ_3ms,64,174.38,176.28,"Com vocês, eu vou começar a suprir você, cara.",0,0,,,0,0,0,0,0,0,0,0
6l1hMZZ_3ms,65,181.92,183.24,"Caraca, esse cara joga, mano.",0,0,,,0,0,0,0,0,0,0,0
6l1hMZZ_3ms,66,184.22,185.96,"Nossa senhora, mano.",0,0,,,0,0,0,0,0,0,0,0
6l1hMZZ_3ms,67,185.96,192.89,"Ó, deram um kill pro Twitch",0,0,,,0,0,0,0,0,0,0,0
6l1hMZZ_3ms,68,192.89,194.17,"Zut, Twitch, cala a benta, mano",0,0,,,0,0,0,0,0,0,0,0
6l1hMZZ_3ms,69,194.17,196.77,"Não, tô sem mana, tô sem mana",0,0,,,0,0,0,0,0,0,0,0
6l1hMZZ_3ms,70,196.77,197.77,"E mal, foda-se, manda o cara",0,0,,,0,0,0,0,0,0,0,0
6l1hMZZ_3ms,71,197.77,199.41,"É, o cara é muito bom, mano",0,0,,,0,0,0,0,0,0,0,0
6l1hMZZ_3ms,72,199.41,204.54,Eu vou ter que tentar puxar full aqui,0,0,,,0,0,0,0,0,0,0,0
6l1hMZZ_3ms,73,204.54,206.52,"Não, eu vou dar a galinha dele",0,0,,,0,0,0,0,0,0,0,0
6l1hMZZ_3ms,74,206.52,207.14,Pra informar,0,0,,,0,0,0,0,0,0,0,0
6l1hMZZ_3ms,75,207.14,210.02,"Depois de catar, botando pra mim",0,0,,,0,0,0,0,0,0,0,0
6l1hMZZ_3ms,76,210.02,212.66,"Tem que puxar aqui, pode puxar correto aqui",0,0,,,0,0,0,0,0,0,0,0
6l1hMZZ_3ms,77,212.66,214.48,Como que a gente não tem nenhum dragão até agora na partida?,0,0,,,0,0,0,0,0,0,0,0
6l1hMZZ_3ms,78,227.44,227.8,Ok,0,0,,,0,0,0,0,0,0,0,0
6l1hMZZ_3ms,79,227.8,232.18,"Ok, Pedro Champion",0,0,,,0,0,0,0,0,0,0,0
6l1hMZZ_3ms,80,232.18,235.54,"Ai, meu Deus, bota minha mana, cara",0,0,,,0,0,0,0,0,0,0,0
6l1hMZZ_3ms,81,235.54,236.4,Não morreu,0,0,,,0,0,0,0,0,0,0,0
6l1hMZZ_3ms,82,236.4,239.68,"O Diogo é ruim, rapaziada",0,0,,,0,0,0,0,0,0,0,0
6l1hMZZ_3ms,83,239.68,240.34,O Diogo é ruim,0,0,,,0,0,0,0,0,0,0,0
6l1hMZZ_3ms,84,240.34,243.68,"Dragão feito porcamente, velho",0,0,,,0,0,0,0,0,0,0,0
6l1hMZZ_3ms,85,244.66,246.7,"O meu bot tava na base, cara",0,0,,,0,0,0,0,0,0,0,0
6l1hMZZ_3ms,86,246.7,248.02,"Ah, o game de Deus",0,0,,,0,0,0,0,0,0,0,0
6l1hMZZ_3ms,87,248.02,252.88,Por que esse cara anda tão reto,0,0,,,0,0,0,0,0,0,0,0
6l1hMZZ_3ms,88,252.88,254.4,"Em cima de mim? Tem um chaco aqui, eu não tô vendo?",0,0,,,0,0,0,0,0,0,0,0
6l1hMZZ_3ms,89,259.55,260.15,Já foi,0,0,,,0,0,0,0,0,0,0,0
6l1hMZZ_3ms,90,260.15,267.36,Oh my god,0,0,,,0,0,0,0,0,0,0,0
6l1hMZZ_3ms,91,267.36,269.78,"Morri, morri que nem judeu, rapaziada",0,0,,,0,0,0,0,0,0,0,0
6l1hMZZ_3ms,92,269.78,272.42,"Cara, o jogo tá difícil de vencer pra caralho",1,1,caralho,sexual_degradante,0,0,1,0,0,0,0,0
6l1hMZZ_3ms,93,272.42,273.7,"Que meu bot é muito pior, mano",0,0,,,0,0,0,0,0,0,0,0
6l1hMZZ_3ms,94,273.7,275.84,"Meu Diogo é muito pior, cara",0,0,,,0,0,0,0,0,0,0,0
6l1hMZZ_3ms,95,275.84,277.06,"Meu Diogo sempre é pior, mano",0,0,,,0,0,0,0,0,0,0,0
6l1hMZZ_3ms,96,277.06,278.56,"O Beatle Chicken, esse random, mano.",0,0,,,0,0,0,0,0,0,0,0
6l1hMZZ_3ms,97,280.34,280.66,Tá bom.,0,0,,,0,0,0,0,0,0,0,0
6l1hMZZ_3ms,98,281.66,284.06,Salve.,0,0,,,0,0,0,0,0,0,0,0
6l1hMZZ_3ms,99,300.41,301.23,Esse aqui pra mim.,0,0,,,0,0,0,0,0,0,0,0
6l1hMZZ_3ms,100,301.37,302.09,"Mano, pode deixar.",0,0,,,0,0,0,0,0,0,0,0
6l1hMZZ_3ms,101,302.19,303.89,"Quando acabar o game, eu coloco a música, né, bucho?",0,0,,,0,0,0,0,0,0,0,0
6l1hMZZ_3ms,102,304.67,308.17,"Acabando o game, eu coloco a música azul.",0,0,,,0,0,0,0,0,0,0,0
6l1hMZZ_3ms,103,308.23,308.85,"Pode deixar, né, bucho?",0,0,,,0,0,0,0,0,0,0,0
6l1hMZZ_3ms,104,311.36,312.72,"Mano, vocês estão fazendo o quê, cara?",0,0,,,0,0,0,0,0,0,0,0
6l1hMZZ_3ms,105,312.76,313.8,"Que porra é essa, mano?",0,0,,,0,0,0,0,0,0,0,0
6l1hMZZ_3ms,106,314.26,317.95,"Eu nunca enxiguei isso aqui, mano.",0,0,,,0,0,0,0,0,0,0,0
6l1hMZZ_3ms,107,318.01,318.81,"Não, é 4v3.",0,0,,,0,0,0,0,0,0,0,0
6l1hMZZ_3ms,108,324.79,325.11,Ok.,0,0,,,0,0,0,0,0,0,0,0
6l1hMZZ_3ms,109,332.86,333.92,Tá estranho isso aqui.,0,0,,,0,0,0,0,0,0,0,0
6l1hMZZ_3ms,110,334.38,341.58,"Ele lutou em mim, mano?",0,0,,,0,0,0,0,0,0,0,0
6l1hMZZ_3ms,111,341.64,342.88,Eu não sei se ele lutou em mim ou não.,0,0,,,0,0,0,0,0,0,0,0
6l1hMZZ_3ms,112,343.8,346.08,"Ai, meu cara tá perdendo o meu time pra...",0,0,,,0,0,0,0,0,0,0,0
6l1hMZZ_3ms,113,346.08,351.38,"Ai, meu Deus!",0,0,,,0,0,0,0,0,0,0,0
6l1hMZZ_3ms,114,351.44,352.9,"Eu virei e matava ele também, mano.",0,0,,,0,0,0,0,0,0,0,0
6l1hMZZ_3ms,115,352.98,353.7,"Tá bom, dragão nosso.",0,0,,,0,0,0,0,0,0,0,0
6l1hMZZ_3ms,116,354.74,355.8,Eu virei e matei ele também.,0,0,,,0,0,0,0,0,0,0,0
6l1hMZZ_3ms,117,355.88,357.04,"Foi meio close isso aqui, tá, mano?",0,0,,,0,0,0,0,0,0,0,0
6l1hMZZ_3ms,118,359.43,360.31,Eu virei e matei ele.,0,0,,,0,0,0,0,0,0,0,0
6l1hMZZ_3ms,119,360.37,361.83,"Mano, o cara tá ficando...",0,0,,,0,0,0,0,0,0,0,0
6l1hMZZ_3ms,120,361.83,364.95,"Mano, o Sábio Rafinha, o Sábio Rafinha é desudo, mano.",0,0,,,0,0,0,0,0,0,0,0
6l1hMZZ_3ms,121,366.47,368.19,"Cara, eu realmente posso perder partilha.",0,0,,,0,0,0,0,0,0,0,0
6l1hMZZ_3ms,122,368.41,368.97,"Engraçado, gente.",0,0,,,0,0,0,0,0,0,0,0
6l1hMZZ_3ms,123,368.97,372.57,"O game é engraçado zudo, hein.",0,0,,,0,0,0,0,0,0,0,0
6l1hMZZ_3ms,124,374.55,376.25,Eu não sei se o...,0,0,,,0,0,0,0,0,0,0,0
6l1hMZZ_3ms,125,376.25,378.03,"Ai, meu Deus, cara.",0,0,,,0,0,0,0,0,0,0,0
6l1hMZZ_3ms,126,378.05,378.93,"Ai, meu Deus, mano.",0,0,,,0,0,0,0,0,0,0,0
6l1hMZZ_3ms,127,380.8,382.26,"Ai, meu Deus, cara.",0,0,,,0,0,0,0,0,0,0,0
6l1hMZZ_3ms,128,382.34,383.26,"Meu Deus, mano.",0,0,,,0,0,0,0,0,0,0,0
6l1hMZZ_3ms,129,383.6,384.66,"Faz isso aqui pelo menos, mano.",0,0,,,0,0,0,0,0,0,0,0
6l1hMZZ_3ms,130,385.52,386.1,"Caralho, cara.",1,1,caralho,sexual_degradante,0,0,1,0,0,0,0,0
6l1hMZZ_3ms,131,386.14,387.24,Eu vou ter que se...,0,0,,,0,0,0,0,0,0,0,0
6l1hMZZ_3ms,132,387.24,388.5,"Medião, vou ter que se podre, mano.",0,0,,,0,0,0,0,0,0,0,0
6l1hMZZ_3ms,133,389.46,391.2,"Cara, eu não posso sair da mais esse game aqui não, eu acho.",0,0,,,0,0,0,0,0,0,0,0
6l1hMZZ_3ms,134,393.12,396.04,"Vai ficar o Chaco falando aqui em cima de mim o mapa inteiro, basicamente.",0,0,,,0,0,0,0,0,0,0,0
6l1hMZZ_3ms,135,396.72,399.12,"Eu tenho que ter as mãos aqui pra me levar aí cada vez mais, mano.",0,0,,,0,0,0,0,0,0,0,0
6l1hMZZ_3ms,136,400.1,401.4,"Nossa, esse cara é p... também, mano.",0,0,,,0,0,0,0,0,0,0,0
6l1hMZZ_3ms,137,401.4,410.08,o cabelo de novo carita vídeo chaco mano eu peguei exatamente para tábua,0,0,,,0,0,0,0,0,0,0,0
6l1hMZZ_3ms,138,410.08,421.46,e para quer saber eu vou ter para aqui quando esse a mim você tá aqui mas vai,0,0,,,0,0,0,0,0,0,0,0
6l1hMZZ_3ms,139,421.46,427.74,escapar de mim não sabia é porque você flechou velho olha aí,0,0,,,0,0,0,0,0,0,0,0
6l1hMZZ_3ms,140,427.74,431.48,olha aí né eu acho que ele morreu aqui ele pode,0,0,,,0,0,0,0,0,0,0,0
6l1hMZZ_3ms,141,431.48,440.98,roubar fazer o capa de mim pode querer me falar que ele me solta,0,0,,,0,0,0,0,0,0,0,0
6l1hMZZ_3ms,142,440.98,442.64,"Nossa, cara, se a gente tá muito ruim, mano.",0,0,,,0,0,0,0,0,0,0,0
6l1hMZZ_3ms,143,442.72,444.46,"Meu Deus, cara, tá com uma kill me solando, cara.",0,0,,,0,0,0,0,0,0,0,0
6l1hMZZ_3ms,144,445.02,446.88,"Tem sentido, se eu pego com uma kill, tá podre, mano.",0,0,,,0,0,0,0,0,0,0,0
6l1hMZZ_3ms,145,446.96,447.98,"Que que é isso, cara?",0,0,,,0,0,0,0,0,0,0,0
6l1hMZZ_3ms,146,448.48,450.68,"Cara, como que tem uma Syndra com uma kill no jogo?",0,0,,,0,0,0,0,0,0,0,0
6l1hMZZ_3ms,147,450.78,451.72,"Me mata, cara.",0,0,,,0,0,0,0,0,0,0,0
6l1hMZZ_3ms,148,452.94,455.0,"Ai, meu Deus, cara, que tiltante, mano.",0,0,,,0,0,0,0,0,0,0,0
6l1hMZZ_3ms,149,455.06,457.0,"Pior que ele voltou pro game agora, que eu perdi 20 mil waves",0,0,,,0,0,0,0,0,0,0,0
6l1hMZZ_3ms,150,457.0,458.12,"tepando mid, mas tá bom.",0,0,,,0,0,0,0,0,0,0,0
6l1hMZZ_3ms,151,459.16,460.0,A gente matou os dois também.,0,0,,,0,0,0,0,0,0,0,0
6l1hMZZ_3ms,152,468.59,469.57,"Ok, boa, boa, boa.",0,0,,,0,0,0,0,0,0,0,0
6l1hMZZ_3ms,153,469.91,470.85,"Será que tem TP, mano?",0,0,,,0,0,0,0,0,0,0,0
6l1hMZZ_3ms,154,472.67,473.97,"Ah, sem... Ah, xd.",0,0,,,0,0,0,0,0,0,0,0
6l1hMZZ_3ms,155,473.97,486.48,"Vai virar em mim aqui,",0,0,,,0,0,0,0,0,0,0,0
6l1hMZZ_3ms,156,486.48,487.78,"Mas ela sem zero em mim, mano",0,0,,,0,0,0,0,0,0,0,0
6l1hMZZ_3ms,157,487.78,499.41,"Ok, bro, sei que o Kassadin é ok",0,0,,,0,0,0,0,0,0,0,0
6l1hMZZ_3ms,158,499.41,502.11,O que eu fiz aqui foi simples,0,0,,,0,0,0,0,0,0,0,0
6l1hMZZ_3ms,159,502.11,502.69,Kassadin é muito...,0,0,,,0,0,0,0,0,0,0,0
6l1hMZZ_3ms,160,502.69,503.69,"Mano, eu falei isso aqui no guia, né?",0,0,,,0,0,0,0,0,0,0,0
6l1hMZZ_3ms,161,503.75,505.21,Que o Kassadin tem a side mais foda do jogo,0,0,,,0,0,0,0,0,0,0,0
6l1hMZZ_3ms,162,505.21,507.29,Porque eu puxei top e rotei mid,0,0,,,0,0,0,0,0,0,0,0
6l1hMZZ_3ms,163,507.29,508.23,"Falei no guia, né?",0,0,,,0,0,0,0,0,0,0,0
6l1hMZZ_3ms,164,508.35,509.03,"Caralho, meu Deus",1,1,caralho,sexual_degradante,0,0,1,0,0,0,0,0
6l1hMZZ_3ms,165,509.03,511.37,Tô brincando com esse mesmo que esse Kassadin,0,0,,,0,0,0,0,0,0,0,0
6l1hMZZ_3ms,166,511.37,513.65,"Cara, quem que vai ter essa side aqui agora?",0,0,,,0,0,0,0,0,0,0,0
6l1hMZZ_3ms,167,513.71,514.69,"Tô parando pra pensar, mano",0,0,,,0,0,0,0,0,0,0,0
6l1hMZZ_3ms,168,514.69,517.45,"Se não tiver ult, vou dar Ivar aqui, mano",0,0,,,0,0,0,0,0,0,0,0
6l1hMZZ_3ms,169,517.45,518.29,Bora,0,0,,,0,0,0,0,0,0,0,0
6l1hMZZ_3ms,170,518.29,523.44,"Ah, meu Deus, cara",0,0,,,0,0,0,0,0,0,0,0
6l1hMZZ_3ms,171,523.44,524.58,Faltou um de vida,0,0,,,0,0,0,0,0,0,0,0
6l1hMZZ_3ms,172,524.58,528.68,Demério do meu isso aqui,0,0,,,0,0,0,0,0,0,0,0
6l1hMZZ_3ms,173,528.68,546.01,e é ruim para nós aqui é ruim para nós tá bom atitude aí foi ruim para nós já,0,0,,,0,0,0,0,0,0,0,0
6l1hMZZ_3ms,174,546.01,554.91,tem poder mano ficar com dor de vidas assim eu tenho tp aqui né ok assim eu,0,0,,,0,0,0,0,0,0,0,0
6l1hMZZ_3ms,175,554.91,561.28,pedi rabadão melhor ele tem que fazer mas eu tô sem o gold mano aí você vai se,0,0,,,0,0,0,0,0,0,0,0
6l1hMZZ_3ms,176,561.28,582.6,matar e não né ou o homem ou calma calma meu deus boa meu deus o que que é isso,0,0,,,0,0,0,0,0,0,0,0
6l1hMZZ_3ms,177,582.6,584.62,"Mano, que que é isso, cara?",0,0,,,0,0,0,0,0,0,0,0
6l1hMZZ_3ms,178,584.68,585.38,Que que é isso?,0,0,,,0,0,0,0,0,0,0,0
6l1hMZZ_3ms,179,585.58,585.7,Que?,0,0,,,0,0,0,0,0,0,0,0
6l1hMZZ_3ms,180,589.49,591.07,"Mano, que pedra é essa, cara?",0,0,,,0,0,0,0,0,0,0,0
6l1hMZZ_3ms,181,591.11,592.43,Que maluco podre de ruim.,0,0,,,0,0,0,0,0,0,0,0
6l1hMZZ_3ms,182,592.69,593.67,"Tá velado, desgraçado.",0,0,,,0,0,0,0,0,0,0,0
6l1hMZZ_3ms,183,598.13,599.49,"Tá louco, é um pior que o outro mesmo.",0,0,,,0,0,0,0,0,0,0,0
6l1hMZZ_3ms,184,614.8,616.56,"Cara, que bando de soloqueio podre, mano.",0,0,,,0,0,0,0,0,0,0,0
6l1hMZZ_3ms,185,618.64,620.24,"A minha, a minha, a minha real fama foi uma coisa.",0,0,,,0,0,0,0,0,0,0,0
6l1hMZZ_3ms,186,620.34,621.98,"Ainda bem que eu não vou na casa desse semifinal, tá ligado?",0,0,,,0,0,0,0,0,0,0,0
6l1hMZZ_3ms,187,622.52,623.42,"A gente tá aqui, mano.",0,0,,,0,0,0,0,0,0,0,0
6l1hMZZ_3ms,188,623.5,625.72,"Ah, tem um Shaco no jogo?",0,0,,,0,0,0,0,0,0,0,0
6l1hMZZ_3ms,189,625.94,626.36,"Ah, XD.",0,0,,,0,0,0,0,0,0,0,0
6l1hMZZ_3ms,190,627.94,629.0,"Esqueci, tinha um Shaco no jogo.",0,0,,,0,0,0,0,0,0,0,0
6l1hMZZ_3ms,191,630.32,630.86,"Ah, é badminton.",0,0,,,0,0,0,0,0,0,0,0
6l1hMZZ_3ms,192,631.8,633.22,"Nem vi que tinha um Shaco, o Shaco nasceu.",0,0,,,0,0,0,0,0,0,0,0
6l1hMZZ_3ms,193,633.22,635.78,Eu vou me dar rabadão aqui agora,0,0,,,0,0,0,0,0,0,0,0
6l1hMZZ_3ms,194,635.78,637.02,"Nossa, eu tô forte pra caralho, mano",1,1,caralho,sexual_degradante,0,0,1,0,0,0,0,0
6l1hMZZ_3ms,195,637.02,638.4,Eu botei a flash pra essa na fight,0,0,,,0,0,0,0,0,0,0,0
6l1hMZZ_3ms,196,638.4,639.28,Tá 16 também,0,0,,,0,0,0,0,0,0,0,0
6l1hMZZ_3ms,197,639.28,641.88,"Eu tô, vou tá bem forte o GameZoo",0,0,,,0,0,0,0,0,0,0,0
6l1hMZZ_3ms,198,641.88,643.58,Tem que dar pick off nos caras aqui,0,0,,,0,0,0,0,0,0,0,0
6l1hMZZ_3ms,199,643.58,646.93,Tô sem zone,0,0,,,0,0,0,0,0,0,0,0
6l1hMZZ_3ms,200,646.93,651.94,"Cara, o Lovelly é muito favelado também, Lovelly",0,0,,,0,0,0,0,0,0,0,0
6l1hMZZ_3ms,201,651.94,652.9,Pelo amor de Deus,0,0,,,0,0,0,0,0,0,0,0
6l1hMZZ_3ms,202,652.9,656.46,"Ai, acabou o jogo, acabou",0,0,,,0,0,0,0,0,0,0,0
6l1hMZZ_3ms,203,656.46,657.14,"Ganhamos o jogo, ganhamos o jogo",0,0,,,0,0,0,0,0,0,0,0
6l1hMZZ_3ms,204,657.14,657.56,Beleza,0,0,,,0,0,0,0,0,0,0,0
6l1hMZZ_3ms,205,657.56,658.56,Lovelly vai pick off,0,0,,,0,0,0,0,0,0,0,0
6l1hMZZ_3ms,206,658.56,659.16,"Ah, xD",0,0,,,0,0,0,0,0,0,0,0
6l1hMZZ_3ms,207,659.16,660.7,Vamos vencer o jogo?,0,0,,,0,0,0,0,0,0,0,0
6l1hMZZ_3ms,208,660.78,661.12,Vencemos,0,0,,,0,0,0,0,0,0,0,0
6l1hMZZ_3ms,209,661.12,661.46,Easy,0,0,,,0,0,0,0,0,0,0,0
6l1hMZZ_3ms,210,661.46,663.64,"Ai, meu Deus, vamos, caralho",1,1,caralho,sexual_degradante,0,0,1,0,0,0,0,0
6l1hMZZ_3ms,211,663.64,664.66,Pelo amor de Deus,0,0,,,0,0,0,0,0,0,0,0
6l1hMZZ_3ms,212,664.66,665.06,Bora,0,0,,,0,0,0,0,0,0,0,0
6l1hMZZ_3ms,213,665.06,666.86,Todo mundo streak satânica azul,0,0,,,0,0,0,0,0,0,0,0
6l1hMZZ_3ms,214,666.86,667.94,"Acabou o jogo, acabou, acabou",0,0,,,0,0,0,0,0,0,0,0
6l1hMZZ_3ms,215,667.94,671.66,"Eu vou lá pegar um copo d'água, mano",0,0,,,0,0,0,0,0,0,0,0
6l1hMZZ_3ms,216,671.66,672.88,Vou lá tomar um incêndio,0,0,,,0,0,0,0,0,0,0,0
6l1hMZZ_3ms,217,672.88,673.98,Olha o meu Ender dando pra caralho,1,1,caralho,sexual_degradante,0,0,1,0,0,0,0,0
6l1hMZZ_3ms,218,673.98,674.78,"Meu Ender, mano",0,0,,,0,0,0,0,0,0,0,0
6l1hMZZ_3ms,219,674.78,676.38,"Dia bruto, gente",0,0,,,0,0,0,0,0,0,0,0
slhtOG9uSmQ,1,0.0,6.02,"O que é isso, cara? Que porra é isso aqui?",0,0,,,0,0,0,0,0,0,0,0
slhtOG9uSmQ,2,15.8,16.2,Ufff,0,0,,,0,0,0,0,0,0,0,0
slhtOG9uSmQ,3,16.2,16.9,"É, sai daí",0,0,,,0,0,0,0,0,0,0,0
slhtOG9uSmQ,4,16.9,21.06,"Eu falei que eu fazia coisa de estupro, eu falei!",0,0,,,0,0,0,0,0,0,0,0
Jyknzm3ZojA,1,0.0,2.5,"Pô, se o cara dá chase em mim até aqui, ele é louco.",0,0,,,0,0,0,0,0,0,0,0
Jyknzm3ZojA,2,2.96,4.7,"Ah, não. Ah, não. Meu Deus, cara.",0,0,,,0,0,0,0,0,0,0,0
92KeIj8hsOE,1,0.16,1.8,"Mano, que merda é essa, cara?",0,0,,,0,0,0,0,0,0,0,0
92KeIj8hsOE,2,1.84,4.16,"Esse coreano tá usando a areia pra caçadinha, mano, que porra é essa?",0,0,,,0,0,0,0,0,0,0,0
92KeIj8hsOE,3,4.24,7.94,"Tu já testou? Então, eu já testei a areia pra caçador, só que o problema foi o seguinte, mano",0,0,,,0,0,0,0,0,0,0,0
92KeIj8hsOE,4,7.94,11.16,"O late game dessa runa é simplesmente podre, podre",0,0,,,0,0,0,0,0,0,0,0
92KeIj8hsOE,5,11.16,14.84,"Mas se tu gostar do late game, cara, agora cê me deu uma ideia azul, hein, mano",0,0,,,0,0,0,0,0,0,0,0
92KeIj8hsOE,6,14.84,16.32,"Caralho, você é muito gênio, meu Deus",1,1,caralho,sexual_degradante,0,0,1,0,0,0,0,0
92KeIj8hsOE,7,16.32,20.36,"Me deu uma ideia genial, o botão azul, que porra é essa?",0,0,,,0,0,0,0,0,0,0,0
92KeIj8hsOE,8,20.96,24.1,"Mano, é o seguinte, eu vou realmente tentar consertar esse playstyle, tá bom?",0,0,,,0,0,0,0,0,0,0,0
92KeIj8hsOE,9,24.5,26.42,"Eu vou buildar a roa, porque esse playstyle...",0,0,,,0,0,0,0,0,0,0,0
92KeIj8hsOE,10,26.42,29.0,"Eu não buildo roa, nesse playstyle também o coreano não builda",0,0,,,0,0,0,0,0,0,0,0
92KeIj8hsOE,11,29.0,31.6,Então vou mudar a roupa pra ver se eu consigo melhorar um pouco,0,0,,,0,0,0,0,0,0,0,0
92KeIj8hsOE,12,31.6,32.82,"O late game, além disso",0,0,,,0,0,0,0,0,0,0,0
92KeIj8hsOE,13,32.82,35.44,Você pode perceber que o playstyle de runa dele,0,0,,,0,0,0,0,0,0,0,0
92KeIj8hsOE,14,35.44,37.12,Na secundária é full L game,0,0,,,0,0,0,0,0,0,0,0
92KeIj8hsOE,15,37.12,39.1,Então ele pega a chamusca e fluide de mana,0,0,,,0,0,0,0,0,0,0,0
92KeIj8hsOE,16,39.1,40.6,"E eu vou trocar isso, vou pegar",0,0,,,0,0,0,0,0,0,0,0
92KeIj8hsOE,17,40.6,43.78,Tempestade crescente que vai me dar AP no late game,0,0,,,0,0,0,0,0,0,0,0
92KeIj8hsOE,18,43.78,46.04,E também vou pegar aquela runa que aumenta o meu dano em porcentagem,0,0,,,0,0,0,0,0,0,0,0
92KeIj8hsOE,19,46.04,47.78,Mas se isso aqui funcionar,0,0,,,0,0,0,0,0,0,0,0
92KeIj8hsOE,20,47.78,49.66,"E meu late game ficar forte, essa runa aqui é full broken",0,0,,,0,0,0,0,0,0,0,0
92KeIj8hsOE,21,49.66,51.64,Porque o aéreo já conserta,0,0,,,0,0,0,0,0,0,0,0
92KeIj8hsOE,22,51.64,53.8,"Bastante o L game do caçadinho, já que é a melhor runa",0,0,,,0,0,0,0,0,0,0,0
92KeIj8hsOE,23,53.8,55.24,De L game que tem de dano no jogo,0,0,,,0,0,0,0,0,0,0,0
92KeIj8hsOE,24,55.24,57.64,Se eu conseguir consertar o late game,0,0,,,0,0,0,0,0,0,0,0
92KeIj8hsOE,25,57.64,59.3,"Com esse meu playstyle aqui agora, mano",0,0,,,0,0,0,0,0,0,0,0
92KeIj8hsOE,26,59.3,61.74,"O campeão vai ficar satânico, satânico",0,0,,,0,0,0,0,0,0,0,0
92KeIj8hsOE,27,61.74,62.9,"Eu vou testar agora, tá bom?",0,0,,,0,0,0,0,0,0,0,0
92KeIj8hsOE,28,63.2,65.1,"Vou testar agora, já vou dar game zudo aqui já",0,0,,,0,0,0,0,0,0,0,0
92KeIj8hsOE,29,65.1,66.52,"Sai da reta, sai da reta",0,0,,,0,0,0,0,0,0,0,0
92KeIj8hsOE,30,66.52,72.04,"Cara, eu tô vendo aqui",0,0,,,0,0,0,0,0,0,0,0
92KeIj8hsOE,31,72.04,74.0,Eu acho que eu vou ter que levar uns 20 bilhões de minions,0,0,,,0,0,0,0,0,0,0,0
92KeIj8hsOE,32,74.0,74.58,"Talvez, né?",0,0,,,0,0,0,0,0,0,0,0
92KeIj8hsOE,33,77.77,78.57,"Ou não, ou não",0,0,,,0,0,0,0,0,0,0,0
92KeIj8hsOE,34,78.57,81.43,"Deu pra dar uma boa fama dólar aqui, né?",0,0,,,0,0,0,0,0,0,0,0
92KeIj8hsOE,35,81.55,83.27,"Nossa, quase perdi o minion, eles, tá louco",0,0,,,0,0,0,0,0,0,0,0
92KeIj8hsOE,36,83.27,85.93,"Salve, carvão preto",0,0,,,0,0,0,0,0,0,0,0
92KeIj8hsOE,37,85.93,87.83,"Salve, salve, zudo",0,0,,,0,0,0,0,0,0,0,0
92KeIj8hsOE,38,87.83,90.63,Ok,0,0,,,0,0,0,0,0,0,0,0
92KeIj8hsOE,39,90.63,95.46,"Nossa, olha o playstyle do Malhitra, mano",0,0,,,0,0,0,0,0,0,0,0
92KeIj8hsOE,40,95.46,96.28,"Que que é isso aqui, mano?",0,0,,,0,0,0,0,0,0,0,0
92KeIj8hsOE,41,96.92,98.58,"O cara está à toa de coragem e pano, mano",0,0,,,0,0,0,0,0,0,0,0
92KeIj8hsOE,42,98.58,99.02,Que isso?,0,0,,,0,0,0,0,0,0,0,0
92KeIj8hsOE,43,102.77,104.63,"Pô, tem um BTP aqui ainda pra usar, mano",0,0,,,0,0,0,0,0,0,0,0
92KeIj8hsOE,44,104.63,107.23,Tem um BTP azul ainda,0,0,,,0,0,0,0,0,0,0,0
92KeIj8hsOE,45,107.23,109.49,"Esse cara aqui não joga bem de Orianna não, mano",0,0,,,0,0,0,0,0,0,0,0
92KeIj8hsOE,46,109.49,110.39,Dá pra matar ele aqui agora,0,0,,,0,0,0,0,0,0,0,0
92KeIj8hsOE,47,110.39,112.71,"Na real, acho que ele guardou aquela moita ali, na real, né?",0,0,,,0,0,0,0,0,0,0,0
92KeIj8hsOE,48,113.83,115.43,"Acho que ele só guardou a moita azul e pronto, mano",0,0,,,0,0,0,0,0,0,0,0
92KeIj8hsOE,49,115.43,122.38,"Sempre azul, sempre azul",0,0,,,0,0,0,0,0,0,0,0
92KeIj8hsOE,50,122.38,124.76,"É, mas se eu me bancar aqui",0,0,,,0,0,0,0,0,0,0,0
92KeIj8hsOE,51,124.76,125.78,"Eu vou ficar só, mano",0,0,,,0,0,0,0,0,0,0,0
92KeIj8hsOE,52,125.78,131.25,Ele matou eu aqui não,0,0,,,0,0,0,0,0,0,0,0
92KeIj8hsOE,53,131.25,131.93,Sem flechar a minha,0,0,,,0,0,0,0,0,0,0,0
92KeIj8hsOE,54,131.93,132.43,Eu tô só no Ken,0,0,,,0,0,0,0,0,0,0,0
92KeIj8hsOE,55,132.43,132.81,Ele pronto,0,0,,,0,0,0,0,0,0,0,0
92KeIj8hsOE,56,132.81,133.77,Acho que ele morreu aqui talvez,0,0,,,0,0,0,0,0,0,0,0
92KeIj8hsOE,57,133.77,135.63,"Não tem sombra não, mano",0,0,,,0,0,0,0,0,0,0,0
92KeIj8hsOE,58,135.63,135.93,"Ah, tá",0,0,,,0,0,0,0,0,0,0,0
92KeIj8hsOE,59,135.93,136.91,"Ele morreu, ele morreu",0,0,,,0,0,0,0,0,0,0,0
92KeIj8hsOE,60,136.91,137.37,"Boa, Negus",0,0,,,0,0,0,0,0,0,0,0
92KeIj8hsOE,61,137.37,138.75,"Boa, boa",0,0,,,0,0,0,0,0,0,0,0
92KeIj8hsOE,62,138.75,140.57,"Ah, mas ele tem um Junkie, né",0,0,,,0,0,0,0,0,0,0,0
92KeIj8hsOE,63,140.57,141.01,Finalmente,0,0,,,0,0,0,0,0,0,0,0
92KeIj8hsOE,64,141.01,142.65,"Nossa, a AD é muito broken, mano",0,0,,,0,0,0,0,0,0,0,0
92KeIj8hsOE,65,142.65,144.11,"O cara já deu 20 CS na jungle já, mano",0,0,,,0,0,0,0,0,0,0,0
92KeIj8hsOE,66,144.11,144.57,Cê tá louco,0,0,,,0,0,0,0,0,0,0,0
92KeIj8hsOE,67,144.57,145.89,Broken Champion,0,0,,,0,0,0,0,0,0,0,0
92KeIj8hsOE,68,145.89,146.53,"Zudo, Zudo",0,0,,,0,0,0,0,0,0,0,0
92KeIj8hsOE,69,146.53,147.07,Broken Champion,0,0,,,0,0,0,0,0,0,0,0
92KeIj8hsOE,70,147.07,155.14,"Mano, ela vai morrer agora, mano",0,0,,,0,0,0,0,0,0,0,0
92KeIj8hsOE,71,155.14,156.86,Se meu campeão tivesse algum tipo de dano ali,0,0,,,0,0,0,0,0,0,0,0
92KeIj8hsOE,72,156.86,157.46,"Game, tá ligado?",0,0,,,0,0,0,0,0,0,0,0
92KeIj8hsOE,73,162.04,162.5,Usar meu Ken,0,0,,,0,0,0,0,0,0,0,0
92KeIj8hsOE,74,162.5,163.44,"É o ult dela, basicamente",0,0,,,0,0,0,0,0,0,0,0
92KeIj8hsOE,75,163.44,165.7,Vou usar meu R mesmo,0,0,,,0,0,0,0,0,0,0,0
92KeIj8hsOE,76,165.7,166.3,"Ela apanhou, né",0,0,,,0,0,0,0,0,0,0,0
92KeIj8hsOE,77,166.3,168.22,"Boa, Negus",0,0,,,0,0,0,0,0,0,0,0
92KeIj8hsOE,78,168.22,168.52,Ok,0,0,,,0,0,0,0,0,0,0,0
92KeIj8hsOE,79,168.52,171.48,"Ai, meu Zed, meu Zed é muito bom, mano",0,0,,,0,0,0,0,0,0,0,0
92KeIj8hsOE,80,171.48,172.2,Que porraça,0,0,,,0,0,0,0,0,0,0,0
92KeIj8hsOE,81,172.2,174.82,"Zed zunissando do zudo, mano",0,0,,,0,0,0,0,0,0,0,0
92KeIj8hsOE,82,174.82,178.83,"Dá meu B aqui, pronto, mano",0,0,,,0,0,0,0,0,0,0,0
92KeIj8hsOE,83,178.83,183.02,"E eu recebo todo o dinheiro, tá ligado?",0,0,,,0,0,0,0,0,0,0,0
92KeIj8hsOE,84,183.04,184.86,"Do sub, mano, é 100% stream, basicamente",0,0,,,0,0,0,0,0,0,0,0
92KeIj8hsOE,85,184.86,187.16,"Contra esse pra caralho, mano, o sub zudo",1,1,caralho,sexual_degradante,0,0,1,0,0,0,0,0
92KeIj8hsOE,86,187.16,191.48,"Vão ter três subs, Yoki, YouTube, Twitch",0,0,,,0,0,0,0,0,0,0,0
92KeIj8hsOE,87,191.48,192.8,"Não, cara, não",0,0,,,0,0,0,0,0,0,0,0
92KeIj8hsOE,88,192.8,195.14,"Pra minha Twitch voltar, eu vou",0,0,,,0,0,0,0,0,0,0,0
92KeIj8hsOE,89,195.14,196.68,O Void vai ficar só na Twitch mesmo,0,0,,,0,0,0,0,0,0,0,0
92KeIj8hsOE,90,196.68,198.8,"Vou deixar pra quem é sub na Twitch, padrão",0,0,,,0,0,0,0,0,0,0,0
92KeIj8hsOE,91,198.8,202.5,É porque eu não posso deixar o Void,0,0,,,0,0,0,0,0,0,0,0
92KeIj8hsOE,92,202.5,204.1,"salvo no YouTube, rapaziada. Se o meu canal cair, tá ligado?",0,0,,,0,0,0,0,0,0,0,0
92KeIj8hsOE,93,204.98,206.3,"Deve strike, pode cair, tá ligado?",0,0,,,0,0,0,0,0,0,0,0
92KeIj8hsOE,94,207.04,208.48,"Na Quick, eu posso deixar na Quick",0,0,,,0,0,0,0,0,0,0,0
92KeIj8hsOE,95,208.48,214.28,Zuda. Acho que eu,0,0,,,0,0,0,0,0,0,0,0
92KeIj8hsOE,96,214.28,215.36,"só... Aqui, mano.",0,0,,,0,0,0,0,0,0,0,0
92KeIj8hsOE,97,224.44,225.98,"DG Buff no Q Zuda, mano.",0,0,,,0,0,0,0,0,0,0,0
92KeIj8hsOE,98,235.9,237.76,"Broke Z, caçador de OK. Broke Z,",0,0,,,0,0,0,0,0,0,0,0
92KeIj8hsOE,99,237.82,238.16,Broke Z.,0,0,,,0,0,0,0,0,0,0,0
92KeIj8hsOE,100,239.44,240.88,"DF caçador do Q Zuda, hein, mano.",0,0,,,0,0,0,0,0,0,0,0
92KeIj8hsOE,101,240.9,245.7,O Faísca tá vivo? O Faísca,0,0,,,0,0,0,0,0,0,0,0
92KeIj8hsOE,102,245.7,247.48,"tá vivo, meu pai, mano. Tá vivo o Faísca Zuda?",0,0,,,0,0,0,0,0,0,0,0
92KeIj8hsOE,103,247.96,249.22,"Cara, você tem que escolher, mano.",0,0,,,0,0,0,0,0,0,0,0
92KeIj8hsOE,104,249.22,251.38,Ou o meu pai,0,0,,,0,0,0,0,0,0,0,0
92KeIj8hsOE,105,251.38,253.3,"se chama Ratão, ou se",0,0,,,0,0,0,0,0,0,0,0
92KeIj8hsOE,106,253.3,254.9,chama...,0,0,,,0,0,0,0,0,0,0,0
92KeIj8hsOE,107,254.9,258.29,"Ai meu Deus, eu mereço morrer aqui",0,0,,,0,0,0,0,0,0,0,0
92KeIj8hsOE,108,258.29,264.06,"Ai meu Deus, cara, eu sabia que",0,0,,,0,0,0,0,0,0,0,0
92KeIj8hsOE,109,264.06,266.4,"Não tinha como desviar, tá muito belinho, mano",0,0,,,0,0,0,0,0,0,0,0
92KeIj8hsOE,110,266.4,268.74,"Ou meu pai chama ratão ou chama faísca, mano",0,0,,,0,0,0,0,0,0,0,0
92KeIj8hsOE,111,268.74,270.3,Eu sou nunca a pessoa do cenário,0,0,,,0,0,0,0,0,0,0,0
92KeIj8hsOE,112,270.3,271.74,Que tem coragem de mandar e falar real,0,0,,,0,0,0,0,0,0,0,0
92KeIj8hsOE,113,271.74,274.38,"A Mayumi tá obesa, comenta o mesmo e foda-se",0,0,,,0,0,0,0,0,0,0,0
92KeIj8hsOE,114,274.38,276.54,Tá ligado? Eu comento aqui e foda-se,0,0,,,0,0,0,0,0,0,0,0
92KeIj8hsOE,115,276.54,278.42,"Não tem medo de nada aqui, ó, tá obesa, tá redonda",0,0,,,0,0,0,0,0,0,0,0
92KeIj8hsOE,116,278.42,279.98,"Tá um planeta, foda-se",0,0,,,0,0,0,0,0,0,0,0
92KeIj8hsOE,117,279.98,282.06,"Ela já foi bonita, mano, antigamente",0,0,,,0,0,0,0,0,0,0,0
92KeIj8hsOE,118,282.06,283.1,"Ela era mansa, tá louco",0,0,,,0,0,0,0,0,0,0,0
92KeIj8hsOE,119,283.1,285.7,"Antigamente ela era bonita, hoje em dia acabou",0,0,,,0,0,0,0,0,0,0,0
92KeIj8hsOE,120,285.7,288.02,"Tá velha, tá redonda, ficou feia, mano",1,1,feia,body_shaming,0,1,0,0,0,0,0,0
92KeIj8hsOE,121,288.02,290.8,"Ninguém comenta isso aqui, mas eu tenho que comentar",0,0,,,0,0,0,0,0,0,0,0
92KeIj8hsOE,122,290.8,291.2,Fazer o que?,0,0,,,0,0,0,0,0,0,0,0
92KeIj8hsOE,123,292.62,294.28,"Tomou pra mim o comentário, sempre sou eu, né",0,0,,,0,0,0,0,0,0,0,0
92KeIj8hsOE,124,294.28,296.84,"Já tem medo de falar a verdade, pô",0,0,,,0,0,0,0,0,0,0,0
92KeIj8hsOE,125,296.84,298.78,É que essas meninas,0,0,,,0,0,0,0,0,0,0,0
92KeIj8hsOE,126,298.78,300.56,"Tem muito ego, pô, tem que chegar eu, um alfa",0,0,,,0,0,0,0,0,0,0,0
92KeIj8hsOE,127,300.56,301.94,"E colocar ela no lugar dela, entendeu? Um alfa",0,0,,,0,0,0,0,0,0,0,0
92KeIj8hsOE,128,301.94,307.46,Ok,0,0,,,0,0,0,0,0,0,0,0
92KeIj8hsOE,129,307.46,315.48,"Cara, o meu Zed é cego? Será, mano?",0,0,,,0,0,0,0,0,0,0,0
92KeIj8hsOE,130,316.12,318.3,"Meu Deus, cara, que merda é essa, mano?",0,0,,,0,0,0,0,0,0,0,0
92KeIj8hsOE,131,318.34,319.58,"Ah, tá sem flash, também",0,0,,,0,0,0,0,0,0,0,0
92KeIj8hsOE,132,319.58,321.62,Será que ele tinha flash?,0,0,,,0,0,0,0,0,0,0,0
92KeIj8hsOE,133,321.7,323.5,"Você morreu, né? Você ficou louco, né?",0,0,,,0,0,0,0,0,0,0,0
92KeIj8hsOE,134,325.18,325.5,Ok,0,0,,,0,0,0,0,0,0,0,0
92KeIj8hsOE,135,325.5,327.94,"O gente, ela deletou, mentira",0,0,,,0,0,0,0,0,0,0,0
92KeIj8hsOE,136,327.94,329.78,Ela deletou,0,0,,,0,0,0,0,0,0,0,0
92KeIj8hsOE,137,329.78,332.0,"Ela me deu um bloco, viado, caralho",2,1,caralho; viado,homofobia_misoginia; sexual_degradante,0,0,1,0,0,1,0,0
92KeIj8hsOE,138,332.0,333.96,"Eu levei insta-bloco, mano",0,0,,,0,0,0,0,0,0,0,0
92KeIj8hsOE,139,333.96,335.34,Uau,0,0,,,0,0,0,0,0,0,0,0
92KeIj8hsOE,140,335.34,338.4,"Cara, eu levei insta-bloco, mano",0,0,,,0,0,0,0,0,0,0,0
92KeIj8hsOE,141,338.4,339.88,Ela lembra o comentário,0,0,,,0,0,0,0,0,0,0,0
92KeIj8hsOE,142,339.88,341.22,"Quando eu vi, ela ficou chutada, mano",0,0,,,0,0,0,0,0,0,0,0
92KeIj8hsOE,143,341.22,342.82,"Se deu bloco, não tangou",0,0,,,0,0,0,0,0,0,0,0
92KeIj8hsOE,144,342.82,345.32,"Caralho, eu acabei de comentar que ela mesmo",1,1,caralho,sexual_degradante,0,0,1,0,0,0,0,0
92KeIj8hsOE,145,345.32,346.44,"Deu insta-bloco, mano",0,0,,,0,0,0,0,0,0,0,0
92KeIj8hsOE,146,346.44,348.32,"O bagulho tá louco mesmo, cara",0,0,,,0,0,0,0,0,0,0,0
92KeIj8hsOE,147,348.32,350.66,"Então, beleza, então",0,0,,,0,0,0,0,0,0,0,0
92KeIj8hsOE,148,350.66,353.86,"Caralho, mano",1,1,caralho,sexual_degradante,0,0,1,0,0,0,0,0
92KeIj8hsOE,149,353.86,355.38,"Eu acabei de comentar, me deu bloco, mano",0,0,,,0,0,0,0,0,0,0,0
92KeIj8hsOE,150,355.38,357.54,"deu merda, mano. Cara, você vê essa gorda",1,1,gorda,body_shaming,0,1,0,0,0,0,0,0
92KeIj8hsOE,151,357.54,359.32,"aqui, na mente dessa obesa aqui,",0,0,,,0,0,0,0,0,0,0,0
92KeIj8hsOE,152,359.42,361.42,"ela pensa que tá abalando. Não, cara, você tá gorda.",1,1,gorda,body_shaming,0,1,0,0,0,0,0,0
92KeIj8hsOE,153,361.88,363.22,É porque a sociedade,0,0,,,0,0,0,0,0,0,0,0
92KeIj8hsOE,154,363.22,365.3,tem um montão de escravo de,0,0,,,0,0,0,0,0,0,0,0
92KeIj8hsOE,155,365.3,367.42,"buceta, entendeu? Os caras",1,1,buceta,genitalia_feminina,0,0,0,0,0,0,1,0
92KeIj8hsOE,156,367.42,369.28,"passam tanta fome de buceta, os caras veem essa porra",1,1,buceta,genitalia_feminina,0,0,0,0,0,0,1,0
92KeIj8hsOE,157,369.28,371.22,"que acham bonito. A menina é obesa, cara. Foda-se.",0,0,,,0,0,0,0,0,0,0,0
92KeIj8hsOE,158,371.62,373.18,"Tem como entender que esse menino tá obesa mesmo, cara.",0,0,,,0,0,0,0,0,0,0,0
92KeIj8hsOE,159,373.9,375.2,"Mas o que? É verdade, mano.",0,0,,,0,0,0,0,0,0,0,0
92KeIj8hsOE,160,376.7,377.34,É foda,0,0,,,0,0,0,0,0,0,0,0
92KeIj8hsOE,161,377.34,379.04,"que eu sou um alfa e tenho que falar a verdade, mano.",0,0,,,0,0,0,0,0,0,0,0
92KeIj8hsOE,162,379.16,381.14,"Não queria falar que era obesa, mas é verdade, mano.",0,0,,,0,0,0,0,0,0,0,0
92KeIj8hsOE,163,383.22,384.88,"Live até meia-noite. Pô, se alguém",0,0,,,0,0,0,0,0,0,0,0
92KeIj8hsOE,164,384.88,386.92,"mandar senzão pra mim, eu faço até meia-noite.",0,0,,,0,0,0,0,0,0,0,0
92KeIj8hsOE,165,387.0,387.32,Senzão.,0,0,,,0,0,0,0,0,0,0,0
92KeIj8hsOE,166,388.9,391.14,"Eu faço até meia-noite live hoje, se alguém mandar senzão.",0,0,,,0,0,0,0,0,0,0,0
92KeIj8hsOE,167,391.86,392.84,"Se não mandar, mano,",0,0,,,0,0,0,0,0,0,0,0
92KeIj8hsOE,168,393.48,394.46,vai ser uma saideira essa aqui.,0,0,,,0,0,0,0,0,0,0,0
92KeIj8hsOE,169,394.8,397.02,"Tô zoando, tô zoando. Deixa eu fazer um pouquinho mais",0,0,,,0,0,0,0,0,0,0,0
92KeIj8hsOE,170,397.02,398.16,"de live, mano. Eu abri mais tarde hoje.",0,0,,,0,0,0,0,0,0,0,0
92KeIj8hsOE,171,398.68,404.44,"Tá bom, forçamos",0,0,,,0,0,0,0,0,0,0,0
92KeIj8hsOE,172,404.44,406.44,"dois TP dos caras aqui, mano. Que merda é essa?",0,0,,,0,0,0,0,0,0,0,0
92KeIj8hsOE,173,407.54,408.38,É o Yoda,0,0,,,0,0,0,0,0,0,0,0
92KeIj8hsOE,174,408.38,409.98,"gordo. Não, eu vou",0,0,,,0,0,0,0,0,0,0,0
92KeIj8hsOE,175,409.98,412.6,"resolver, então. Cara, que merda é essa,",0,0,,,0,0,0,0,0,0,0,0
92KeIj8hsOE,176,412.6,414.3,"mano? Porque tem o mau Hitler aqui, mano.",0,0,,,0,0,0,0,0,0,0,0
92KeIj8hsOE,177,415.36,416.22,"Ele tem ult não, mano?",0,0,,,0,0,0,0,0,0,0,0
92KeIj8hsOE,178,420.03,421.33,"Alguém me salva aqui, mano?",0,0,,,0,0,0,0,0,0,0,0
92KeIj8hsOE,179,421.33,422.05,"Tem que flechar, mano.",0,0,,,0,0,0,0,0,0,0,0
92KeIj8hsOE,180,422.07,422.93,"Acho que eu morri no A, parece.",0,0,,,0,0,0,0,0,0,0,0
92KeIj8hsOE,181,425.9,427.54,"Eu vou dar B, TP e suprar os dois, mano.",0,0,,,0,0,0,0,0,0,0,0
92KeIj8hsOE,182,428.12,429.6,"Se a pessoa volta, eu vou te dar um mal hit.",0,0,,,0,0,0,0,0,0,0,0
92KeIj8hsOE,183,429.68,430.2,Ele vai me ultar aqui.,0,0,,,0,0,0,0,0,0,0,0
92KeIj8hsOE,184,431.52,432.48,"Nossa, cara, só meu flash.",0,0,,,0,0,0,0,0,0,0,0
92KeIj8hsOE,185,433.14,434.78,"Ah, o cara perdeu a torre inteira lá, quase, né?",0,0,,,0,0,0,0,0,0,0,0
92KeIj8hsOE,186,435.8,436.04,Ok.,0,0,,,0,0,0,0,0,0,0,0
92KeIj8hsOE,187,443.84,445.4,"Tem que parar o B dele aqui agora, mano.",0,0,,,0,0,0,0,0,0,0,0
92KeIj8hsOE,188,445.46,446.64,"Será que eu vou parar o B dele aqui, mano?",0,0,,,0,0,0,0,0,0,0,0
92KeIj8hsOE,189,446.8,447.42,"Parei, parei.",0,0,,,0,0,0,0,0,0,0,0
92KeIj8hsOE,190,452.31,453.77,"Nossa, ele morreu ainda, mano.",0,0,,,0,0,0,0,0,0,0,0
92KeIj8hsOE,191,454.25,455.19,"Broke Temple, Zulu.",0,0,,,0,0,0,0,0,0,0,0
92KeIj8hsOE,192,455.25,455.99,"Caso eu fiz Zulu, ok.",0,0,,,0,0,0,0,0,0,0,0
92KeIj8hsOE,193,456.09,456.55,Broke Temple.,0,0,,,0,0,0,0,0,0,0,0
92KeIj8hsOE,194,461.64,462.94,"Eu peguei a torre aqui ainda, mano.",0,0,,,0,0,0,0,0,0,0,0
92KeIj8hsOE,195,466.5,467.38,"Tem a torre do game, será?",0,0,,,0,0,0,0,0,0,0,0
92KeIj8hsOE,196,467.5,468.12,"Acho que é, mano.",0,0,,,0,0,0,0,0,0,0,0
92KeIj8hsOE,197,468.36,469.56,"Meu Deus, cara.",0,0,,,0,0,0,0,0,0,0,0
92KeIj8hsOE,198,469.74,470.3,"Pegando, pegando.",0,0,,,0,0,0,0,0,0,0,0
92KeIj8hsOE,199,470.3,471.36,"Peguei, peguei",0,0,,,0,0,0,0,0,0,0,0
92KeIj8hsOE,200,471.36,472.14,A bot vai ser nossa,0,0,,,0,0,0,0,0,0,0,0
92KeIj8hsOE,201,472.14,472.6,Sempre zudo,0,0,,,0,0,0,0,0,0,0,0
92KeIj8hsOE,202,472.6,475.96,"Caralho, o jogo tá pegadola, hein, mano",1,1,caralho,sexual_degradante,0,0,1,0,0,0,0,0
92KeIj8hsOE,203,475.96,476.88,Eu pensava que era free game,0,0,,,0,0,0,0,0,0,0,0
92KeIj8hsOE,204,476.88,477.4,"Mas não, mano",0,0,,,0,0,0,0,0,0,0,0
92KeIj8hsOE,205,477.4,478.16,Os caras tão favelando,0,0,,,0,0,0,0,0,0,0,0
92KeIj8hsOE,206,478.16,479.0,"Meu time zudo, mano",0,0,,,0,0,0,0,0,0,0,0
92KeIj8hsOE,207,479.0,481.32,Vou estar satanico zudo mesmo,0,0,,,0,0,0,0,0,0,0,0
92KeIj8hsOE,208,481.32,482.56,Se você gostou de uma mãozete,0,0,,,0,0,0,0,0,0,0,0
92KeIj8hsOE,209,482.56,484.0,"Não, mas eu vou testar sim o jogo",0,0,,,0,0,0,0,0,0,0,0
92KeIj8hsOE,210,484.0,484.86,"Vou testar, mano",0,0,,,0,0,0,0,0,0,0,0
92KeIj8hsOE,211,484.86,485.82,"Você morreu aqui, né?",0,0,,,0,0,0,0,0,0,0,0
92KeIj8hsOE,212,493.55,494.79,"Acho que o Zed mata ela aqui, mano",0,0,,,0,0,0,0,0,0,0,0
92KeIj8hsOE,213,494.79,495.61,"Ela morreu, morreu?",0,0,,,0,0,0,0,0,0,0,0
92KeIj8hsOE,214,499.81,501.15,"Nossa, você não matou o cara, mano",0,0,,,0,0,0,0,0,0,0,0
92KeIj8hsOE,215,501.15,501.81,Que favelita,0,0,,,0,0,0,0,0,0,0,0
92KeIj8hsOE,216,501.81,502.31,"Ah, matou",0,0,,,0,0,0,0,0,0,0,0
92KeIj8hsOE,217,502.31,504.31,"Vou dar B aqui, mano",0,0,,,0,0,0,0,0,0,0,0
92KeIj8hsOE,218,504.31,505.61,"Você morreu, na real, né?",0,0,,,0,0,0,0,0,0,0,0
92KeIj8hsOE,219,506.71,507.27,O cara errou duas,0,0,,,0,0,0,0,0,0,0,0
92KeIj8hsOE,220,507.27,508.31,"Mano, o cara errou dois tiros",0,0,,,0,0,0,0,0,0,0,0
92KeIj8hsOE,221,508.31,510.11,"Tiro quem zuda me li, mano",0,0,,,0,0,0,0,0,0,0,0
92KeIj8hsOE,222,510.11,517.11,"Eu vou dar meu besu aqui, ok?",0,0,,,0,0,0,0,0,0,0,0
92KeIj8hsOE,223,518.51,520.27,Eu fiquei com medo de...,0,0,,,0,0,0,0,0,0,0,0
92KeIj8hsOE,224,520.27,522.33,Fiquei com medo de...,0,0,,,0,0,0,0,0,0,0,0
92KeIj8hsOE,225,523.55,526.97,"De querer pegar essa aqui, o Pantheon Flash e matar, mano.",0,0,,,0,0,0,0,0,0,0,0
92KeIj8hsOE,226,527.19,527.97,Esse play.,0,0,,,0,0,0,0,0,0,0,0
92KeIj8hsOE,227,528.21,529.27,Nós temos que chamar o Trapazuda.,0,0,,,0,0,0,0,0,0,0,0
92KeIj8hsOE,228,529.35,529.95,"O que é isso aqui, mano?",0,0,,,0,0,0,0,0,0,0,0
92KeIj8hsOE,229,529.99,530.99,"Que porra é essa aqui, cara?",0,0,,,0,0,0,0,0,0,0,0
92KeIj8hsOE,230,531.49,537.11,"Como é que eu gosto, Zed inútil?",0,0,,,0,0,0,0,0,0,0,0
92KeIj8hsOE,231,539.85,540.75,"Vem cá, inútil, Zed.",0,0,,,0,0,0,0,0,0,0,0
92KeIj8hsOE,232,540.81,541.29,"Tá louco, mano.",0,0,,,0,0,0,0,0,0,0,0
92KeIj8hsOE,233,541.89,542.41,"Podre, mano.",0,0,,,0,0,0,0,0,0,0,0
92KeIj8hsOE,234,545.6,546.5,"Eu tenho um C, né, Vigna?",0,0,,,0,0,0,0,0,0,0,0
92KeIj8hsOE,235,547.2,548.16,"Tá bom, deu bom, deu bom.",0,0,,,0,0,0,0,0,0,0,0
92KeIj8hsOE,236,548.5,550.06,"Ok, deu bom pra cacete, Nail, mano.",0,0,,,0,0,0,0,0,0,0,0
92KeIj8hsOE,237,551.26,553.64,"Nós vai ter que subir a favelinha do Mukalau, tá bom?",0,0,,,0,0,0,0,0,0,0,0
92KeIj8hsOE,238,553.64,554.98,"Vou ter que invadir lá, tá bom",0,0,,,0,0,0,0,0,0,0,0
92KeIj8hsOE,239,554.98,556.42,"Cara, se eu for lá, eu acho que",0,0,,,0,0,0,0,0,0,0,0
92KeIj8hsOE,240,556.42,559.42,"Nossa, que boneco super dozudo, hein, mano",0,0,,,0,0,0,0,0,0,0,0
92KeIj8hsOE,241,559.42,560.58,"Eu acho que eu mato a cena aqui, mano",0,0,,,0,0,0,0,0,0,0,0
92KeIj8hsOE,242,560.58,564.31,"Eu acho que eu mato geral aqui, na real, mano",0,0,,,0,0,0,0,0,0,0,0
92KeIj8hsOE,243,564.31,566.51,"Nossa, mas meu cabelo tá muito lento, sem bota, cara",0,0,,,0,0,0,0,0,0,0,0
92KeIj8hsOE,244,566.51,569.97,"Alguém aqui vai morrer, não é possível, mano",0,0,,,0,0,0,0,0,0,0,0
92KeIj8hsOE,245,569.97,571.39,"Caralho, escadrão recalcou",1,1,caralho,sexual_degradante,0,0,1,0,0,0,0,0
92KeIj8hsOE,246,571.39,572.79,"Onde, mano? Que isso?",0,0,,,0,0,0,0,0,0,0,0
92KeIj8hsOE,247,574.97,575.85,"Ah, eu morri, XD",0,0,,,0,0,0,0,0,0,0,0
92KeIj8hsOE,248,575.85,580.23,"Caraca, pântano do Broke, mano",0,0,,,0,0,0,0,0,0,0,0
92KeIj8hsOE,249,580.23,582.85,"Nossa, não recalca os espetáculos, mano",0,0,,,0,0,0,0,0,0,0,0
92KeIj8hsOE,250,582.85,584.81,"Será que eu passei um ar, será?",0,0,,,0,0,0,0,0,0,0,0
92KeIj8hsOE,251,584.81,585.73,Eu compro a lente uma vez.,0,0,,,0,0,0,0,0,0,0,0
92KeIj8hsOE,252,586.19,586.73,Estaram aqui.,0,0,,,0,0,0,0,0,0,0,0
92KeIj8hsOE,253,586.95,587.71,"Mano, que ponte de pedra.",0,0,,,0,0,0,0,0,0,0,0
92KeIj8hsOE,254,587.99,588.41,Esses caras.,0,0,,,0,0,0,0,0,0,0,0
92KeIj8hsOE,255,589.07,590.41,"Mano, o panter é muito broken, mano.",0,0,,,0,0,0,0,0,0,0,0
92KeIj8hsOE,256,590.47,591.69,"Nossa, o panter é muito broken, mano.",0,0,,,0,0,0,0,0,0,0,0
92KeIj8hsOE,257,591.69,592.25,"O que é isso, mano?",0,0,,,0,0,0,0,0,0,0,0
92KeIj8hsOE,258,592.37,593.77,É porque não tá mais fácil mesmo.,0,0,,,0,0,0,0,0,0,0,0
92KeIj8hsOE,259,593.93,595.29,Não tem...,0,0,,,0,0,0,0,0,0,0,0
92KeIj8hsOE,260,595.29,599.03,"Porque o panter é muito de presente a partir da zuda, mano.",0,0,,,0,0,0,0,0,0,0,0
92KeIj8hsOE,261,600.13,601.43,"Ele tá morto aqui ou não, né?",0,0,,,0,0,0,0,0,0,0,0
92KeIj8hsOE,262,602.13,603.11,Olha o meu Zed.,0,0,,,0,0,0,0,0,0,0,0
92KeIj8hsOE,263,603.25,604.23,"Olha o telhado do meu Zed, mano.",0,0,,,0,0,0,0,0,0,0,0
92KeIj8hsOE,264,605.25,606.89,"Pá, deixei ganhar essa fightzuna aqui, mano.",0,0,,,0,0,0,0,0,0,0,0
92KeIj8hsOE,265,606.93,607.51,Eu vou ter pra aqui.,0,0,,,0,0,0,0,0,0,0,0
92KeIj8hsOE,266,607.83,608.39,Acabou o ward.,0,0,,,0,0,0,0,0,0,0,0
92KeIj8hsOE,267,609.23,611.01,"Eu tenho que ter pra aqui atrás pro do vício, mano.",0,0,,,0,0,0,0,0,0,0,0
92KeIj8hsOE,268,611.77,612.49,Acabou o ward de nada.,0,0,,,0,0,0,0,0,0,0,0
92KeIj8hsOE,269,612.61,613.33,"Fiquei cego, mano.",0,0,,,0,0,0,0,0,0,0,0
92KeIj8hsOE,270,613.37,614.13,"Tinha o ward sim, mano.",0,0,,,0,0,0,0,0,0,0,0
92KeIj8hsOE,271,614.13,617.17,"Agora já era, foda-se",0,0,,,0,0,0,0,0,0,0,0
92KeIj8hsOE,272,617.17,626.29,"Nós perde isso aqui, mano",0,0,,,0,0,0,0,0,0,0,0
92KeIj8hsOE,273,626.29,638.16,"Ai, meu Deus",0,0,,,0,0,0,0,0,0,0,0
92KeIj8hsOE,274,638.16,640.0,"Era só ter saído vivo, cara",0,0,,,0,0,0,0,0,0,0,0
92KeIj8hsOE,275,640.0,642.78,"Tá bom, tá bom, tá suave, calma, calma",0,0,,,0,0,0,0,0,0,0,0
92KeIj8hsOE,276,642.78,645.06,"Cara, por que não só eu saio vivo",0,0,,,0,0,0,0,0,0,0,0
92KeIj8hsOE,277,645.06,646.28,"Dessa playzuda aqui, mano",0,0,,,0,0,0,0,0,0,0,0
92KeIj8hsOE,278,646.28,648.36,"Velho, o panter é muito super doido, mano",0,0,,,0,0,0,0,0,0,0,0
92KeIj8hsOE,279,648.36,650.06,"Não existe champion, viado",1,1,viado,homofobia_misoginia,0,0,0,0,0,1,0,0
92KeIj8hsOE,280,650.06,651.58,"Que tipo de zuda é esse, mano",0,0,,,0,0,0,0,0,0,0,0
92KeIj8hsOE,281,651.58,653.78,"Eu quero conseguir farmar vídeo aqui, mano",0,0,,,0,0,0,0,0,0,0,0
92KeIj8hsOE,282,653.78,654.9,Mas tudo isso tá foda,0,0,,,0,0,0,0,0,0,0,0
92KeIj8hsOE,283,654.9,658.2,"Eu tô caindo na kill dos mulangos, cara",0,0,,,0,0,0,0,0,0,0,0
92KeIj8hsOE,284,658.2,658.5,Mas ok,0,0,,,0,0,0,0,0,0,0,0
92KeIj8hsOE,285,658.5,661.74,"A minha kill tá preta, cara, que porra é essa, mano",0,0,,,0,0,0,0,0,0,0,0
92KeIj8hsOE,286,661.74,662.6,"Não tem como não, mano.",0,0,,,0,0,0,0,0,0,0,0
92KeIj8hsOE,287,662.62,663.14,Que que é isso?,0,0,,,0,0,0,0,0,0,0,0
92KeIj8hsOE,288,664.1,664.38,Caralho!,1,1,caralho,sexual_degradante,0,0,1,0,0,0,0,0
92KeIj8hsOE,289,664.58,665.58,"Mano, tem um...",0,0,,,0,0,0,0,0,0,0,0
92KeIj8hsOE,290,665.58,676.16,"Meu Deus, mano!",0,0,,,0,0,0,0,0,0,0,0
92KeIj8hsOE,291,676.2,677.02,"Que que é isso, mano?",0,0,,,0,0,0,0,0,0,0,0
92KeIj8hsOE,292,677.06,677.4,Meu Deus!,0,0,,,0,0,0,0,0,0,0,0
92KeIj8hsOE,293,677.46,678.48,"Por caralho, tu faz nada, cara!",1,1,caralho,sexual_degradante,0,0,1,0,0,0,0,0
92KeIj8hsOE,294,679.96,680.56,"Boa, Neguchi.",0,0,,,0,0,0,0,0,0,0,0
92KeIj8hsOE,295,680.62,681.3,"Ok, boa, boa.",0,0,,,0,0,0,0,0,0,0,0
92KeIj8hsOE,296,684.21,685.99,"Cara, olha a fase que a gente perdeu, mano.",0,0,,,0,0,0,0,0,0,0,0
92KeIj8hsOE,297,686.79,687.79,"É que a gente não tocou menos um, cara.",0,0,,,0,0,0,0,0,0,0,0
92KeIj8hsOE,298,687.81,688.37,"Essa mira azul, né?",0,0,,,0,0,0,0,0,0,0,0
92KeIj8hsOE,299,689.87,691.41,"Cara, não tem como ganhar o jogo nem fudendo, mano.",0,0,,,0,0,0,0,0,0,0,0
92KeIj8hsOE,300,692.61,694.63,"Pra ganhar isso aqui, eu tenho que começar a pirar milagres juntos, mano.",0,0,,,0,0,0,0,0,0,0,0
92KeIj8hsOE,301,695.75,696.03,Ok.,0,0,,,0,0,0,0,0,0,0,0
92KeIj8hsOE,302,700.2,701.34,Acho que nós mata ele aqui.,0,0,,,0,0,0,0,0,0,0,0
92KeIj8hsOE,303,701.4,702.38,"Ele morreu aqui não, mano?",0,0,,,0,0,0,0,0,0,0,0
92KeIj8hsOE,304,710.3,710.86,"Nossa, mano.",0,0,,,0,0,0,0,0,0,0,0
92KeIj8hsOE,305,710.9,711.12,Meu!,0,0,,,0,0,0,0,0,0,0,0
92KeIj8hsOE,306,711.24,712.26,"Que que é isso, mano?",0,0,,,0,0,0,0,0,0,0,0
92KeIj8hsOE,307,712.34,712.84,Que que é isso?,0,0,,,0,0,0,0,0,0,0,0
92KeIj8hsOE,308,712.84,715.08,"Olha a quantidade de negro que tem aqui, bom negócio, bom.",0,0,,,0,0,0,0,0,0,0,0
92KeIj8hsOE,309,715.58,717.4,"Pro que temos é de tudo, bom negócio, bom.",0,0,,,0,0,0,0,0,0,0,0
92KeIj8hsOE,310,717.5,718.0,"Jogou bem, jogou bem.",0,0,,,0,0,0,0,0,0,0,0
92KeIj8hsOE,311,719.78,721.22,"Caralho, morreu no finalzinho, mano.",1,1,caralho,sexual_degradante,0,0,1,0,0,0,0,0
92KeIj8hsOE,312,721.24,722.02,"Nem fodendo, cara.",0,0,,,0,0,0,0,0,0,0,0
92KeIj8hsOE,313,722.52,723.98,"Acho que a Nico mata aqui, mano.",0,0,,,0,0,0,0,0,0,0,0
92KeIj8hsOE,314,725.42,726.74,"Nossa, o que eu tô vendo, cara?",0,0,,,0,0,0,0,0,0,0,0
92KeIj8hsOE,315,727.22,728.5,"O negócio tá muito louco mesmo, cara.",0,0,,,0,0,0,0,0,0,0,0
92KeIj8hsOE,316,728.5,729.18,"O que eu tô vendo, mano?",0,0,,,0,0,0,0,0,0,0,0
92KeIj8hsOE,317,731.84,734.06,Toda a pretumba macumbiro mandou dois reais.,0,0,,,0,0,0,0,0,0,0,0
92KeIj8hsOE,318,734.18,734.72,"Salve, mano, salve.",0,0,,,0,0,0,0,0,0,0,0
92KeIj8hsOE,319,734.8,736.06,"Fala, gordão, axé pra tu.",0,0,,,0,0,0,0,0,0,0,0
92KeIj8hsOE,320,736.36,737.56,"Saraiba, mucamba, diumande.",0,0,,,0,0,0,0,0,0,0,0
92KeIj8hsOE,321,737.96,738.24,Bazar.,0,0,,,0,0,0,0,0,0,0,0
92KeIj8hsOE,322,738.38,741.12,"Cara, não adianta, não adianta você mandar macumba pra mim, tá bom?",0,0,,,0,0,0,0,0,0,0,0
92KeIj8hsOE,323,741.12,741.66,"Não adianta, não adianta.",0,0,,,0,0,0,0,0,0,0,0
92KeIj8hsOE,324,741.66,742.38,Onde Deus adianta?,0,0,,,0,0,0,0,0,0,0,0
92KeIj8hsOE,325,742.38,742.8,Onde Deus adianta?,0,0,,,0,0,0,0,0,0,0,0
92KeIj8hsOE,326,742.8,747.56,"eu fui na igreja domingo, não adianta, você posta e vai comprar à vontade, tá bom?",0,0,,,0,0,0,0,0,0,0,0
92KeIj8hsOE,327,749.64,752.56,"Não, você pode ficar mandando uns negócios de iodinha à vontade, mano.",0,0,,,0,0,0,0,0,0,0,0
92KeIj8hsOE,328,752.66,755.08,"Eu fui na igreja domingo, tô suave.",0,0,,,0,0,0,0,0,0,0,0
92KeIj8hsOE,329,756.4,757.08,"Olha isso aqui, mano.",0,0,,,0,0,0,0,0,0,0,0
92KeIj8hsOE,330,757.38,757.66,Olha isso aqui.,0,0,,,0,0,0,0,0,0,0,0
92KeIj8hsOE,331,758.96,760.6,"Olha o cara, o cara veio da favela, mano.",0,0,,,0,0,0,0,0,0,0,0
92KeIj8hsOE,332,760.64,761.24,"Não dá não, não dá não.",0,0,,,0,0,0,0,0,0,0,0
92KeIj8hsOE,333,762.24,763.82,"Olha o que eu tô vendo, cara, é o meu Nico, mano.",0,0,,,0,0,0,0,0,0,0,0
92KeIj8hsOE,334,777.83,779.27,"Mano, o Fai tá aqui, mano.",0,0,,,0,0,0,0,0,0,0,0
92KeIj8hsOE,335,779.31,780.19,"O que que é isso, cara?",0,0,,,0,0,0,0,0,0,0,0
92KeIj8hsOE,336,787.75,788.75,"Cara, vamos dar FF aqui.",0,0,,,0,0,0,0,0,0,0,0
92KeIj8hsOE,337,789.23,790.49,"Mano, não quero jogar isso aqui não, bora, bora.",0,0,,,0,0,0,0,0,0,0,0
92KeIj8hsOE,338,790.69,791.55,"Só mentir esse game aqui, mano.",0,0,,,0,0,0,0,0,0,0,0
92KeIj8hsOE,339,791.57,792.49,"Mentir muito ruim, tá me dando agonia.",0,0,,,0,0,0,0,0,0,0,0
92KeIj8hsOE,340,792.93,797.31,"Tipo assim, mano, eu não consigo telar mais esse game aqui, mano, tanto que eu me estressei com esse game aqui, me estressei, me estressei.",0,0,,,0,0,0,0,0,0,0,0
92KeIj8hsOE,341,798.53,799.55,"Bora, bora, bora, bora, bora.",0,0,,,0,0,0,0,0,0,0,0
92KeIj8hsOE,342,801.11,804.89,"Não, essa Niko, essa Niko fazendo aquela play aqui me deixou louco já, tipo assim, eu joguei mal nessa fight.",0,0,,,0,0,0,0,0,0,0,0
92KeIj8hsOE,343,806.35,810.63,"Eu esqueci que eu tô sem presente de espírito, mano, joguei com muita, muito R destacado.",0,0,,,0,0,0,0,0,0,0,0
92KeIj8hsOE,344,810.81,813.09,"Ele morreu aqui, morreu não? Acho que eu mato ele aqui, ele morreu.",0,0,,,0,0,0,0,0,0,0,0
92KeIj8hsOE,345,814.21,814.73,Fica morto aqui.,0,0,,,0,0,0,0,0,0,0,0
92KeIj8hsOE,346,825.8,827.44,"Voltou de nuca e não morreu, mano.",0,0,,,0,0,0,0,0,0,0,0
92KeIj8hsOE,347,828.16,831.08,"Meu Deus, cara, voltou de cara no cara e não morreu, deu meta true, mano.",0,0,,,0,0,0,0,0,0,0,0
92KeIj8hsOE,348,831.82,833.02,"E morreu sim, na real, mano.",0,0,,,0,0,0,0,0,0,0,0
92KeIj8hsOE,349,833.24,836.24,"Olha o dano da minha Samira, Trey. Olha o dano da minha Samira zuda.",0,0,,,0,0,0,0,0,0,0,0
92KeIj8hsOE,350,836.24,839.24,"Olha o dano da minha Samira zuda, mano.",0,0,,,0,0,0,0,0,0,0,0
92KeIj8hsOE,351,839.24,841.55,Ok.,0,0,,,0,0,0,0,0,0,0,0
92KeIj8hsOE,352,841.55,846.37,"Bom, eu tenho que voltar ao meu playstyle sempre, mano.",0,0,,,0,0,0,0,0,0,0,0
92KeIj8hsOE,353,846.37,848.37,Desobalar o L-Game logo e pronto.,0,0,,,0,0,0,0,0,0,0,0
92KeIj8hsOE,354,848.37,854.4,Ok.,0,0,,,0,0,0,0,0,0,0,0
92KeIj8hsOE,355,854.4,860.06,"Meu Zed também é outro inútil, meu Zed zuda, mano. Outro podre.",0,0,,,0,0,0,0,0,0,0,0
92KeIj8hsOE,356,860.06,862.06,"Cadê o mental de Buda? Acabou, mano.",0,0,,,0,0,0,0,0,0,0,0
92KeIj8hsOE,357,862.06,866.06,"O mental meu agora acabou. O mental de budista que eu tinha, mano.",0,0,,,0,0,0,0,0,0,0,0
92KeIj8hsOE,358,866.06,869.06,"Hip mental de budista que eu tinha. Hip zu, hip zu.",0,0,,,0,0,0,0,0,0,0,0
92KeIj8hsOE,359,869.06,883.06,"Assim, eu resolvi escalar esse game aqui, mas eu vou escalar com o meu bot menos 2 mano, assim o jogo tá 3v5, quando o jogo tá 3v5 o player ruim nesse game vale, mano, pesa demais nesse game pro player ruim.",0,0,,,0,0,0,0,0,0,0,0
92KeIj8hsOE,360,883.06,898.56,"Mano, o Fai tá aqui mano, esse cara tá me solando essa cena aqui mano, que isso mano, nossa ele me solou, literalmente me solou essa cena, bro, eu sempre zoob.",0,0,,,0,0,0,0,0,0,0,0
92KeIj8hsOE,361,898.56,909.08,"Nossa, se dá B que eu não flechei aqui",0,0,,,0,0,0,0,0,0,0,0
92KeIj8hsOE,362,909.08,909.86,Eu pensei em flechar,0,0,,,0,0,0,0,0,0,0,0
92KeIj8hsOE,363,909.86,912.3,"Cara, mas perdeu o fight por menos um, acho, mano",0,0,,,0,0,0,0,0,0,0,0
92KeIj8hsOE,364,912.3,916.39,"Será que tem ward aqui, mano?",0,0,,,0,0,0,0,0,0,0,0
92KeIj8hsOE,365,916.45,917.23,"Aqui tem ward, né?",0,0,,,0,0,0,0,0,0,0,0
92KeIj8hsOE,366,919.7,921.08,"Cara, o Dan da Senna, mano",0,0,,,0,0,0,0,0,0,0,0
92KeIj8hsOE,367,921.08,922.12,"Você tá me estuprando, cara",0,0,,,0,0,0,0,0,0,0,0
92KeIj8hsOE,368,922.12,923.26,"Que porra é essa, mano?",0,0,,,0,0,0,0,0,0,0,0
92KeIj8hsOE,369,923.76,926.0,Eu tenho que estatuar a fight com R e flash na Senna,0,0,,,0,0,0,0,0,0,0,0
92KeIj8hsOE,370,926.0,929.88,"Na real, quem tá carregando a partida é a Senna Azul, mano",0,0,,,0,0,0,0,0,0,0,0
92KeIj8hsOE,371,929.88,935.8,"Olha só ele aqui, na real, mano",0,0,,,0,0,0,0,0,0,0,0
92KeIj8hsOE,372,935.8,941.51,"Eu tenho um Cerebro aqui, mano",0,0,,,0,0,0,0,0,0,0,0
92KeIj8hsOE,373,941.51,942.19,"Ele morreu, na real",0,0,,,0,0,0,0,0,0,0,0
92KeIj8hsOE,374,942.19,946.53,"Tem fudendo, mano",0,0,,,0,0,0,0,0,0,0,0
92KeIj8hsOE,375,946.53,947.67,Que isso?,0,0,,,0,0,0,0,0,0,0,0
92KeIj8hsOE,376,947.85,948.43,"Ok, tá morto",0,0,,,0,0,0,0,0,0,0,0
92KeIj8hsOE,377,949.07,950.03,"Deixa eu dar B aqui, mano",0,0,,,0,0,0,0,0,0,0,0
92KeIj8hsOE,378,950.03,958.87,eu tô sem voz ainda mano ok ok ok não dá para ir dragão aqui eu matei o cara você pode passar,0,0,,,0,0,0,0,0,0,0,0
92KeIj8hsOE,379,958.87,970.72,dragão mano tem game tem game tem games tudo o fã eu gostei meu flash já eu tô eu tô manco mano vai,0,0,,,0,0,0,0,0,0,0,0
92KeIj8hsOE,380,970.72,1000.49,mano que porra é essa mano vai meninos meninos eu não sei eu tenho pouca manda foi eu vou dar,0,0,,,0,0,0,0,0,0,0,0
92KeIj8hsOE,381,1000.49,1001.77,"agora, mano. Deixa eu dar meu Bzoo aqui.",0,0,,,0,0,0,0,0,0,0,0
92KeIj8hsOE,382,1003.94,1005.82,"Cara, a gente não ganha 5v5 nem fodendo, mano.",0,0,,,0,0,0,0,0,0,0,0
92KeIj8hsOE,383,1005.84,1008.0,"Não tem como ganhar 5v5, não, mano. Não consigo ver um mundo que ganha 5v5.",0,0,,,0,0,0,0,0,0,0,0
92KeIj8hsOE,384,1011.75,1012.71,"Sai daí, mano. Sai daqui.",0,0,,,0,0,0,0,0,0,0,0
92KeIj8hsOE,385,1012.79,1013.81,"Deixa eu sair daqui, mano.",0,0,,,0,0,0,0,0,0,0,0
92KeIj8hsOE,386,1014.87,1016.81,"Cara, nem vi, mano. Tô com a lista cadastra, hein, mano.",0,0,,,0,0,0,0,0,0,0,0
92KeIj8hsOE,387,1016.89,1017.81,"Nossa, esse cara aqui, mano.",0,0,,,0,0,0,0,0,0,0,0
92KeIj8hsOE,388,1018.93,1020.57,"Eu vou acreditar que não é ghost, beleza?",0,0,,,0,0,0,0,0,0,0,0
92KeIj8hsOE,389,1023.94,1024.94,"Vou dar B aqui, mano.",0,0,,,0,0,0,0,0,0,0,0
92KeIj8hsOE,390,1025.04,1026.38,"Olha quem tá aqui, mano.",0,0,,,0,0,0,0,0,0,0,0
92KeIj8hsOE,391,1038.25,1040.37,"O cara ficou louco também, pensei que me solar, hein, mano.",0,0,,,0,0,0,0,0,0,0,0
92KeIj8hsOE,392,1041.41,1042.95,"Cara, tá todo mundo em mim, será, mano?",0,0,,,0,0,0,0,0,0,0,0
92KeIj8hsOE,393,1042.95,1044.29,"Eu mato todo mundo aqui, eu acho, mano.",0,0,,,0,0,0,0,0,0,0,0
92KeIj8hsOE,394,1053.59,1055.07,"Cara, faz barro, mano!",0,0,,,0,0,0,0,0,0,0,0
92KeIj8hsOE,395,1055.07,1057.75,"Mano, tem quatro pessoas lá na porra da minha side zuda, mano.",0,0,,,0,0,0,0,0,0,0,0
92KeIj8hsOE,396,1057.77,1058.75,"Que porra é essa, mano?",0,0,,,0,0,0,0,0,0,0,0
92KeIj8hsOE,397,1065.85,1067.43,"Será que eu paro o recado dos caras aqui, mano?",0,0,,,0,0,0,0,0,0,0,0
92KeIj8hsOE,398,1068.67,1070.31,"Nossa, que dano isso dá sendo, cara.",0,0,,,0,0,0,0,0,0,0,0
92KeIj8hsOE,399,1078.0,1078.9,Acho que ela morreu aqui.,0,0,,,0,0,0,0,0,0,0,0
92KeIj8hsOE,400,1079.46,1080.48,"Boa, Negus, boa, boa.",0,0,,,0,0,0,0,0,0,0,0
92KeIj8hsOE,401,1081.48,1082.84,"Mano, usa sombra, alguma...",0,0,,,0,0,0,0,0,0,0,0
92KeIj8hsOE,402,1082.84,1084.4,"Tá bom, flash dá sendo, foda-se.",0,0,,,0,0,0,0,0,0,0,0
92KeIj8hsOE,403,1085.5,1086.74,"Tentar forçar a Baron aqui, mano.",0,0,,,0,0,0,0,0,0,0,0
92KeIj8hsOE,404,1086.82,1087.8,"Vamos Baron, Baron, Baron.",0,0,,,0,0,0,0,0,0,0,0
92KeIj8hsOE,405,1087.86,1088.72,"Tô sem chat, mano.",0,0,,,0,0,0,0,0,0,0,0
92KeIj8hsOE,406,1088.78,1089.9,"Meu Deus, tô sem Baron zuda, mano.",0,0,,,0,0,0,0,0,0,0,0
92KeIj8hsOE,407,1089.9,1090.4,"Meu Deus, cara.",0,0,,,0,0,0,0,0,0,0,0
92KeIj8hsOE,408,1090.7,1091.78,"Acho que não fez Baron, mano.",0,0,,,0,0,0,0,0,0,0,0
92KeIj8hsOE,409,1092.08,1095.98,"Eu matei o Pantheon, mas matei uma cena toda e fez Baron, mano.",0,0,,,0,0,0,0,0,0,0,0
92KeIj8hsOE,410,1095.98,1102.97,"Cara, meu Zed não pega um flanco",0,0,,,0,0,0,0,0,0,0,0
92KeIj8hsOE,411,1102.97,1104.97,"Meu Deus, mano, roda pro Baron",0,0,,,0,0,0,0,0,0,0,0
92KeIj8hsOE,412,1104.97,1107.01,"Cara, por que não está",0,0,,,0,0,0,0,0,0,0,0
92KeIj8hsOE,413,1107.01,1108.79,Andando bot side ao invés de ficar,0,0,,,0,0,0,0,0,0,0,0
92KeIj8hsOE,414,1108.79,1110.45,"Top side, pegar a visão do Baron, mano",0,0,,,0,0,0,0,0,0,0,0
92KeIj8hsOE,415,1110.45,1112.95,"Tá bom, não vou chutar não",0,0,,,0,0,0,0,0,0,0,0
92KeIj8hsOE,416,1112.95,1114.23,"Vou aumentar a onda de budista, tá suave, mano",0,0,,,0,0,0,0,0,0,0,0
92KeIj8hsOE,417,1114.23,1115.35,"Os caras são ruins, tá suave",0,0,,,0,0,0,0,0,0,0,0
92KeIj8hsOE,418,1115.35,1117.45,"Não joga loss, não, mano, pelo amor de Deus",0,0,,,0,0,0,0,0,0,0,0
92KeIj8hsOE,419,1117.45,1118.33,"Calma aí, mano",0,0,,,0,0,0,0,0,0,0,0
92KeIj8hsOE,420,1118.33,1120.99,"Olha o que é isso aqui, mano",0,0,,,0,0,0,0,0,0,0,0
92KeIj8hsOE,421,1120.99,1143.65,Olha a barreira,0,0,,,0,0,0,0,0,0,0,0
92KeIj8hsOE,422,1143.65,1145.57,Olha a barreira do,0,0,,,0,0,0,0,0,0,0,0
92KeIj8hsOE,423,1145.57,1148.25,"AGGM, pelo amor de Deus",0,0,,,0,0,0,0,0,0,0,0
92KeIj8hsOE,424,1148.25,1153.1,"Acabou o game, isso, game zudo",0,0,,,0,0,0,0,0,0,0,0
92KeIj8hsOE,425,1153.1,1156.72,"Cara, meu amigo fez uma boa ultima fight, foi 5-0 né, tá bom, jogão, jogão",0,0,,,0,0,0,0,0,0,0,0
92KeIj8hsOE,426,1156.72,1161.6,"Cara, eu joguei no Aq do inferno, mano, que porra de killzuda é essa, mano, tô no inferno",0,0,,,0,0,0,0,0,0,0,0
92KeIj8hsOE,427,1161.6,1165.2,"Eu joguei a kill satanica azul dessa killzuda, foi, mano",0,0,,,0,0,0,0,0,0,0,0
92KeIj8hsOE,428,1165.2,1169.07,"Nossa, quase que eu perdi o game ainda, cê tá louco, mano",0,0,,,0,0,0,0,0,0,0,0
92KeIj8hsOE,429,1169.07,1172.41,"Come back, rola come back, mano, troca em itens",0,0,,,0,0,0,0,0,0,0,0
92KeIj8hsOE,430,1172.41,1176.15,"CD e TVA pra servir? Acho que não, mano",0,0,,,0,0,0,0,0,0,0,0
92KeIj8hsOE,431,1176.15,1179.84,"Acho que a build da gente ficou boa, né, mano",0,0,,,0,0,0,0,0,0,0,0
MhR6WbG2UD0,1,0.0,2.0,"Essa aqui é a Broke, bora!",0,0,,,0,0,0,0,0,0,0,0
MhR6WbG2UD0,2,2.0,5.63,Vou estuprar então com essa arma,0,0,,,0,0,0,0,0,0,0,0
MhR6WbG2UD0,3,5.63,7.63,"Olha essa minha ult, se liga! Toma, toma, olha lá!",0,0,,,0,0,0,0,0,0,0,0
MhR6WbG2UD0,4,7.63,11.2,"Olha minha ult, cara!",0,0,,,0,0,0,0,0,0,0,0
MhR6WbG2UD0,5,11.2,13.2,"WTF, que porra foi essa mano?",0,0,,,0,0,0,0,0,0,0,0
TRNthMDhtSU,1,4.95,5.91,"Morri, estou morto.",0,0,,,0,0,0,0,0,0,0,0
TRNthMDhtSU,2,5.97,6.41,"É óbvio, né?",0,0,,,0,0,0,0,0,0,0,0
TRNthMDhtSU,3,6.51,7.59,Eu vou comer teu cu.,0,0,,,0,0,0,0,0,0,0,0
TRNthMDhtSU,4,7.69,8.91,"Por favor, me ajuda.",0,0,,,0,0,0,0,0,0,0,0
TRNthMDhtSU,5,9.67,13.99,"Irmão, eu te odeio.",0,0,,,0,0,0,0,0,0,0,0
TRNthMDhtSU,6,14.07,17.81,"Cara, o sapo me tá trollando ao vivo.",0,0,,,0,0,0,0,0,0,0,0
eaMHWygC3PM,1,0.0,2.0,"É nóis, ganha isso aqui não, negros.",0,0,,,0,0,0,0,0,0,0,0
eaMHWygC3PM,2,6.18,9.18,"Ah, meu Deus, já tinha um, já tinha um do Luzuda, mano. Eu tô morto aqui, né?",0,0,,,0,0,0,0,0,0,0,0
eaMHWygC3PM,3,10.18,11.18,"Eu vou sentir um rascado aqui, mano.",0,0,,,0,0,0,0,0,0,0,0
eaMHWygC3PM,4,13.18,15.18,"Foi bot 15, isso que eu nem soguei, né?",0,0,,,0,0,0,0,0,0,0,0
DjhpGJAZBi8,1,0.0,2.66,"Mano, nem fudendo, rapaziada, nem fudendo, cara",0,0,,,0,0,0,0,0,0,0,0
DjhpGJAZBi8,2,2.66,5.2,"O Hiyoti Gringo acabou de expander a gente, tá bom?",0,0,,,0,0,0,0,0,0,0,0
DjhpGJAZBi8,3,5.66,6.74,Eu não consigo acreditar nisso,0,0,,,0,0,0,0,0,0,0,0
DjhpGJAZBi8,4,6.74,8.7,"Finalmente os caras estão trabalhando, finalmente, mano",0,0,,,0,0,0,0,0,0,0,0
DjhpGJAZBi8,5,8.7,11.92,"E parece que o bug do caçador foi finalmente resolvido, mano",0,0,,,0,0,0,0,0,0,0,0
DjhpGJAZBi8,6,11.92,13.58,"Caipira, isso aqui é um mega buff, mano",0,0,,,0,0,0,0,0,0,0,0
DjhpGJAZBi8,7,13.58,15.88,"Porque esse bug aqui era simplesmente insuportável, tá bom?",0,0,,,0,0,0,0,0,0,0,0
DjhpGJAZBi8,8,16.1,17.42,"Era um bug satânico, satânico",0,0,,,0,0,0,0,0,0,0,0
DjhpGJAZBi8,9,17.42,20.86,"Basicamente, tipo assim, o seu R, ó, por exemplo",0,0,,,0,0,0,0,0,0,0,0
DjhpGJAZBi8,10,20.86,23.5,"Eu vou ler aqui, vou tentar explicar pra vocês, rapaziada",0,0,,,0,0,0,0,0,0,0,0
DjhpGJAZBi8,11,23.5,24.7,"Vamos fazer o seguinte, no Champion",0,0,,,0,0,0,0,0,0,0,0
DjhpGJAZBi8,12,24.7,27.54,"Você percebe que o seu R tá 4 stack, beleza?",0,0,,,0,0,0,0,0,0,0,0
DjhpGJAZBi8,13,27.54,30.7,Aí quando você voltar no último segundo do seu R-Zudo,0,0,,,0,0,0,0,0,0,0,0
DjhpGJAZBi8,14,30.7,34.08,"Você dá, você perde toda a sua mana do R4 stack",0,0,,,0,0,0,0,0,0,0,0
DjhpGJAZBi8,15,34.08,36.76,"Porém você dava o dano do R1 stack, entendeu?",0,0,,,0,0,0,0,0,0,0,0
DjhpGJAZBi8,16,37.4,39.84,"Mano, isso aqui fudia muitos games, aconteceu comigo direto",0,0,,,0,0,0,0,0,0,0,0
DjhpGJAZBi8,17,39.84,42.34,"Esse bug aqui, mano, tem desde a época babilônica",0,0,,,0,0,0,0,0,0,0,0
DjhpGJAZBi8,18,42.34,42.96,Babilônica,0,0,,,0,0,0,0,0,0,0,0
DjhpGJAZBi8,19,42.96,45.38,"E parece que o Hot Gringo aqui respondeu a gente, beleza?",0,0,,,0,0,0,0,0,0,0,0
DjhpGJAZBi8,20,46.06,47.94,"Olha aqui, mano, o cara comentou aqui o post, ó",0,0,,,0,0,0,0,0,0,0,0
DjhpGJAZBi8,21,47.94,50.64,"É, e quando vocês vão consertar esse bug de merda no Caçadinho",0,0,,,0,0,0,0,0,0,0,0
DjhpGJAZBi8,22,50.64,52.22,Que está no jogo desde 2021,0,0,,,0,0,0,0,0,0,0,0
DjhpGJAZBi8,23,52.22,53.54,"Na real tá mais antigo ainda esse bug, tá?",0,0,,,0,0,0,0,0,0,0,0
DjhpGJAZBi8,24,53.54,56.04,"Eu lembro desse bug aqui, mano, em 2019 eu acho essa merda",0,0,,,0,0,0,0,0,0,0,0
DjhpGJAZBi8,25,56.04,59.14,Eu tenho 100% de certeza que não sou o primeiro que já relatou isso,0,0,,,0,0,0,0,0,0,0,0
DjhpGJAZBi8,26,59.14,59.66,Pior que é true,0,0,,,0,0,0,0,0,0,0,0
DjhpGJAZBi8,27,59.66,64.9,"Vou logar amanhã, obrigado",0,0,,,0,0,0,0,0,0,0,0
DjhpGJAZBi8,28,64.9,66.8,"Mano, o cara pelo menos viu o post, mano",0,0,,,0,0,0,0,0,0,0,0
DjhpGJAZBi8,29,66.8,68.88,"Eu acho que vai consertar, mano, acho que vai consertar, tá bom",0,0,,,0,0,0,0,0,0,0,0
DjhpGJAZBi8,30,68.88,70.8,"Quando acabar aqui, Tronito Pet Notes",0,0,,,0,0,0,0,0,0,0,0
DjhpGJAZBi8,31,70.8,73.28,Eu vou entrar mal treino e vou realmente dar aquela terça-dola,0,0,,,0,0,0,0,0,0,0,0
DjhpGJAZBi8,32,73.28,75.44,Olha o que aconteceu com esse campeão de merda,0,0,,,0,0,0,0,0,0,0,0
DjhpGJAZBi8,33,75.44,76.1,"Por exemplo, ó",0,0,,,0,0,0,0,0,0,0,0
DjhpGJAZBi8,34,76.1,78.72,O cara vai dar o R aqui na metade do stack,0,0,,,0,0,0,0,0,0,0,0
DjhpGJAZBi8,35,78.72,79.82,"Aqui, ó, do carregamento",0,0,,,0,0,0,0,0,0,0,0
DjhpGJAZBi8,36,79.82,81.44,E vai dar aqui o dano,0,0,,,0,0,0,0,0,0,0,0
DjhpGJAZBi8,37,81.44,84.16,"O dano C da ultimate, ó",0,0,,,0,0,0,0,0,0,0,0
DjhpGJAZBi8,38,84.16,88.44,"Então, beleza, dá quase 900 de dano aí",0,0,,,0,0,0,0,0,0,0,0
DjhpGJAZBi8,39,88.44,89.58,Do R da Ultimate Zuda,0,0,,,0,0,0,0,0,0,0,0
DjhpGJAZBi8,40,89.58,92.38,"Agora ele vai dar o R, eu acho, aqui no último",0,0,,,0,0,0,0,0,0,0,0
DjhpGJAZBi8,41,92.38,94.06,"Segundo aqui do stack, se liga",0,0,,,0,0,0,0,0,0,0,0
DjhpGJAZBi8,42,94.06,96.24,"Olha o dano que ele vai causar agora, mano",0,0,,,0,0,0,0,0,0,0,0
DjhpGJAZBi8,43,96.24,98.68,Ele vai gastar toda a sua mana e vai dar zero dano,0,0,,,0,0,0,0,0,0,0,0
DjhpGJAZBi8,44,98.68,100.24,Vai dar o dano do primeiro stack do R,0,0,,,0,0,0,0,0,0,0,0
DjhpGJAZBi8,45,100.24,100.78,"Olha isso aqui, mano",0,0,,,0,0,0,0,0,0,0,0
DjhpGJAZBi8,46,100.78,103.66,"Vai dar o R aqui agora, no último milésimo, tá vendo?",0,0,,,0,0,0,0,0,0,0,0
DjhpGJAZBi8,47,103.7,104.4,"No último milésimo, ó",0,0,,,0,0,0,0,0,0,0,0
DjhpGJAZBi8,48,104.4,108.3,"Olha lá, mano, ele perdeu 650 de mana",0,0,,,0,0,0,0,0,0,0,0
DjhpGJAZBi8,49,108.3,109.94,E deu o R do,0,0,,,0,0,0,0,0,0,0,0
DjhpGJAZBi8,50,109.94,111.88,"Do primeiro stack do R, 200 de dano",0,0,,,0,0,0,0,0,0,0,0
DjhpGJAZBi8,51,111.88,113.74,"Olha essa merda, cara, que podre, mano",0,0,,,0,0,0,0,0,0,0,0
DjhpGJAZBi8,52,113.74,115.68,"Não, o cara falou, mano",0,0,,,0,0,0,0,0,0,0,0
DjhpGJAZBi8,53,115.68,116.8,"Que vem aqui resolver, né?",0,0,,,0,0,0,0,0,0,0,0
DjhpGJAZBi8,54,117.16,119.56,"O dreio levinho aqui da Riot Gringasuda, mano",0,0,,,0,0,0,0,0,0,0,0
DjhpGJAZBi8,55,119.56,121.42,"Bom, eu vou dar uma testadola aqui, né?",0,0,,,0,0,0,0,0,0,0,0
DjhpGJAZBi8,56,121.42,122.16,Vou descobrir aqui agora,0,0,,,0,0,0,0,0,0,0,0
DjhpGJAZBi8,57,122.16,124.82,"Bom, já estou aqui no modo treino zuda aqui pra testar",0,0,,,0,0,0,0,0,0,0,0
DjhpGJAZBi8,58,124.82,127.82,Pra ver se realmente esse bug satânico foi resolvido,0,0,,,0,0,0,0,0,0,0,0
DjhpGJAZBi8,59,127.82,129.66,Ou se nada foi resolvido,0,0,,,0,0,0,0,0,0,0,0
DjhpGJAZBi8,60,129.66,131.38,"E o cara é oficialmente baiano, né?",0,0,,,0,0,0,0,0,0,0,0
DjhpGJAZBi8,61,131.64,132.6,Vamos ver aqui agora então,0,0,,,0,0,0,0,0,0,0,0
DjhpGJAZBi8,62,132.6,135.98,"Bom, eu vou testar aqui meu dano com um R só",0,0,,,0,0,0,0,0,0,0,0
DjhpGJAZBi8,63,135.98,137.1,"Um stack no R, tá bom?",0,0,,,0,0,0,0,0,0,0,0
DjhpGJAZBi8,64,137.56,141.1,"Eu vou dar exatamente 165 de damage, tá bom?",0,0,,,0,0,0,0,0,0,0,0
DjhpGJAZBi8,65,141.58,144.38,Agora eu vou destacar aqui meu 4 stack no R,0,0,,,0,0,0,0,0,0,0,0
DjhpGJAZBi8,66,144.38,147.0,E vou dar aqui no último milésimo aqui,0,0,,,0,0,0,0,0,0,0,0
DjhpGJAZBi8,67,147.0,148.46,Acabando o meu stack zudo,0,0,,,0,0,0,0,0,0,0,0
DjhpGJAZBi8,68,148.46,151.0,Se por acaso eu perder toda a minha mana,0,0,,,0,0,0,0,0,0,0,0
DjhpGJAZBi8,69,151.0,153.86,E der o mesmo dano que deu aqui agora,0,0,,,0,0,0,0,0,0,0,0
DjhpGJAZBi8,70,153.86,154.86,Do primeiro stack,0,0,,,0,0,0,0,0,0,0,0
DjhpGJAZBi8,71,154.86,157.42,Aí realmente o campeão continua favelado,0,0,,,0,0,0,0,0,0,0,0
DjhpGJAZBi8,72,157.42,158.4,Não mudou porra nenhuma,0,0,,,0,0,0,0,0,0,0,0
DjhpGJAZBi8,73,158.4,160.1,Esse...,0,0,,,0,0,0,0,0,0,0,0
DjhpGJAZBi8,74,160.1,161.86,"O cara mudou porra nenhuma, né?",0,0,,,0,0,0,0,0,0,0,0
DjhpGJAZBi8,75,161.9,163.28,"Esse banhanão de merda, né?",0,0,,,0,0,0,0,0,0,0,0
DjhpGJAZBi8,76,163.54,164.74,"Vamos descobrir aqui agora então, rapaziada",0,0,,,0,0,0,0,0,0,0,0
DjhpGJAZBi8,77,164.74,165.82,Tá quase chegando lá,0,0,,,0,0,0,0,0,0,0,0
DjhpGJAZBi8,78,165.82,167.1,"Tá chegando, tá chegando",0,0,,,0,0,0,0,0,0,0,0
DjhpGJAZBi8,79,167.1,170.5,"Cara, realmente tá resolvido",0,0,,,0,0,0,0,0,0,0,0
DjhpGJAZBi8,80,170.5,171.32,"Meu Deus, o que é isso?",0,0,,,0,0,0,0,0,0,0,0
DjhpGJAZBi8,81,171.54,172.78,"Meu Deus, tá resolvido, mano",0,0,,,0,0,0,0,0,0,0,0
DjhpGJAZBi8,82,172.78,174.94,"Caraca, depois de 6 anos",0,0,,,0,0,0,0,0,0,0,0
DjhpGJAZBi8,83,174.94,176.86,Essa empresa indie resolveu,0,0,,,0,0,0,0,0,0,0,0
DjhpGJAZBi8,84,176.86,178.4,"Mano, bufar o champion",0,0,,,0,0,0,0,0,0,0,0
DjhpGJAZBi8,85,178.4,180.76,"Resolveu os problemas do campeão, cara, meu Deus, mano",0,0,,,0,0,0,0,0,0,0,0
DjhpGJAZBi8,86,180.76,182.64,"Cara, isso aqui é um mega buffzulta, mano",0,0,,,0,0,0,0,0,0,0,0
DjhpGJAZBi8,87,182.64,184.46,"Toda partida consiste comigo, toda partida",0,0,,,0,0,0,0,0,0,0,0
DjhpGJAZBi8,88,184.46,186.58,Eu nunca podia jogar no limite do meu champion,0,0,,,0,0,0,0,0,0,0,0
DjhpGJAZBi8,89,186.58,188.78,"Do meu R destacado, porque você empolgava, mano",0,0,,,0,0,0,0,0,0,0,0
DjhpGJAZBi8,90,188.78,190.06,"Você empolgava isso aqui sempre, sempre",0,0,,,0,0,0,0,0,0,0,0
DjhpGJAZBi8,91,190.06,192.92,"Eu dava, minha mana toda ia de berço",0,0,,,0,0,0,0,0,0,0,0
DjhpGJAZBi8,92,192.92,193.7,"E eu dava, sei lá",0,0,,,0,0,0,0,0,0,0,0
DjhpGJAZBi8,93,193.7,196.24,"Dano negativo, porque o meu R",0,0,,,0,0,0,0,0,0,0,0
DjhpGJAZBi8,94,196.24,198.88,"É como se eu desse um R de um stack só, entendeu",0,0,,,0,0,0,0,0,0,0,0
DjhpGJAZBi8,95,198.88,200.84,E gastasse a mana do meu R4 stack,0,0,,,0,0,0,0,0,0,0,0
DjhpGJAZBi8,96,200.84,202.76,"Tipo assim, ridículo, patético, ridículo",0,0,,,0,0,0,0,0,0,0,0
DjhpGJAZBi8,97,202.76,204.32,"Mano, meu Deus, cara",0,0,,,0,0,0,0,0,0,0,0
DjhpGJAZBi8,98,204.32,205.56,Vamos agora pra GameZudo,0,0,,,0,0,0,0,0,0,0,0
DjhpGJAZBi8,99,205.56,206.36,Sai da reta,0,0,,,0,0,0,0,0,0,0,0
DjhpGJAZBi8,100,206.36,207.0,Sai da reta,0,0,,,0,0,0,0,0,0,0,0
DjhpGJAZBi8,101,207.0,208.54,"Mega Buffs, caçadinha, ok",0,0,,,0,0,0,0,0,0,0,0
DjhpGJAZBi8,102,208.54,211.58,Só que eu não sei se eu vou conseguir guardar a galinha deles,0,0,,,0,0,0,0,0,0,0,0
DjhpGJAZBi8,103,211.58,213.26,"Oh, my God",0,0,,,0,0,0,0,0,0,0,0
DjhpGJAZBi8,104,213.26,214.68,Uau,0,0,,,0,0,0,0,0,0,0,0
DjhpGJAZBi8,105,214.68,220.93,"Uau, que legal isso aqui, mano",0,0,,,0,0,0,0,0,0,0,0
DjhpGJAZBi8,106,220.93,221.73,"Que legal, tá ligado?",0,0,,,0,0,0,0,0,0,0,0
DjhpGJAZBi8,107,224.45,226.99,"Como que legal você ser um estupido burro, tá ligado?",0,0,,,0,0,0,0,0,0,0,0
DjhpGJAZBi8,108,233.33,233.85,"Tá bom, mano",0,0,,,0,0,0,0,0,0,0,0
DjhpGJAZBi8,109,233.85,234.43,Foda-se,0,0,,,0,0,0,0,0,0,0,0
DjhpGJAZBi8,110,234.43,236.01,"2TP, meu",0,0,,,0,0,0,0,0,0,0,0
DjhpGJAZBi8,111,236.01,238.87,"Caralho, meu boss tá flamendo tudo já, hein, mano",1,1,caralho,sexual_degradante,0,0,1,0,0,0,0,0
DjhpGJAZBi8,112,238.87,240.39,"Deu merda azul já, o GameZudo",0,0,,,0,0,0,0,0,0,0,0
DjhpGJAZBi8,113,240.39,241.45,Eu vou dar full,0,0,,,0,0,0,0,0,0,0,0
DjhpGJAZBi8,114,241.45,251.13,"Nossa, porque eu flechei, mano",0,0,,,0,0,0,0,0,0,0,0
DjhpGJAZBi8,115,251.13,252.07,"O dedo gordo meu, cara.",0,0,,,0,0,0,0,0,0,0,0
DjhpGJAZBi8,116,252.11,253.09,"Eu falei, vê nele aqui, mano.",0,0,,,0,0,0,0,0,0,0,0
DjhpGJAZBi8,117,253.99,255.25,"Ele só quer flechar em mim, mano.",0,0,,,0,0,0,0,0,0,0,0
DjhpGJAZBi8,118,255.27,255.85,"Meu Deus, mano.",0,0,,,0,0,0,0,0,0,0,0
DjhpGJAZBi8,119,256.01,257.47,"Mesmo se eu flechasse, por exemplo.",0,0,,,0,0,0,0,0,0,0,0
DjhpGJAZBi8,120,257.55,259.23,"Se eu esperar ele flechar, eu morro, tá ligado?",0,0,,,0,0,0,0,0,0,0,0
DjhpGJAZBi8,121,260.05,260.91,"Eu quero ele sair, isso, tá?",0,0,,,0,0,0,0,0,0,0,0
DjhpGJAZBi8,122,261.15,262.65,"Eu meio que morro no ar flechando, tá ligado?",0,0,,,0,0,0,0,0,0,0,0
DjhpGJAZBi8,123,263.41,265.35,Então você tem que meio que dar um predique.,0,0,,,0,0,0,0,0,0,0,0
DjhpGJAZBi8,124,266.99,268.01,"Flechar um pouquinho antes, tá ligado?",0,0,,,0,0,0,0,0,0,0,0
DjhpGJAZBi8,125,269.59,270.83,"Mas eu tô bem nesse game aqui, mano.",0,0,,,0,0,0,0,0,0,0,0
DjhpGJAZBi8,126,270.89,272.17,"Meu farm tá bem, bem...",0,0,,,0,0,0,0,0,0,0,0
DjhpGJAZBi8,127,272.17,276.11,"E tá sem TP, essa time tá bem fodida, mano.",0,0,,,0,0,0,0,0,0,0,0
DjhpGJAZBi8,128,277.81,279.03,É que meu...,0,0,,,0,0,0,0,0,0,0,0
DjhpGJAZBi8,129,279.03,280.95,"O problema é que meu recado foi bem podre, tá ligado?",0,0,,,0,0,0,0,0,0,0,0
DjhpGJAZBi8,130,280.95,282.93,Tá um pouco melhor,0,0,,,0,0,0,0,0,0,0,0
DjhpGJAZBi8,131,282.93,283.31,Essa aqui,0,0,,,0,0,0,0,0,0,0,0
DjhpGJAZBi8,132,283.31,285.27,"Pera, por exemplo",0,0,,,0,0,0,0,0,0,0,0
DjhpGJAZBi8,133,285.27,287.11,Vai xingar esse 2x2 aqui,0,0,,,0,0,0,0,0,0,0,0
DjhpGJAZBi8,134,287.11,288.11,Vai tá aqui,0,0,,,0,0,0,0,0,0,0,0
DjhpGJAZBi8,135,288.11,290.39,O cara tá com medo,0,0,,,0,0,0,0,0,0,0,0
DjhpGJAZBi8,136,290.39,292.51,Vai xingar isso aqui,0,0,,,0,0,0,0,0,0,0,0
DjhpGJAZBi8,137,292.51,293.31,"Brincando, ó, realmente",0,0,,,0,0,0,0,0,0,0,0
DjhpGJAZBi8,138,293.31,295.05,Acabou de se matar isso aqui,0,0,,,0,0,0,0,0,0,0,0
DjhpGJAZBi8,139,295.05,298.45,"Tancar aqui pra ele, mano",0,0,,,0,0,0,0,0,0,0,0
DjhpGJAZBi8,140,298.45,302.53,"Ai, meu Deus, cara",0,0,,,0,0,0,0,0,0,0,0
DjhpGJAZBi8,141,302.53,311.85,Guardei meu quesudo,0,0,,,0,0,0,0,0,0,0,0
DjhpGJAZBi8,142,311.85,312.83,Pra tancar o rebela,0,0,,,0,0,0,0,0,0,0,0
DjhpGJAZBi8,143,312.83,313.37,"Tá bom, viu",0,0,,,0,0,0,0,0,0,0,0
DjhpGJAZBi8,144,313.37,315.15,Sabia que a gente ganhava isso aqui,0,0,,,0,0,0,0,0,0,0,0
DjhpGJAZBi8,145,315.15,315.71,Tá louco,0,0,,,0,0,0,0,0,0,0,0
DjhpGJAZBi8,146,315.71,320.82,"Ah, você ficou louco, mano",0,0,,,0,0,0,0,0,0,0,0
DjhpGJAZBi8,147,320.82,326.3,"Ué, mas que isso, mano",0,0,,,0,0,0,0,0,0,0,0
DjhpGJAZBi8,148,326.3,333.39,"Tem 4 pessoas aqui, mano",0,0,,,0,0,0,0,0,0,0,0
DjhpGJAZBi8,149,333.39,334.03,O que que é isso?,0,0,,,0,0,0,0,0,0,0,0
DjhpGJAZBi8,150,335.45,336.45,Ele gave o caçadinho,0,0,,,0,0,0,0,0,0,0,0
DjhpGJAZBi8,151,336.45,337.35,"O que que é isso aqui, mano?",0,0,,,0,0,0,0,0,0,0,0
DjhpGJAZBi8,152,338.67,339.41,Eu matei um ainda,0,0,,,0,0,0,0,0,0,0,0
DjhpGJAZBi8,153,339.41,340.21,"Anyway, mano",0,0,,,0,0,0,0,0,0,0,0
DjhpGJAZBi8,154,340.21,341.29,"Eu matava os dois, cara",0,0,,,0,0,0,0,0,0,0,0
DjhpGJAZBi8,155,341.29,341.87,Fazia 2 em 1,0,0,,,0,0,0,0,0,0,0,0
DjhpGJAZBi8,156,341.87,344.19,Eu só esperava que ia subir a karma aqui também,0,0,,,0,0,0,0,0,0,0,0
DjhpGJAZBi8,157,344.19,344.97,"E matava os dois, cara",0,0,,,0,0,0,0,0,0,0,0
DjhpGJAZBi8,158,344.97,345.99,"Nossa, cara, só sou tudo, mano",0,0,,,0,0,0,0,0,0,0,0
DjhpGJAZBi8,159,345.99,347.29,Opção de vir aqui,0,0,,,0,0,0,0,0,0,0,0
DjhpGJAZBi8,160,347.29,349.41,"Você morreu aqui, né?",0,0,,,0,0,0,0,0,0,0,0
DjhpGJAZBi8,161,350.85,351.69,"Na real morreu, não",0,0,,,0,0,0,0,0,0,0,0
DjhpGJAZBi8,162,351.69,354.09,"Morreu sim, né?",0,0,,,0,0,0,0,0,0,0,0
DjhpGJAZBi8,163,354.49,355.25,Coitadinha,0,0,,,0,0,0,0,0,0,0,0
DjhpGJAZBi8,164,355.25,357.67,"Vou game zoom, negócio",0,0,,,0,0,0,0,0,0,0,0
DjhpGJAZBi8,165,357.67,359.43,"Mano, eu vou dar",0,0,,,0,0,0,0,0,0,0,0
DjhpGJAZBi8,166,359.43,360.23,Tá bom já,0,0,,,0,0,0,0,0,0,0,0
DjhpGJAZBi8,167,360.23,361.67,vou começar a focar o E já,0,0,,,0,0,0,0,0,0,0,0
DjhpGJAZBi8,168,361.67,367.25,"caraca, ele me ultou, mano, que isso, negucho",0,0,,,0,0,0,0,0,0,0,0
DjhpGJAZBi8,169,367.25,368.65,"não ganhei, puta real",1,1,puta,xingamentos_genero,0,0,0,0,1,0,0,0
DjhpGJAZBi8,170,368.65,381.44,"ok, ai, meu E e flash",0,0,,,0,0,0,0,0,0,0,0
DjhpGJAZBi8,171,381.44,383.34,"aqui com o mana, que ele tava morto, mano",0,0,,,0,0,0,0,0,0,0,0
DjhpGJAZBi8,172,383.34,385.36,que negócio de negarismo,0,0,,,0,0,0,0,0,0,0,0
DjhpGJAZBi8,173,385.36,387.56,"cara, os caras não entenderam",0,0,,,0,0,0,0,0,0,0,0
DjhpGJAZBi8,174,387.56,389.76,"que eu faço 2v1 já, não entenderam, estou 2k de gold",0,0,,,0,0,0,0,0,0,0,0
DjhpGJAZBi8,175,389.76,391.72,"ainda, né, ele tá sozinho aqui, mano",0,0,,,0,0,0,0,0,0,0,0
DjhpGJAZBi8,176,391.72,393.54,"meu Deus, que que é isso, negão",0,0,,,0,0,0,0,0,0,0,0
DjhpGJAZBi8,177,393.54,399.98,"fuck, que isso",0,0,,,0,0,0,0,0,0,0,0
DjhpGJAZBi8,178,399.98,402.16,"que isso, cara",0,0,,,0,0,0,0,0,0,0,0
DjhpGJAZBi8,179,402.16,404.44,da BTP,0,0,,,0,0,0,0,0,0,0,0
DjhpGJAZBi8,180,404.44,405.92,"que que é isso, cara, ficou louco, mano",0,0,,,0,0,0,0,0,0,0,0
DjhpGJAZBi8,181,405.92,407.52,"Comprei bodas, vamos pra outro lado",0,0,,,0,0,0,0,0,0,0,0
DjhpGJAZBi8,182,407.52,410.26,Vou ter par aqui pelo simples fato que eu vou dar vó pra cá,0,0,,,0,0,0,0,0,0,0,0
DjhpGJAZBi8,183,410.26,411.24,E vou matar a niga ali no red,0,0,,,0,0,0,0,0,0,0,0
DjhpGJAZBi8,184,411.24,419.6,"Eu mato os dois aqui, mato não, mano",0,0,,,0,0,0,0,0,0,0,0
DjhpGJAZBi8,185,419.6,425.4,"Caralho, mano",1,1,caralho,sexual_degradante,0,0,1,0,0,0,0,0
DjhpGJAZBi8,186,425.4,426.7,"Meu Deus, mano",0,0,,,0,0,0,0,0,0,0,0
DjhpGJAZBi8,187,426.7,428.32,Não tem como fazer nenhum apelo,0,0,,,0,0,0,0,0,0,0,0
DjhpGJAZBi8,188,428.32,430.72,"No mapa, cara, que porra é essa",0,0,,,0,0,0,0,0,0,0,0
DjhpGJAZBi8,189,430.72,434.64,"Cara, porque o último escada em todo jogo é 4v1, mano",0,0,,,0,0,0,0,0,0,0,0
DjhpGJAZBi8,190,434.64,438.82,"Caraca, mano",0,0,,,0,0,0,0,0,0,0,0
DjhpGJAZBi8,191,438.82,440.56,"Que que é isso, mano",0,0,,,0,0,0,0,0,0,0,0
DjhpGJAZBi8,192,440.56,442.66,Tem alguma coisa errada,0,0,,,0,0,0,0,0,0,0,0
DjhpGJAZBi8,193,442.66,443.9,"Esse game aqui, mano",0,0,,,0,0,0,0,0,0,0,0
DjhpGJAZBi8,194,443.9,454.62,"Tem que parar de rotar mesmo, mano",0,0,,,0,0,0,0,0,0,0,0
DjhpGJAZBi8,195,454.62,465.68,"O que que é isso, cara? Deu medo da zuda?",0,0,,,0,0,0,0,0,0,0,0
DjhpGJAZBi8,196,466.26,466.54,Ok,0,0,,,0,0,0,0,0,0,0,0
DjhpGJAZBi8,197,466.54,469.66,"Não, parou, mano",0,0,,,0,0,0,0,0,0,0,0
DjhpGJAZBi8,198,469.66,470.18,Calma aí,0,0,,,0,0,0,0,0,0,0,0
DjhpGJAZBi8,199,470.18,474.56,"Nossa, eu errei meu R aqui, mano",0,0,,,0,0,0,0,0,0,0,0
DjhpGJAZBi8,200,474.56,475.14,Ele me matou não,0,0,,,0,0,0,0,0,0,0,0
DjhpGJAZBi8,201,475.14,481.7,"Caraca, mano, o Vlad me quase matou",0,0,,,0,0,0,0,0,0,0,0
DjhpGJAZBi8,202,481.7,483.14,"Com 2k de vida, mano",0,0,,,0,0,0,0,0,0,0,0
DjhpGJAZBi8,203,483.14,483.98,Que piu-piu,0,0,,,0,0,0,0,0,0,0,0
DjhpGJAZBi8,204,483.98,494.17,"Tá flechando em mim aqui, né?",0,0,,,0,0,0,0,0,0,0,0
DjhpGJAZBi8,205,494.55,495.79,"Pô, meu dano negativo, velho",0,0,,,0,0,0,0,0,0,0,0
DjhpGJAZBi8,206,495.79,497.61,"Esse vídeo é uma neflência, mano, você tá louco",0,0,,,0,0,0,0,0,0,0,0
DjhpGJAZBi8,207,497.61,504.61,"Eu tenho que fechar safe, malevolência, e depois eu começo a dar dano de caçadinho.",0,0,,,0,0,0,0,0,0,0,0
DjhpGJAZBi8,208,504.61,505.61,Safe zudo!,0,0,,,0,0,0,0,0,0,0,0
DjhpGJAZBi8,209,505.61,508.61,Oh que porra é isso aqui mano?,0,0,,,0,0,0,0,0,0,0,0
DjhpGJAZBi8,210,508.61,511.61,Eu não mato ela por causa da caça.,0,0,,,0,0,0,0,0,0,0,0
DjhpGJAZBi8,211,511.61,512.61,Desigo o monitor.,0,0,,,0,0,0,0,0,0,0,0
DjhpGJAZBi8,212,512.61,520.62,"Eu peço game aqui mano, peço game aqui tá suado de vencer na real.",0,0,,,0,0,0,0,0,0,0,0
DjhpGJAZBi8,213,520.62,523.62,Vocês pegam um dragonzulu e tá suado.,0,0,,,0,0,0,0,0,0,0,0
DjhpGJAZBi8,214,523.62,525.62,Essa play tá meio estranha.,0,0,,,0,0,0,0,0,0,0,0
DjhpGJAZBi8,215,525.62,526.5,"suade vencer, na real.",0,0,,,0,0,0,0,0,0,0,0
DjhpGJAZBi8,216,528.6,530.02,Eles pegam o dragão azul e tá suado.,0,0,,,0,0,0,0,0,0,0,0
DjhpGJAZBi8,217,536.55,538.21,"Essa play tá meio estranha aqui, mano.",0,0,,,0,0,0,0,0,0,0,0
DjhpGJAZBi8,218,543.6,544.3,"Então tá boa, né?",0,0,,,0,0,0,0,0,0,0,0
DjhpGJAZBi8,219,545.46,546.28,"Ei, fiz o doque.",0,0,,,0,0,0,0,0,0,0,0
DjhpGJAZBi8,220,546.7,549.22,"Vou fazer dragão logo, pelo amor de Deus, mano. Meu Deus, tá fazendo o que,",0,0,,,0,0,0,0,0,0,0,0
DjhpGJAZBi8,221,549.28,550.86,"negócio? Que porra é essa, mano?",0,0,,,0,0,0,0,0,0,0,0
DjhpGJAZBi8,222,554.29,555.13,É da real isso aqui.,0,0,,,0,0,0,0,0,0,0,0
DjhpGJAZBi8,223,559.83,561.71,"É, nós perdeu isso aqui, sem o Vladimir ainda, mano.",0,0,,,0,0,0,0,0,0,0,0
DjhpGJAZBi8,224,562.47,563.67,"Cara, eu vou perder o game,",0,0,,,0,0,0,0,0,0,0,0
DjhpGJAZBi8,225,563.81,565.43,"cara, meu Deus, mano. Meu Deus, mano.",0,0,,,0,0,0,0,0,0,0,0
DjhpGJAZBi8,226,565.47,565.93,"Meu Deus, mano.",0,0,,,0,0,0,0,0,0,0,0
DjhpGJAZBi8,227,567.39,567.97,"Meu Deus,",0,0,,,0,0,0,0,0,0,0,0
DjhpGJAZBi8,228,568.07,568.99,"é um merda, é um merda, mano.",0,0,,,0,0,0,0,0,0,0,0
DjhpGJAZBi8,229,569.41,572.13,"Por que tá de asper tuxo? Porque eu quero perder o jogo, só isso mesmo.",0,0,,,0,0,0,0,0,0,0,0
DjhpGJAZBi8,230,573.79,575.89,"Estou com o motivo de fazer esse item podre aqui, é isso aí, mano.",0,0,,,0,0,0,0,0,0,0,0
DjhpGJAZBi8,231,586.16,587.88,"Acabou e eu forçei o T dele aqui de novo, na real.",0,0,,,0,0,0,0,0,0,0,0
DjhpGJAZBi8,232,591.3,593.08,"Cara, esse cara está sozinho aqui, mano.",0,0,,,0,0,0,0,0,0,0,0
DjhpGJAZBi8,233,600.73,602.15,"O pior é que eu mato ele aqui, né?",0,0,,,0,0,0,0,0,0,0,0
DjhpGJAZBi8,234,602.59,603.97,"Ou não, quem voltou o T dele aqui.",0,0,,,0,0,0,0,0,0,0,0
DjhpGJAZBi8,235,605.55,608.81,"Bom, os caras podem matar...",0,0,,,0,0,0,0,0,0,0,0
DjhpGJAZBi8,236,608.81,610.13,"O que é isso aqui, né, guxo?",0,0,,,0,0,0,0,0,0,0,0
DjhpGJAZBi8,237,610.19,610.85,Que porra é essa?,0,0,,,0,0,0,0,0,0,0,0
DjhpGJAZBi8,238,612.19,613.49,"Ai, meu Deus, cara!",0,0,,,0,0,0,0,0,0,0,0
DjhpGJAZBi8,239,613.55,614.43,"Meu Deus, mano!",0,0,,,0,0,0,0,0,0,0,0
DjhpGJAZBi8,240,614.51,615.77,"Que porra é essa, velho?",0,0,,,0,0,0,0,0,0,0,0
DjhpGJAZBi8,241,616.47,617.07,"Cara, meu, meu, meu.",0,0,,,0,0,0,0,0,0,0,0
DjhpGJAZBi8,242,617.07,618.23,"Essa gente é roujobada, velho.",0,0,,,0,0,0,0,0,0,0,0
DjhpGJAZBi8,243,618.27,619.31,"Sai do top lane, mano.",0,0,,,0,0,0,0,0,0,0,0
DjhpGJAZBi8,244,620.43,621.01,"Cara, ela morreu.",0,0,,,0,0,0,0,0,0,0,0
DjhpGJAZBi8,245,621.01,622.15,"Olha o olho do seu joelho nizuda, mano.",0,0,,,0,0,0,0,0,0,0,0
DjhpGJAZBi8,246,622.31,622.59,Bora.,0,0,,,0,0,0,0,0,0,0,0
DjhpGJAZBi8,247,624.05,625.61,"A niga ali é muito boa, rapaziada.",0,0,,,0,0,0,0,0,0,0,0
DjhpGJAZBi8,248,627.07,628.59,"Vamos de 15 safe aí, mano.",0,0,,,0,0,0,0,0,0,0,0
DjhpGJAZBi8,249,630.19,632.49,"Posso entender porque eu não pio do rua pra gastar dinho, né?",0,0,,,0,0,0,0,0,0,0,0
DjhpGJAZBi8,250,637.0,638.42,"Pô, o gel tem flash, mano.",0,0,,,0,0,0,0,0,0,0,0
DjhpGJAZBi8,251,639.14,640.7,"Pô, tem que matar alguém aqui, pelo menos.",0,0,,,0,0,0,0,0,0,0,0
DjhpGJAZBi8,252,642.04,643.08,"Aí, foda-se.",0,0,,,0,0,0,0,0,0,0,0
DjhpGJAZBi8,253,646.99,647.87,"Bateu alguém, foda-se.",0,0,,,0,0,0,0,0,0,0,0
DjhpGJAZBi8,254,647.93,648.77,"Dois flash deles, mano.",0,0,,,0,0,0,0,0,0,0,0
DjhpGJAZBi8,255,649.71,650.71,"Bom, agora eu fechei malevolência.",0,0,,,0,0,0,0,0,0,0,0
DjhpGJAZBi8,256,650.79,651.93,"Agora começa a dano, talvez, mano.",0,0,,,0,0,0,0,0,0,0,0
DjhpGJAZBi8,257,652.55,653.49,Agora eu dou um pouquinho de dano agora.,0,0,,,0,0,0,0,0,0,0,0
DjhpGJAZBi8,258,655.23,656.29,"Eu não vou comprar isso aqui, não.",0,0,,,0,0,0,0,0,0,0,0
DjhpGJAZBi8,259,656.35,657.31,"A niga ali tá aqui de novo, mano.",0,0,,,0,0,0,0,0,0,0,0
DjhpGJAZBi8,260,657.69,659.15,"Meu dinheiro veio do morto, não compensa, né?",0,0,,,0,0,0,0,0,0,0,0
DjhpGJAZBi8,261,660.93,666.68,"Eu não sei se você, mano, morreu aqui.",0,0,,,0,0,0,0,0,0,0,0
DjhpGJAZBi8,262,671.44,672.18,"Tá bom, deu bom.",0,0,,,0,0,0,0,0,0,0,0
DjhpGJAZBi8,263,672.26,673.84,"Vamos dar bem em Dragon's Ult, será, mano?",0,0,,,0,0,0,0,0,0,0,0
DjhpGJAZBi8,264,675.02,676.4,Será que a Tema já chegou no Dragon's Ult?,0,0,,,0,0,0,0,0,0,0,0
DjhpGJAZBi8,265,676.44,677.06,"Acho que não, na real.",0,0,,,0,0,0,0,0,0,0,0
DjhpGJAZBi8,266,677.18,680.88,"Se eu conseguir pegar a T2 aqui, o jogo tá ganho, mano.",0,0,,,0,0,0,0,0,0,0,0
DjhpGJAZBi8,267,682.1,684.0,Será que dá pra virar o Minamizu e pegar a T2?,0,0,,,0,0,0,0,0,0,0,0
DjhpGJAZBi8,268,685.22,686.88,"Até a Niga ali chegar aqui, mano.",0,0,,,0,0,0,0,0,0,0,0
DjhpGJAZBi8,269,687.28,688.64,"Eu tô bem forte agora, beleza.",0,0,,,0,0,0,0,0,0,0,0
DjhpGJAZBi8,270,689.7,690.84,"Meu melee é que ele é também tão forte, né?",0,0,,,0,0,0,0,0,0,0,0
DjhpGJAZBi8,271,692.54,694.02,"Deixa eu dar meu B aqui, Loki, mano.",0,0,,,0,0,0,0,0,0,0,0
DjhpGJAZBi8,272,706.22,706.92,"Tá bom, mano.",0,0,,,0,0,0,0,0,0,0,0
DjhpGJAZBi8,273,706.92,708.58,Eu acho o dano que eu dei ali,0,0,,,0,0,0,0,0,0,0,0
DjhpGJAZBi8,274,708.58,710.02,"Minha parte tá bem feita na fight zuda, mano",0,0,,,0,0,0,0,0,0,0,0
DjhpGJAZBi8,275,710.02,712.92,"Ah, se ganha isso aqui",0,0,,,0,0,0,0,0,0,0,0
DjhpGJAZBi8,276,712.92,713.72,"Eu acho, pelo menos",0,0,,,0,0,0,0,0,0,0,0
DjhpGJAZBi8,277,713.72,716.78,"Cara, se não ganha, faz ainda",0,0,,,0,0,0,0,0,0,0,0
DjhpGJAZBi8,278,716.78,719.0,"Tá bom, foi um bom game, bora",0,0,,,0,0,0,0,0,0,0,0
DjhpGJAZBi8,279,719.0,722.87,"Vamos de 15 logo isso aqui, mano",0,0,,,0,0,0,0,0,0,0,0
DjhpGJAZBi8,280,722.87,724.75,"Só mentir essa bosta aqui, mano",0,0,,,0,0,0,0,0,0,0,0
DjhpGJAZBi8,281,726.22,727.98,"Cara, esses caras tão rumando ali, mano",0,0,,,0,0,0,0,0,0,0,0
DjhpGJAZBi8,282,727.98,728.84,"Que porra é essa, mano",0,0,,,0,0,0,0,0,0,0,0
DjhpGJAZBi8,283,728.84,730.86,"Deu merda a zuda, hein, mano",0,0,,,0,0,0,0,0,0,0,0
DjhpGJAZBi8,284,730.86,743.95,"Tá bom, o Vladimir gastou muita coisa aqui",0,0,,,0,0,0,0,0,0,0,0
DjhpGJAZBi8,285,743.95,749.13,"Será que eu mato ela aqui, mano?",0,0,,,0,0,0,0,0,0,0,0
DjhpGJAZBi8,286,754.2,755.1,"É, brown tape",0,0,,,0,0,0,0,0,0,0,0
DjhpGJAZBi8,287,755.1,756.34,"Esquei o caçadinho, ok",0,0,,,0,0,0,0,0,0,0,0
DjhpGJAZBi8,288,756.34,758.28,"Na B ali, mano",0,0,,,0,0,0,0,0,0,0,0
DjhpGJAZBi8,289,758.28,759.14,E vou ter pra lá,0,0,,,0,0,0,0,0,0,0,0
DjhpGJAZBi8,290,759.14,761.54,E eu vou dar meu peito aqui no Zulu,0,0,,,0,0,0,0,0,0,0,0
DjhpGJAZBi8,291,761.54,762.88,"Porque ela vai escapar de mim, não",0,0,,,0,0,0,0,0,0,0,0
DjhpGJAZBi8,292,762.88,768.26,"Vou dar um E só aqui, mano",0,0,,,0,0,0,0,0,0,0,0
DjhpGJAZBi8,293,768.26,769.0,"É, mano",0,0,,,0,0,0,0,0,0,0,0
DjhpGJAZBi8,294,769.0,770.86,Você...,0,0,,,0,0,0,0,0,0,0,0
DjhpGJAZBi8,295,770.86,771.9,Calmou,0,0,,,0,0,0,0,0,0,0,0
DjhpGJAZBi8,296,771.9,783.47,Eu mato ela aqui,0,0,,,0,0,0,0,0,0,0,0
DjhpGJAZBi8,297,783.47,789.68,"Ah, não foi peita, cara",0,0,,,0,0,0,0,0,0,0,0
DjhpGJAZBi8,298,789.68,790.5,"Que merda, mano",0,0,,,0,0,0,0,0,0,0,0
DjhpGJAZBi8,299,790.5,790.88,Tá bom,0,0,,,0,0,0,0,0,0,0,0
DjhpGJAZBi8,300,790.88,792.58,"Nef, caçadinho",0,0,,,0,0,0,0,0,0,0,0
DjhpGJAZBi8,301,792.58,793.28,Prod sample,0,0,,,0,0,0,0,0,0,0,0
DjhpGJAZBi8,302,793.28,794.66,"Nef, foi um campeão",0,0,,,0,0,0,0,0,0,0,0
DjhpGJAZBi8,303,794.66,795.26,Muito broken,0,0,,,0,0,0,0,0,0,0,0
DjhpGJAZBi8,304,795.26,797.5,"Tá muito broken o caçadinho Zulu, mano",0,0,,,0,0,0,0,0,0,0,0
DjhpGJAZBi8,305,797.5,798.68,Nós temos que fightar aqui agora,0,0,,,0,0,0,0,0,0,0,0
DjhpGJAZBi8,306,798.68,799.54,"Agora, né",0,0,,,0,0,0,0,0,0,0,0
DjhpGJAZBi8,307,799.54,801.12,"Primeiramente agora e ganhar o jogo, mano",0,0,,,0,0,0,0,0,0,0,0
DjhpGJAZBi8,308,801.12,804.36,Os caras vão estar sem a Gwen nessa fight,0,0,,,0,0,0,0,0,0,0,0
DjhpGJAZBi8,309,804.36,806.48,"T5 louco aqui, eu que dá",0,0,,,0,0,0,0,0,0,0,0
DjhpGJAZBi8,310,806.48,807.46,"Nossa, eu fui",0,0,,,0,0,0,0,0,0,0,0
DjhpGJAZBi8,311,807.46,808.62,"Porra, mano",0,0,,,0,0,0,0,0,0,0,0
DjhpGJAZBi8,312,808.62,812.22,"Que inútil que eu peguei, mano",0,0,,,0,0,0,0,0,0,0,0
DjhpGJAZBi8,313,812.22,814.66,"Da favelinha que eu peguei, mano",0,0,,,0,0,0,0,0,0,0,0
DjhpGJAZBi8,314,814.66,816.72,"Cada essa merda aqui, 9 pelo menos, mano",0,0,,,0,0,0,0,0,0,0,0
DjhpGJAZBi8,315,816.72,822.76,Tem a Wad aqui,0,0,,,0,0,0,0,0,0,0,0
DjhpGJAZBi8,316,822.76,833.24,"Olha, a gente saiu, a gente saiu, velho",0,0,,,0,0,0,0,0,0,0,0
DjhpGJAZBi8,317,833.24,835.3,"Nossa, mano, acho que nós ganhamos a fight",0,0,,,0,0,0,0,0,0,0,0
DjhpGJAZBi8,318,835.3,835.8,Não ganha não,0,0,,,0,0,0,0,0,0,0,0
DjhpGJAZBi8,319,835.8,837.26,O Guen ganha,0,0,,,0,0,0,0,0,0,0,0
DjhpGJAZBi8,320,837.26,841.22,"Cara, a Gwen é muito broken, mano",0,0,,,0,0,0,0,0,0,0,0
DjhpGJAZBi8,321,841.22,843.66,"A Gwen é muito broken, cara, meu Deus, bota a Gwen, cara",0,0,,,0,0,0,0,0,0,0,0
DjhpGJAZBi8,322,843.66,845.62,"Eu joguei mal essa fight, mano",0,0,,,0,0,0,0,0,0,0,0
DjhpGJAZBi8,323,845.62,850.07,"Ah, joguei mal a fight, anyway, tá bom",0,0,,,0,0,0,0,0,0,0,0
DjhpGJAZBi8,324,850.07,852.37,"Meu Toninho, você me escalou, mano",0,0,,,0,0,0,0,0,0,0,0
DjhpGJAZBi8,325,852.37,853.97,"Cara, minhas ondas favelou, mano",0,0,,,0,0,0,0,0,0,0,0
DjhpGJAZBi8,326,853.97,855.53,"Essa merda, cara, nossa, mano",0,0,,,0,0,0,0,0,0,0,0
DjhpGJAZBi8,327,855.53,857.71,"Não comeria preto na mar, não, mano",0,0,,,0,0,0,0,0,0,0,0
DjhpGJAZBi8,328,857.71,860.71,"Nem se empagasse, mano, tá louco",0,0,,,0,0,0,0,0,0,0,0
DjhpGJAZBi8,329,860.71,862.77,"Nossa, alguém morreu aqui",0,0,,,0,0,0,0,0,0,0,0
DjhpGJAZBi8,330,862.77,871.04,"Dá pra ir barro também, tem várias coisas",0,0,,,0,0,0,0,0,0,0,0
DjhpGJAZBi8,331,871.04,873.4,"Mano, tem muita war esse game aqui, mano",0,0,,,0,0,0,0,0,0,0,0
DjhpGJAZBi8,332,873.4,874.24,"Tá louco, mano",0,0,,,0,0,0,0,0,0,0,0
DjhpGJAZBi8,333,874.24,877.89,"Ih, deu merda, hein, mano",0,0,,,0,0,0,0,0,0,0,0
DjhpGJAZBi8,334,877.89,888.35,"Cara, umas coisinhas",0,0,,,0,0,0,0,0,0,0,0
DjhpGJAZBi8,335,888.35,892.78,"Pô, você gastou tudo em mim, na real, pô",0,0,,,0,0,0,0,0,0,0,0
DjhpGJAZBi8,336,892.78,893.48,Duas ult,0,0,,,0,0,0,0,0,0,0,0
DjhpGJAZBi8,337,893.48,895.38,"Tá tudo aí na real, meu",0,0,,,0,0,0,0,0,0,0,0
DjhpGJAZBi8,338,895.38,896.74,Já pedi vassa,0,0,,,0,0,0,0,0,0,0,0
DjhpGJAZBi8,339,896.74,898.54,"Pronto, saiu o castelinho, ok? Pronto, saiu",0,0,,,0,0,0,0,0,0,0,0
DjhpGJAZBi8,340,898.54,899.64,"Era B, nossa",0,0,,,0,0,0,0,0,0,0,0
DjhpGJAZBi8,341,899.64,906.46,"Cara, meu W saiu",0,0,,,0,0,0,0,0,0,0,0
DjhpGJAZBi8,342,906.46,909.5,"Agora saiu, meu W",0,0,,,0,0,0,0,0,0,0,0
DjhpGJAZBi8,343,909.5,914.66,"Agora meu W saiu, essa merda",0,0,,,0,0,0,0,0,0,0,0
DjhpGJAZBi8,344,914.66,920.21,"Vou ter pala insta, mano",0,0,,,0,0,0,0,0,0,0,0
DjhpGJAZBi8,345,920.21,921.61,Rabadones,0,0,,,0,0,0,0,0,0,0,0
DjhpGJAZBi8,346,921.61,924.43,Eu cheguei no Rabadon aqui e depois eu dei o vender,0,0,,,0,0,0,0,0,0,0,0
DjhpGJAZBi8,347,924.43,924.85,A minha,0,0,,,0,0,0,0,0,0,0,0
DjhpGJAZBi8,348,924.85,928.53,Eu dei o vender a minha Mejai e comprei a Voidzoo depois,0,0,,,0,0,0,0,0,0,0,0
DjhpGJAZBi8,349,928.53,930.19,Vai ser um,0,0,,,0,0,0,0,0,0,0,0
DjhpGJAZBi8,350,930.19,932.51,Um tanque de guerra soviete batendo nessas torres aqui,0,0,,,0,0,0,0,0,0,0,0
DjhpGJAZBi8,351,932.51,933.59,"No setembro, tipo essa",0,0,,,0,0,0,0,0,0,0,0
DjhpGJAZBi8,352,933.59,936.25,"A escadeira é open, mano",0,0,,,0,0,0,0,0,0,0,0
DjhpGJAZBi8,353,936.25,939.7,"Calma aí, calma aí",0,0,,,0,0,0,0,0,0,0,0
DjhpGJAZBi8,354,939.7,940.88,"Calma aí também, calma aí",0,0,,,0,0,0,0,0,0,0,0
DjhpGJAZBi8,355,940.88,942.96,"Tem muito negócio aqui, mano",0,0,,,0,0,0,0,0,0,0,0
DjhpGJAZBi8,356,942.96,946.08,"Caramba, a Gwen suprou os três, mano",0,0,,,0,0,0,0,0,0,0,0
DjhpGJAZBi8,357,946.08,947.0,É isso mesmo que eu tô vendo,0,0,,,0,0,0,0,0,0,0,0
DjhpGJAZBi8,358,947.0,948.7,O Dr. Niggat tentando,0,0,,,0,0,0,0,0,0,0,0
DjhpGJAZBi8,359,948.7,951.02,"Cara, eu só ganho o jogo se for assim, mano",0,0,,,0,0,0,0,0,0,0,0
DjhpGJAZBi8,360,951.02,951.9,Que porra é essa?,0,0,,,0,0,0,0,0,0,0,0
DjhpGJAZBi8,361,952.94,955.24,"Que isso, caramba, tudo morreu do nada",0,0,,,0,0,0,0,0,0,0,0
DjhpGJAZBi8,362,955.24,957.12,"Tudo morreu, os quatro morreram do nada, acabou o jogo",0,0,,,0,0,0,0,0,0,0,0
DjhpGJAZBi8,363,957.12,957.54,EFF,0,0,,,0,0,0,0,0,0,0,0
DjhpGJAZBi8,364,957.54,960.14,"Cadê o EFF manual, basicamente, é isso",0,0,,,0,0,0,0,0,0,0,0
DjhpGJAZBi8,365,960.14,961.36,Gamezoo,0,0,,,0,0,0,0,0,0,0,0
DjhpGJAZBi8,366,961.36,975.92,"O que é isso, mano? É para eu começar e feio ainda.",0,0,,,0,0,0,0,0,0,0,0
DjhpGJAZBi8,367,976.72,977.64,É que eu joguei mal também.,0,0,,,0,0,0,0,0,0,0,0
DjhpGJAZBi8,368,977.86,979.06,Eu tenho que jogar bem no Space.,0,0,,,0,0,0,0,0,0,0,0
DjhpGJAZBi8,369,979.74,980.34,"Mano, ok.",0,0,,,0,0,0,0,0,0,0,0
DjhpGJAZBi8,370,981.14,981.78,Não tem como.,0,0,,,0,0,0,0,0,0,0,0
DjhpGJAZBi8,371,981.96,983.42,"Alguns seres humanos vêm nesse Red, mano.",0,0,,,0,0,0,0,0,0,0,0
DjhpGJAZBi8,372,990.92,992.28,"Falei que eu só ia brincando, pô.",0,0,,,0,0,0,0,0,0,0,0
DjhpGJAZBi8,373,992.28,993.28,Nem para eu começar dessa vez.,0,0,,,0,0,0,0,0,0,0,0
DjhpGJAZBi8,374,993.9,995.08,Eu tenho que jogar no Space bom.,0,0,,,0,0,0,0,0,0,0,0
DjhpGJAZBi8,375,997.32,998.12,"Tudo para ela, tá vendo?",0,0,,,0,0,0,0,0,0,0,0
DjhpGJAZBi8,376,999.58,1000.8,"Tenho que jogar no Space bom, né?",0,0,,,0,0,0,0,0,0,0,0
DjhpGJAZBi8,377,1001.36,1002.84,"Olha, eu vou dar um R para estacar aqui.",0,0,,,0,0,0,0,0,0,0,0
DjhpGJAZBi8,378,1002.84,1012.86,"Ai, meu Deus, esse aqui tem ult, será, mano?",0,0,,,0,0,0,0,0,0,0,0
DjhpGJAZBi8,379,1012.86,1014.94,"Não, né? O da BTP, GG, mano",0,0,,,0,0,0,0,0,0,0,0
DjhpGJAZBi8,380,1014.94,1015.98,"This game, this game",0,0,,,0,0,0,0,0,0,0,0
DjhpGJAZBi8,381,1015.98,1018.66,"Pronto, sei meu caça-dolfe, ok?",0,0,,,0,0,0,0,0,0,0,0
DjhpGJAZBi8,382,1018.76,1020.84,"Pronto, sei. Mano, meu Deus, super essa partida, cara",0,0,,,0,0,0,0,0,0,0,0
DjhpGJAZBi8,383,1020.84,1021.68,"Meu Deus do que pode, mano",0,0,,,0,0,0,0,0,0,0,0
DjhpGJAZBi8,384,1021.68,1024.72,"Cara, eu estou f*** com esse game que eu venci isso aqui, cara",0,0,,,0,0,0,0,0,0,0,0
DjhpGJAZBi8,385,1024.72,1029.15,"Nossa, a ideia tá azul",0,0,,,0,0,0,0,0,0,0,0
DjhpGJAZBi8,386,1029.15,1042.1,"This game, acabou, mano",0,0,,,0,0,0,0,0,0,0,0
DjhpGJAZBi8,387,1042.1,1043.9,"Caralho, meu Deus, cara",1,1,caralho,sexual_degradante,0,0,1,0,0,0,0,0
DjhpGJAZBi8,388,1043.9,1046.24,"Olha o game que eu venci, entende?",0,0,,,0,0,0,0,0,0,0,0
DjhpGJAZBi8,389,1046.34,1047.64,"Cara, eu tenho que fazer isso aqui, não, eu tenho",0,0,,,0,0,0,0,0,0,0,0
6hO01e5kvvQ,1,0.0,21.94,"Cara, você vai se matar aí não, né, mano? Você tem ulti, tô gostando de ver essa play, ok, tá bom, deu bom pra cacete isso aqui, mano, já que ele me mata aqui, é, mano, se eu tivesse minhas zonas aqui, ai, meu Deus, meu Deus, o que eu vou fazer, ok, brinco sempre com essa luz, brinco sempre com o zudo.",0,0,,,0,0,0,0,0,0,0,0
ct2DIjWG4uM,1,0.0,2.36,"Eu pude começar a adiar aqui, acho que o meu favela é ney",0,0,,,0,0,0,0,0,0,0,0
ct2DIjWG4uM,2,3.12,5.86,"Caiu, levei um pouco. Esse poke é a toa de dano",0,0,,,0,0,0,0,0,0,0,0
ct2DIjWG4uM,3,5.86,9.3,"Bom, se meu bot venceu, o jogo fica suave de ganhar, né?",0,0,,,0,0,0,0,0,0,0,0
ct2DIjWG4uM,4,9.78,13.34,"Mas a real minha preocupação é se a riva fica forte, só que no meia-pouco não para a riva",0,0,,,0,0,0,0,0,0,0,0
ct2DIjWG4uM,5,15.02,17.34,"Ó, tô levando bastante poke, né? Btp zudo, mano",0,0,,,0,0,0,0,0,0,0,0
ct2DIjWG4uM,6,17.34,20.3,"Meu emprego é no youtube zudo, mano",0,0,,,0,0,0,0,0,0,0,0
ct2DIjWG4uM,7,22.9,24.68,"Ele me matou aqui não, mata não",0,0,,,0,0,0,0,0,0,0,0
ct2DIjWG4uM,8,24.84,26.64,"Vou dar B só aqui, tá suave",0,0,,,0,0,0,0,0,0,0,0
ct2DIjWG4uM,9,27.46,30.46,"Vou dar B, meu farm não tá tão ruim assim não, nessa Btp também, se fala",0,0,,,0,0,0,0,0,0,0,0
ct2DIjWG4uM,10,30.46,32.96,"Eu tenho Btp também, pra safe zudo",0,0,,,0,0,0,0,0,0,0,0
ct2DIjWG4uM,11,32.96,35.12,"O meu top da fidância aqui já pode ser que eu me largue, né?",0,0,,,0,0,0,0,0,0,0,0
ct2DIjWG4uM,12,35.78,37.06,"Cara, olha a quantidade de Banner Rift",0,0,,,0,0,0,0,0,0,0,0
ct2DIjWG4uM,13,37.06,38.14,"no servidor, mano. Sério.",0,0,,,0,0,0,0,0,0,0,0
ct2DIjWG4uM,14,39.1,40.2,Tem muito... O que é isso aqui?,0,0,,,0,0,0,0,0,0,0,0
ct2DIjWG4uM,15,43.66,44.76,"Eu acho que você morreu, mano.",0,0,,,0,0,0,0,0,0,0,0
ct2DIjWG4uM,16,49.74,51.46,"Eu acho que você morreu... Oh, meu Deus!",0,0,,,0,0,0,0,0,0,0,0
ct2DIjWG4uM,17,51.58,53.12,"Mata ele, cara!",0,0,,,0,0,0,0,0,0,0,0
ct2DIjWG4uM,18,54.38,55.66,Olha o PNF que ele bateu em mim.,0,0,,,0,0,0,0,0,0,0,0
ct2DIjWG4uM,19,61.17,62.25,"Nossa, a gente não matou ele.",0,0,,,0,0,0,0,0,0,0,0
ct2DIjWG4uM,20,62.35,64.17,"Campeão podre, mano. Meu Deus, cara.",0,0,,,0,0,0,0,0,0,0,0
ct2DIjWG4uM,21,64.19,65.45,"Esse campeão é muito podre, mano.",0,0,,,0,0,0,0,0,0,0,0
ct2DIjWG4uM,22,66.17,68.15,"Eu quero que ele faça o quê, ô Torimal? Eu quero que ele faça o quê, mano?",0,0,,,0,0,0,0,0,0,0,0
ct2DIjWG4uM,23,68.21,69.75,"Olha o seu gank se você me deu com o Wave, cara.",0,0,,,0,0,0,0,0,0,0,0
ct2DIjWG4uM,24,70.33,72.91,Eu vou morrer aqui. Só gosto de pegar ele com o 6 e bater o flash dele.,0,0,,,0,0,0,0,0,0,0,0
ct2DIjWG4uM,25,72.91,78.15,"Ele matou anyway, tá ligado?",0,0,,,0,0,0,0,0,0,0,0
ct2DIjWG4uM,26,78.25,78.85,"Boa, seu animal",0,0,,,0,0,0,0,0,0,0,0
ct2DIjWG4uM,27,78.85,81.29,"É, apesar de tudo, eu pensava que ia ficar mais CS atrás",0,0,,,0,0,0,0,0,0,0,0
ct2DIjWG4uM,28,81.29,82.99,Porque meu CS tá entre aço controlado ainda,0,0,,,0,0,0,0,0,0,0,0
ct2DIjWG4uM,29,82.99,83.99,Tá metido em pisuda,0,0,,,0,0,0,0,0,0,0,0
ct2DIjWG4uM,30,83.99,87.51,"Ai, ai",0,0,,,0,0,0,0,0,0,0,0
ct2DIjWG4uM,31,87.51,91.49,"Cara, eu vou ter que começar",0,0,,,0,0,0,0,0,0,0,0
ct2DIjWG4uM,32,91.49,93.29,Ter bot ali,0,0,,,0,0,0,0,0,0,0,0
ct2DIjWG4uM,33,93.29,96.98,Ou será que não?,0,0,,,0,0,0,0,0,0,0,0
ct2DIjWG4uM,34,97.08,97.86,Ter bot ali,0,0,,,0,0,0,0,0,0,0,0
ct2DIjWG4uM,35,97.86,100.14,Vai ter aquelas coisinhas bot side,0,0,,,0,0,0,0,0,0,0,0
ct2DIjWG4uM,36,100.14,101.02,Que eu estou tendo aqui,0,0,,,0,0,0,0,0,0,0,0
ct2DIjWG4uM,37,101.02,101.76,"Cadê o eco, será?",0,0,,,0,0,0,0,0,0,0,0
ct2DIjWG4uM,38,102.82,103.76,Olha onde tá o eco,0,0,,,0,0,0,0,0,0,0,0
ct2DIjWG4uM,39,103.76,104.66,"Achei o eco, né?",0,0,,,0,0,0,0,0,0,0,0
ct2DIjWG4uM,40,106.18,107.7,"Se ele mata aqui, tem que morrer, mano",0,0,,,0,0,0,0,0,0,0,0
ct2DIjWG4uM,41,107.7,109.42,"Corre esse cara aqui, mano",0,0,,,0,0,0,0,0,0,0,0
ct2DIjWG4uM,42,109.42,116.79,"Ele pegou minha kill, porque esse cara é um faveladão, entendeu?",0,0,,,0,0,0,0,0,0,0,0
ct2DIjWG4uM,43,116.89,117.59,Pegou a kill.,0,0,,,0,0,0,0,0,0,0,0
ct2DIjWG4uM,44,117.95,119.51,A Nivea tá aqui e dá 100x0 em turma.,0,0,,,0,0,0,0,0,0,0,0
ct2DIjWG4uM,45,121.15,123.05,"Fez uma EVE inteira, deu uma kill pra minha Zyra.",0,0,,,0,0,0,0,0,0,0,0
ct2DIjWG4uM,46,123.23,124.03,"É, acho que tá bom, tá bom.",0,0,,,0,0,0,0,0,0,0,0
ct2DIjWG4uM,47,124.43,125.19,"Não tá ruim, não.",0,0,,,0,0,0,0,0,0,0,0
ct2DIjWG4uM,48,132.95,133.73,"Bom, e...",0,0,,,0,0,0,0,0,0,0,0
ct2DIjWG4uM,49,133.73,135.55,"É, o meu atrox foi solado pela Riven.",0,0,,,0,0,0,0,0,0,0,0
ct2DIjWG4uM,50,135.83,137.57,"Se ele fizer zudo, o dragão pode ser doce também.",0,0,,,0,0,0,0,0,0,0,0
ct2DIjWG4uM,51,140.79,142.83,"Cara, ele tá com flash já nesse, velho.",0,0,,,0,0,0,0,0,0,0,0
ct2DIjWG4uM,52,146.95,148.81,"Nossa, como ele vai se dando aqui, mano?",0,0,,,0,0,0,0,0,0,0,0
ct2DIjWG4uM,53,149.35,150.33,Tem o BTP também.,0,0,,,0,0,0,0,0,0,0,0
ct2DIjWG4uM,54,150.33,154.23,aqui também vou andar aqui porque eu tô com medo de ser por ele querer me dar e vai aqui então eu,0,0,,,0,0,0,0,0,0,0,0
ct2DIjWG4uM,55,154.23,165.94,vou deixar o aqui salve negão salmão josé nas e aí salve nego salve ju salve judo hoje que você,0,0,,,0,0,0,0,0,0,0,0
ct2DIjWG4uM,56,165.94,171.88,deve 100 por cento no cara cara porque ela velho não subiu para cá mano cara meu deus que porra é,0,0,,,0,0,0,0,0,0,0,0
ct2DIjWG4uM,57,171.88,183.29,essa mano é o que eu vou dar btp tudo aqui tá sempre tudo para morrer de novo será que isso,0,0,,,0,0,0,0,0,0,0,0
ct2DIjWG4uM,58,183.29,185.87,"Cara, mano, o cara é muito bom, meu Deus",0,0,,,0,0,0,0,0,0,0,0
ct2DIjWG4uM,59,185.87,186.45,O cara é muito bom,0,0,,,0,0,0,0,0,0,0,0
ct2DIjWG4uM,60,186.45,188.45,Acho que eu mato ele sim,0,0,,,0,0,0,0,0,0,0,0
ct2DIjWG4uM,61,188.45,190.33,"Mano, dá chase, cara",0,0,,,0,0,0,0,0,0,0,0
ct2DIjWG4uM,62,190.33,191.75,What the fuck,0,0,,,0,0,0,0,0,0,0,0
ct2DIjWG4uM,63,191.75,195.58,"Tá bom, eles vão tirar flash também",0,0,,,0,0,0,0,0,0,0,0
ct2DIjWG4uM,64,195.58,199.59,"Será que dá bom aqui, é playzuda",0,0,,,0,0,0,0,0,0,0,0
ct2DIjWG4uM,65,199.59,202.93,"Pior que a gente pode perder aqui, mano",0,0,,,0,0,0,0,0,0,0,0
ct2DIjWG4uM,66,202.93,203.97,"Os caras tem eco, hein, mano",0,0,,,0,0,0,0,0,0,0,0
ct2DIjWG4uM,67,203.97,206.15,"Tá bom, TP da nível",0,0,,,0,0,0,0,0,0,0,0
ct2DIjWG4uM,68,206.15,212.59,"Os caras se matou aí, mano",0,0,,,0,0,0,0,0,0,0,0
ct2DIjWG4uM,69,212.59,217.82,Ou não,0,0,,,0,0,0,0,0,0,0,0
ct2DIjWG4uM,70,217.82,220.18,"Ah, tá",0,0,,,0,0,0,0,0,0,0,0
ct2DIjWG4uM,71,220.18,226.29,"Pior que esse tempo tá bem forte do game, cara",0,0,,,0,0,0,0,0,0,0,0
ct2DIjWG4uM,72,226.29,229.2,Deixa eu dar meu B aqui,0,0,,,0,0,0,0,0,0,0,0
ct2DIjWG4uM,73,229.2,230.7,"Vou passar e pegar o Shadidaw aqui, tá bom",0,0,,,0,0,0,0,0,0,0,0
ct2DIjWG4uM,74,230.7,233.28,"Tô pensando, enganito",0,0,,,0,0,0,0,0,0,0,0
ct2DIjWG4uM,75,233.28,234.62,"Tô pensando, enganito, tô pensando",0,0,,,0,0,0,0,0,0,0,0
ct2DIjWG4uM,76,234.62,236.1,"Onde é que eu saio daqui, mano?",0,0,,,0,0,0,0,0,0,0,0
ct2DIjWG4uM,77,236.24,237.84,"Pode ter o Agi aqui, mas eu vou ficar tiltado",0,0,,,0,0,0,0,0,0,0,0
ct2DIjWG4uM,78,237.84,240.98,"Zira pedolou, cadê o Chase infinito, cara?",0,0,,,0,0,0,0,0,0,0,0
ct2DIjWG4uM,79,241.8,242.72,"Ah, isso aqui mesmo",0,0,,,0,0,0,0,0,0,0,0
ct2DIjWG4uM,80,242.72,244.3,Vou pegar essa Wave aqui,0,0,,,0,0,0,0,0,0,0,0
ct2DIjWG4uM,81,244.3,252.92,"Pô, pegou minha kill free, mano",0,0,,,0,0,0,0,0,0,0,0
ct2DIjWG4uM,82,252.92,254.52,"Imundos, imundos, imundos",0,0,,,0,0,0,0,0,0,0,0
ct2DIjWG4uM,83,254.52,258.56,"É morrer aqui, mano",0,0,,,0,0,0,0,0,0,0,0
ct2DIjWG4uM,84,258.56,261.73,"Pô, pegar",0,0,,,0,0,0,0,0,0,0,0
ct2DIjWG4uM,85,261.73,264.77,"Pegar duas kill minha, cara",0,0,,,0,0,0,0,0,0,0,0
ct2DIjWG4uM,86,264.77,266.81,"Que que é isso, mano? É foda, mano",0,0,,,0,0,0,0,0,0,0,0
ct2DIjWG4uM,87,266.81,268.95,"Esse é um T pra não, cara?",0,0,,,0,0,0,0,0,0,0,0
ct2DIjWG4uM,88,268.95,271.19,"Ué? Ah, tá bom, ainda bem que eu não cometi o outro em dois",0,0,,,0,0,0,0,0,0,0,0
ct2DIjWG4uM,89,271.19,273.45,"Nossa, pra que essas duas skill meia ficariam fortes",0,0,,,0,0,0,0,0,0,0,0
ct2DIjWG4uM,90,273.45,274.87,"Agora no game zudo, então, tá bom",0,0,,,0,0,0,0,0,0,0,0
ct2DIjWG4uM,91,274.87,277.45,Eu ficaria bem clean no game zudo,0,0,,,0,0,0,0,0,0,0,0
ct2DIjWG4uM,92,277.45,283.23,"Bom, vai o meu top, macacão",0,0,,,0,0,0,0,0,0,0,0
ct2DIjWG4uM,93,283.23,285.07,"Foi de novo solado, padrão, né",0,0,,,0,0,0,0,0,0,0,0
ct2DIjWG4uM,94,285.07,287.61,Os caras vão levar em gauge o eco zudo,0,0,,,0,0,0,0,0,0,0,0
ct2DIjWG4uM,95,287.61,288.55,Na play zuda,0,0,,,0,0,0,0,0,0,0,0
ct2DIjWG4uM,96,288.55,290.97,"Nossa, o cara levou 100 em zero, mano, meu Deus",0,0,,,0,0,0,0,0,0,0,0
ct2DIjWG4uM,97,290.97,291.71,"Ô merda, hein, cara",0,0,,,0,0,0,0,0,0,0,0
ct2DIjWG4uM,98,291.71,307.5,"Ok, um card gold, não é a pena",0,0,,,0,0,0,0,0,0,0,0
ct2DIjWG4uM,99,307.5,309.7,Ainda bem que esse cego,0,0,,,0,0,0,0,0,0,0,0
ct2DIjWG4uM,100,309.7,311.28,"Deu uma faveladora azul aqui, mano",0,0,,,0,0,0,0,0,0,0,0
ct2DIjWG4uM,101,311.28,314.18,"Caralho, mas você não faz solo na side não, mano",1,1,caralho,sexual_degradante,0,0,1,0,0,0,0,0
ct2DIjWG4uM,102,314.18,316.02,"Meu Deus, cara, que isso, mano",0,0,,,0,0,0,0,0,0,0,0
ct2DIjWG4uM,103,316.02,318.4,"Cara, tu é pedófilo mesmo, esse mundo",0,0,,,0,0,0,0,0,0,0,0
ct2DIjWG4uM,104,318.4,320.24,Deixa ele me solar aqui,0,0,,,0,0,0,0,0,0,0,0
ct2DIjWG4uM,105,320.24,323.44,Vou me solar aqui,0,0,,,0,0,0,0,0,0,0,0
ct2DIjWG4uM,106,323.44,325.26,"Vou morrer, talvez, ou não",0,0,,,0,0,0,0,0,0,0,0
ct2DIjWG4uM,107,325.26,328.2,"Ixi, deu merda a truce",0,0,,,0,0,0,0,0,0,0,0
ct2DIjWG4uM,108,328.2,333.24,"Meu Deus, cara",0,0,,,0,0,0,0,0,0,0,0
ct2DIjWG4uM,109,333.24,334.84,Dei que carregar aqui os podes,0,0,,,0,0,0,0,0,0,0,0
ct2DIjWG4uM,110,334.84,336.1,Tá bom,0,0,,,0,0,0,0,0,0,0,0
ct2DIjWG4uM,111,336.1,340.45,Tô tentando dar um pick off no cara,0,0,,,0,0,0,0,0,0,0,0
ct2DIjWG4uM,112,340.45,342.47,"Que é essa, mano",0,0,,,0,0,0,0,0,0,0,0
ct2DIjWG4uM,113,342.47,352.94,"Nossa, ele veio aplicar a fuga do Lazar aqui, né",0,0,,,0,0,0,0,0,0,0,0
ct2DIjWG4uM,114,352.94,353.94,Bagulho louco mesmo,0,0,,,0,0,0,0,0,0,0,0
ct2DIjWG4uM,115,353.94,356.5,"Pronto, sempre caçador, ok? Pronto, sempre",0,0,,,0,0,0,0,0,0,0,0
ct2DIjWG4uM,116,356.5,363.3,"E aí, vou levar engage em mid",0,0,,,0,0,0,0,0,0,0,0
ct2DIjWG4uM,117,363.3,364.44,"Tá sem minha play, mano",0,0,,,0,0,0,0,0,0,0,0
ct2DIjWG4uM,118,364.44,367.56,"Tem que matar isso aqui rápido, cara",0,0,,,0,0,0,0,0,0,0,0
ct2DIjWG4uM,119,367.56,372.84,"Caralho, que era do chutante, mano",1,1,caralho,sexual_degradante,0,0,1,0,0,0,0,0
ct2DIjWG4uM,120,372.84,373.74,"Meu Deus, aí fiz",0,0,,,0,0,0,0,0,0,0,0
ct2DIjWG4uM,121,373.74,376.92,"Os caras do negócio é live, eu nem curto, não",0,0,,,0,0,0,0,0,0,0,0
ct2DIjWG4uM,122,376.92,381.18,"Eu sou um alfa, né, cara",0,0,,,0,0,0,0,0,0,0,0
ct2DIjWG4uM,123,381.18,382.68,"Sem delay, sem torneio",0,0,,,0,0,0,0,0,0,0,0
ct2DIjWG4uM,124,382.68,385.68,"O dragão tá free aqui pra nós, tem que pegar a pressão mid primeiro, rapaziada",0,0,,,0,0,0,0,0,0,0,0
ct2DIjWG4uM,125,385.68,395.02,Ok,0,0,,,0,0,0,0,0,0,0,0
ct2DIjWG4uM,126,395.02,414.02,"Cara, eu segurei",0,0,,,0,0,0,0,0,0,0,0
ct2DIjWG4uM,127,414.02,415.56,"Três dos caras aqui, mano",0,0,,,0,0,0,0,0,0,0,0
ct2DIjWG4uM,128,415.56,416.72,"Meu Deus, cara",0,0,,,0,0,0,0,0,0,0,0
ct2DIjWG4uM,129,419.1,421.16,"Mano, eu segurei três negros dos caras aqui, cara.",0,0,,,0,0,0,0,0,0,0,0
ct2DIjWG4uM,130,421.24,422.6,"Meu Deus, que porra é essa?",0,0,,,0,0,0,0,0,0,0,0
ct2DIjWG4uM,131,423.06,424.12,"Foi bom isso aqui, mano.",0,0,,,0,0,0,0,0,0,0,0
ct2DIjWG4uM,132,424.38,425.7,"Eu segurei três negros aqui, tá ligado?",0,0,,,0,0,0,0,0,0,0,0
ct2DIjWG4uM,133,426.36,427.3,Quando que dá B aqui?,0,0,,,0,0,0,0,0,0,0,0
ct2DIjWG4uM,134,427.74,429.36,"Eu posso dar B, TP, tá bom.",0,0,,,0,0,0,0,0,0,0,0
ct2DIjWG4uM,135,430.8,431.12,Já jogou.,0,0,,,0,0,0,0,0,0,0,0
ct2DIjWG4uM,136,432.3,432.96,"Aí, tem.",0,0,,,0,0,0,0,0,0,0,0
ct2DIjWG4uM,137,433.14,434.1,"Cássio, você...",0,0,,,0,0,0,0,0,0,0,0
ct2DIjWG4uM,138,435.72,436.5,Já perdeu o dragão?,0,0,,,0,0,0,0,0,0,0,0
ct2DIjWG4uM,139,436.56,437.34,Já perdeu o dragão ainda?,0,0,,,0,0,0,0,0,0,0,0
ct2DIjWG4uM,140,437.66,438.02,Porra.,0,0,,,0,0,0,0,0,0,0,0
ct2DIjWG4uM,141,444.48,445.76,"Pô, eles vão ser incríveis no mouse também.",0,0,,,0,0,0,0,0,0,0,0
ct2DIjWG4uM,142,459.17,460.83,"É, e esse game, caçadinho, ok?",0,0,,,0,0,0,0,0,0,0,0
ct2DIjWG4uM,143,461.39,462.43,"A B, TP aqui, rapaziada.",0,0,,,0,0,0,0,0,0,0,0
ct2DIjWG4uM,144,463.79,465.33,"Acho que acabou o game, escalei já, né?",0,0,,,0,0,0,0,0,0,0,0
ct2DIjWG4uM,145,465.33,468.03,"Padrão, padrão playstyle, cara, se não fiz tudo, padrão.",0,0,,,0,0,0,0,0,0,0,0
ct2DIjWG4uM,146,468.57,469.67,"Quem que tá vivo lá, mano?",0,0,,,0,0,0,0,0,0,0,0
ct2DIjWG4uM,147,469.73,470.69,Só o Ekko tá vivo lá.,0,0,,,0,0,0,0,0,0,0,0
ct2DIjWG4uM,148,470.97,472.33,Vou ter que dar...,0,0,,,0,0,0,0,0,0,0,0
ct2DIjWG4uM,149,472.33,475.11,"Vou ter que dar cover aqui pros negus da Picoff, rapaz.",0,0,,,0,0,0,0,0,0,0,0
ct2DIjWG4uM,150,476.21,477.37,O Ekko não dá...,0,0,,,0,0,0,0,0,0,0,0
ct2DIjWG4uM,151,477.37,478.11,Não dá essa merda.,0,0,,,0,0,0,0,0,0,0,0
ct2DIjWG4uM,152,481.7,482.06,Ok.,0,0,,,0,0,0,0,0,0,0,0
ct2DIjWG4uM,153,484.06,485.4,"E ficou louco esse Ekko, né?",0,0,,,0,0,0,0,0,0,0,0
ct2DIjWG4uM,154,486.04,487.14,"Tá sem ult, mano?",0,0,,,0,0,0,0,0,0,0,0
ct2DIjWG4uM,155,487.9,489.1,"Ele ficou louco não, rapaziada?",0,0,,,0,0,0,0,0,0,0,0
ct2DIjWG4uM,156,491.21,492.15,Ele ficou louco sim.,0,0,,,0,0,0,0,0,0,0,0
ct2DIjWG4uM,157,496.35,497.79,"O cara tá louco, mano.",0,0,,,0,0,0,0,0,0,0,0
ct2DIjWG4uM,158,497.83,499.43,"Meu Deus, que porra é essa, mano?",0,0,,,0,0,0,0,0,0,0,0
ct2DIjWG4uM,159,499.47,500.07,Meu Deus.,0,0,,,0,0,0,0,0,0,0,0
ct2DIjWG4uM,160,500.07,502.31,"O cara ficou maluco, mano, que isso",0,0,,,0,0,0,0,0,0,0,0
ct2DIjWG4uM,161,502.31,505.53,"Engraçado que nos desafios ninguém dá ghost, percebeu?",0,0,,,0,0,0,0,0,0,0,0
ct2DIjWG4uM,162,505.61,505.93,Yes,0,0,,,0,0,0,0,0,0,0,0
ct2DIjWG4uM,163,505.93,508.85,"É que nos desafios ninguém dá ghost, fica muito óbvio, né, cara",0,0,,,0,0,0,0,0,0,0,0
ct2DIjWG4uM,164,508.85,511.11,Como tem muito pouco pra desafio no servidor,0,0,,,0,0,0,0,0,0,0,0
ct2DIjWG4uM,165,511.11,512.59,"A galera percebe, você fica com",0,0,,,0,0,0,0,0,0,0,0
ct2DIjWG4uM,166,512.59,515.25,Meio que você fica com,0,0,,,0,0,0,0,0,0,0,0
ct2DIjWG4uM,167,515.25,517.13,"Toma de ghost, tá ligado?",0,0,,,0,0,0,0,0,0,0,0
ct2DIjWG4uM,168,529.39,530.61,Esse cara se matou ali,0,0,,,0,0,0,0,0,0,0,0
ct2DIjWG4uM,169,530.61,532.09,"Acho que você pode atirar infinito nele, né",0,0,,,0,0,0,0,0,0,0,0
ct2DIjWG4uM,170,532.09,539.7,"Nossa, olha o dano que eu tô dando, cara",0,0,,,0,0,0,0,0,0,0,0
ct2DIjWG4uM,171,539.7,541.18,"25 stack meia zudo, ok?",0,0,,,0,0,0,0,0,0,0,0
ct2DIjWG4uM,172,541.82,543.84,"Proc Taper zudo, Proc Taper zudo",0,0,,,0,0,0,0,0,0,0,0
ct2DIjWG4uM,173,543.84,551.42,Eu vou abrir mid aqui,0,0,,,0,0,0,0,0,0,0,0
ct2DIjWG4uM,174,551.42,553.02,"Porque eu acho que pode ter fight aqui, rapaziada",0,0,,,0,0,0,0,0,0,0,0
ct2DIjWG4uM,175,553.02,555.06,"Alguém tinha que guardar aqui, tá ligado?",0,0,,,0,0,0,0,0,0,0,0
ct2DIjWG4uM,176,557.66,558.58,"Tá bom, eu forcei o...",0,0,,,0,0,0,0,0,0,0,0
ct2DIjWG4uM,177,558.58,559.52,"Cara, que isso?",0,0,,,0,0,0,0,0,0,0,0
ct2DIjWG4uM,178,560.44,561.08,Que isso?,0,0,,,0,0,0,0,0,0,0,0
ct2DIjWG4uM,179,567.32,568.68,"Eu tô sem zones, hein, mano",0,0,,,0,0,0,0,0,0,0,0
ct2DIjWG4uM,180,568.68,572.13,O que isso significa?,0,0,,,0,0,0,0,0,0,0,0
ct2DIjWG4uM,181,572.19,573.17,É muito fácil levar Icaq,0,0,,,0,0,0,0,0,0,0,0
ct2DIjWG4uM,182,573.17,576.78,"Nossa, 30 mil de patin, eu tô sem zones",0,0,,,0,0,0,0,0,0,0,0
ct2DIjWG4uM,183,576.78,577.9,"Tô gritando, mano",0,0,,,0,0,0,0,0,0,0,0
ct2DIjWG4uM,184,577.9,580.22,"Mano, dá pra dar GG aqui, eu acho",0,0,,,0,0,0,0,0,0,0,0
ct2DIjWG4uM,185,580.22,582.38,Vai voltar meu ar de sacada,0,0,,,0,0,0,0,0,0,0,0
ct2DIjWG4uM,186,582.38,583.26,Que eu dou GG aqui,0,0,,,0,0,0,0,0,0,0,0
ct2DIjWG4uM,187,583.26,584.08,"Bem, cara",0,0,,,0,0,0,0,0,0,0,0
ct2DIjWG4uM,188,584.08,590.18,"Se eu der em flash aqui, eu mato",0,0,,,0,0,0,0,0,0,0,0
ct2DIjWG4uM,189,590.18,591.22,Eu não acho que dá pra passar GG,0,0,,,0,0,0,0,0,0,0,0
ct2DIjWG4uM,190,591.22,592.1,"É isso, ó",0,0,,,0,0,0,0,0,0,0,0
ct2DIjWG4uM,191,592.1,595.37,Se bem que nasceu a Nivea também,0,0,,,0,0,0,0,0,0,0,0
ct2DIjWG4uM,192,595.37,598.77,Já tem muito,0,0,,,0,0,0,0,0,0,0,0
ct2DIjWG4uM,193,598.77,606.92,Tamo trolando aqui,0,0,,,0,0,0,0,0,0,0,0
ct2DIjWG4uM,194,606.92,608.72,Vamos pegar o dragão e tamo trolando pra caralho,1,1,caralho,sexual_degradante,0,0,1,0,0,0,0,0
ct2DIjWG4uM,195,608.72,610.0,"Essa minha zira ficou louca, mano",0,0,,,0,0,0,0,0,0,0,0
ct2DIjWG4uM,196,610.0,612.72,"Falou que é podre, ruim, podre, podre",0,0,,,0,0,0,0,0,0,0,0
ct2DIjWG4uM,197,612.72,613.48,Faveladaço,0,0,,,0,0,0,0,0,0,0,0
ct2DIjWG4uM,198,613.48,616.9,Essa é a Sona Femiz do Twitter,0,0,,,0,0,0,0,0,0,0,0
ct2DIjWG4uM,199,616.9,618.16,"É ela mesmo, a Lua Velha e Zudo",0,0,,,0,0,0,0,0,0,0,0
ct2DIjWG4uM,200,618.16,619.44,"Vamos fazer um QI, rapaz",0,0,,,0,0,0,0,0,0,0,0
ct2DIjWG4uM,201,619.44,626.96,"Ok, acho que acabou o game aqui",0,0,,,0,0,0,0,0,0,0,0
ct2DIjWG4uM,202,626.96,636.3,"Olha o dano que ela me dá, eu sem zozo, mas me desculpa",0,0,,,0,0,0,0,0,0,0,0
ct2DIjWG4uM,203,636.3,638.5,"Bom, eu vou ter que dar B e Zudo aqui",0,0,,,0,0,0,0,0,0,0,0
ct2DIjWG4uM,204,638.5,639.34,"Eu poderia ficar, né",0,0,,,0,0,0,0,0,0,0,0
ct2DIjWG4uM,205,639.34,641.06,Verificar talvez,0,0,,,0,0,0,0,0,0,0,0
ct2DIjWG4uM,206,641.06,642.56,Easy game zudo,0,0,,,0,0,0,0,0,0,0,0
ct2DIjWG4uM,207,642.56,645.74,"Mano, vocês botam fé que o cara tem",0,0,,,0,0,0,0,0,0,0,0
ct2DIjWG4uM,208,645.74,648.24,Dois itens no jogo e eu tô com seis itens,0,0,,,0,0,0,0,0,0,0,0
ct2DIjWG4uM,209,648.24,649.54,"Literalmente, eu vim deitar minha bota",0,0,,,0,0,0,0,0,0,0,0
ct2DIjWG4uM,210,649.54,651.46,"Caralho, cara",1,1,caralho,sexual_degradante,0,0,1,0,0,0,0,0
ct2DIjWG4uM,211,651.46,652.92,"Eu tô no 3 level ainda, meu Deus",0,0,,,0,0,0,0,0,0,0,0
ct2DIjWG4uM,212,652.92,655.4,"Bom, foi jogão",0,0,,,0,0,0,0,0,0,0,0
ct2DIjWG4uM,213,655.4,657.4,Vou logar aqui só pra,0,0,,,0,0,0,0,0,0,0,0
ct2DIjWG4uM,214,657.4,659.2,"Pintar meu desafiante e postar no Twitter, rapaziada",0,0,,,0,0,0,0,0,0,0,0
ct2DIjWG4uM,215,659.2,661.44,Caraca,0,0,,,0,0,0,0,0,0,0,0
ct2DIjWG4uM,216,661.44,662.08,Meu Deus,0,0,,,0,0,0,0,0,0,0,0
ct2DIjWG4uM,217,662.08,665.46,Único preto mono castadinho do mundo,0,0,,,0,0,0,0,0,0,0,0
ct2DIjWG4uM,218,665.46,667.18,"Desafiante, tá bom? Eu tô emocionado, cara",0,0,,,0,0,0,0,0,0,0,0
ct2DIjWG4uM,219,667.18,667.8,Emocionado,0,0,,,0,0,0,0,0,0,0,0
ct2DIjWG4uM,220,667.8,670.22,"Caralho, cadê a pai, beleza",1,1,caralho,sexual_degradante,0,0,1,0,0,0,0,0
ct2DIjWG4uM,221,670.22,671.82,"Meu Deus, é o meu soldado, cara",0,0,,,0,0,0,0,0,0,0,0
ct2DIjWG4uM,222,671.82,674.4,Simplesmente o primeiro e o único,0,0,,,0,0,0,0,0,0,0,0
ct2DIjWG4uM,223,674.4,676.62,"Mono caçadinho preto judeu, tá bom",0,0,,,0,0,0,0,0,0,0,0
ct2DIjWG4uM,224,676.62,678.34,ZFH no planeta,0,0,,,0,0,0,0,0,0,0,0
ct2DIjWG4uM,225,678.34,679.18,"No planeta, bora",0,0,,,0,0,0,0,0,0,0,0
ct2DIjWG4uM,226,679.18,682.14,"Caralho, mano, demorou",1,1,caralho,sexual_degradante,0,0,1,0,0,0,0,0
ct2DIjWG4uM,227,682.14,684.16,"Vim essa bosta aqui, eu tinha que jogar bastante game",0,0,,,0,0,0,0,0,0,0,0
ct2DIjWG4uM,228,684.16,684.84,"Até, cara",0,0,,,0,0,0,0,0,0,0,0
ct2DIjWG4uM,229,684.84,688.86,"Cara, tinha que jogar 250 jogos, né",0,0,,,0,0,0,0,0,0,0,0
ct2DIjWG4uM,230,688.86,690.18,"É, pouco game",0,0,,,0,0,0,0,0,0,0,0
ct2DIjWG4uM,231,690.18,691.84,"Na real, na real, pouco partido, na real",0,0,,,0,0,0,0,0,0,0,0
ct2DIjWG4uM,232,691.84,694.0,Não foi tanto,0,0,,,0,0,0,0,0,0,0,0
ct2DIjWG4uM,233,694.0,695.74,"Jogo assim, não, tá suave, tá suave",0,0,,,0,0,0,0,0,0,0,0
ct2DIjWG4uM,234,695.74,698.22,Você pegar os caras aqui dos F1,0,0,,,0,0,0,0,0,0,0,0
ct2DIjWG4uM,235,698.22,699.18,"Tem tudo, sei lá, mano",0,0,,,0,0,0,0,0,0,0,0
ct2DIjWG4uM,236,699.18,700.92,"2K Games, tá ligado?",0,0,,,0,0,0,0,0,0,0,0
ct2DIjWG4uM,237,700.96,702.06,Tinha que ser bizarro,0,0,,,0,0,0,0,0,0,0,0
ct2DIjWG4uM,238,702.06,704.59,"É, foi jogão",0,0,,,0,0,0,0,0,0,0,0
ct2DIjWG4uM,239,704.59,705.01,Foi suave,0,0,,,0,0,0,0,0,0,0,0
ct2DIjWG4uM,240,705.01,706.27,Vamos ver quantos games tem o Ion nessa Season,0,0,,,0,0,0,0,0,0,0,0
ct2DIjWG4uM,241,706.27,709.11,"Nossa, o Ion tá com 1060 PDL",0,0,,,0,0,0,0,0,0,0,0
ct2DIjWG4uM,242,709.11,710.27,"Só com o Easy Dream Raid, cara",0,0,,,0,0,0,0,0,0,0,0
ct2DIjWG4uM,243,710.27,710.73,Que isso,0,0,,,0,0,0,0,0,0,0,0
ct2DIjWG4uM,244,710.73,712.15,"Deu merda, deu merda",0,0,,,0,0,0,0,0,0,0,0
ct2DIjWG4uM,245,712.15,713.51,"Tá bom, pegamos",0,0,,,0,0,0,0,0,0,0,0
ct2DIjWG4uM,246,713.51,715.49,Pagada,0,0,,,0,0,0,0,0,0,0,0
ct2DIjWG4uM,247,715.49,717.65,Esse é o meu saído de represa,0,0,,,0,0,0,0,0,0,0,0
ct2DIjWG4uM,248,717.65,718.15,"É nóis, mano",0,0,,,0,0,0,0,0,0,0,0
ct2DIjWG4uM,249,718.15,718.59,Tamo junto,0,0,,,0,0,0,0,0,0,0,0
PGFU_utw5qg,1,0.0,4.84,Como desejar,0,0,,,0,0,0,0,0,0,0,0
PGFU_utw5qg,2,4.84,5.38,Como desejar,0,0,,,0,0,0,0,0,0,0,0
RtNMWGV4wf8,1,0.34,4.3,"O que que é isso, cara? Meu Deus, que porra é essa, mano?",0,0,,,0,0,0,0,0,0,0,0
RtNMWGV4wf8,2,4.44,6.72,"Cara, eu tô favelando, eu tô pensando que é trash suporte, mano.",0,0,,,0,0,0,0,0,0,0,0
RtNMWGV4wf8,3,7.42,8.82,"O que que é isso, cara? Me chocote, mano.",0,0,,,0,0,0,0,0,0,0,0
RtNMWGV4wf8,4,9.68,12.22,"O que que é isso, meu Deus? O cara tá quase chocoteando, mano.",0,0,,,0,0,0,0,0,0,0,0
RtNMWGV4wf8,5,12.34,13.06,"Não, parou, vou dar FF.",0,0,,,0,0,0,0,0,0,0,0
RtNMWGV4wf8,6,13.3,16.14,"Cara, por que tem um trash suporte, um trash full AP?",0,0,,,0,0,0,0,0,0,0,0
RtNMWGV4wf8,7,16.78,20.44,"Ficou enchendo todo mundo, cara, meu Deus, o teste do suporte, meu Deus, cara.",0,0,,,0,0,0,0,0,0,0,0
RtNMWGV4wf8,8,21.58,23.86,"O cara fez quando aqui o solo, que porra é essa, mano?",0,0,,,0,0,0,0,0,0,0,0
r8C57BD7aDc,1,0.27,2.27,"Ó uma, ó, vamo lá então.",0,0,,,0,0,0,0,0,0,0,0
r8C57BD7aDc,2,2.27,3.27,"Tem flash aí, beleza?",0,0,,,0,0,0,0,0,0,0,0
r8C57BD7aDc,3,3.27,4.27,A ventraça é muito aí.,0,0,,,0,0,0,0,0,0,0,0
r8C57BD7aDc,4,4.27,5.27,Essa ventraça...,0,0,,,0,0,0,0,0,0,0,0
r8C57BD7aDc,5,5.27,8.58,"Aí, aí, vem ali, vem ali, vem ali.",0,0,,,0,0,0,0,0,0,0,0
r8C57BD7aDc,6,8.58,10.58,"Tá bom, tá bom, bota o f***, bota o f***.",0,0,,,0,0,0,0,0,0,0,0
r8C57BD7aDc,7,10.58,14.58,"Ah, fio redin, você usa caça-dolfe, nasa-din e fio redin.",0,0,,,0,0,0,0,0,0,0,0
r8C57BD7aDc,8,14.58,16.58,Esse é seu nome de ícone?,0,0,,,0,0,0,0,0,0,0,0
r8C57BD7aDc,9,16.58,17.58,"Caralho, de página?",1,1,caralho,sexual_degradante,0,0,1,0,0,0,0,0
r8C57BD7aDc,10,17.58,18.58,"Boa, mano.",0,0,,,0,0,0,0,0,0,0,0
r8C57BD7aDc,11,20.58,21.58,"Não, não, volta!",0,0,,,0,0,0,0,0,0,0,0
r8C57BD7aDc,12,21.58,22.58,Volta!,0,0,,,0,0,0,0,0,0,0,0
r8C57BD7aDc,13,22.58,23.58,Volta!,0,0,,,0,0,0,0,0,0,0,0
r8C57BD7aDc,14,23.58,24.58,"Não, dá B, dá B, dá B.",0,0,,,0,0,0,0,0,0,0,0
r8C57BD7aDc,15,24.58,25.58,Pula esse nexo aí.,0,0,,,0,0,0,0,0,0,0,0
r8C57BD7aDc,16,25.58,26.58,"Não, volta andando.",0,0,,,0,0,0,0,0,0,0,0
r8C57BD7aDc,17,26.58,27.58,Pula esse nexo aí.,0,0,,,0,0,0,0,0,0,0,0
r8C57BD7aDc,18,27.58,28.58,Vai.,0,0,,,0,0,0,0,0,0,0,0
r8C57BD7aDc,19,28.58,29.58,"Ah, sim.",0,0,,,0,0,0,0,0,0,0,0
r8C57BD7aDc,20,29.58,30.58,Que que é isso?,0,0,,,0,0,0,0,0,0,0,0
r8C57BD7aDc,21,30.58,32.88,"Mano, que vírgula de perfil é esse, cara?",0,0,,,0,0,0,0,0,0,0,0
r8C57BD7aDc,22,34.38,34.88,O quê?,0,0,,,0,0,0,0,0,0,0,0
r8C57BD7aDc,23,35.18,36.98,"Cara, outro vírgula de perfil, você tá vendo?",0,0,,,0,0,0,0,0,0,0,0
r8C57BD7aDc,24,36.98,37.78,"Que porra é essa aqui, mano?",0,0,,,0,0,0,0,0,0,0,0
r8C57BD7aDc,25,37.78,39.38,"Não, por isso que você tá no bronze, cara.",0,0,,,0,0,0,0,0,0,0,0
r8C57BD7aDc,26,39.38,41.58,"Elemental você tem pra cacete, mas não morreu.",0,0,,,0,0,0,0,0,0,0,0
r8C57BD7aDc,27,42.88,43.68,Último atrás!,0,0,,,0,0,0,0,0,0,0,0
r8C57BD7aDc,28,43.68,44.18,Ah!,0,0,,,0,0,0,0,0,0,0,0
r8C57BD7aDc,29,44.18,44.68,Festa!,0,0,,,0,0,0,0,0,0,0,0
r8C57BD7aDc,30,44.68,45.18,Caralho!,1,1,caralho,sexual_degradante,0,0,1,0,0,0,0,0
r8C57BD7aDc,31,45.18,46.18,"Tá bom, tá bom, tá bom.",0,0,,,0,0,0,0,0,0,0,0
r8C57BD7aDc,32,46.88,47.38,Foi mal.,0,0,,,0,0,0,0,0,0,0,0
r8C57BD7aDc,33,47.38,48.28,"Eu gostei do surpreso, tá bom.",0,0,,,0,0,0,0,0,0,0,0
r8C57BD7aDc,34,48.28,49.88,"Tá bom, Zaya e Lázaro, beleza.",0,0,,,0,0,0,0,0,0,0,0
r8C57BD7aDc,35,49.88,51.88,"Se você tem oportunidade de puxar ele, você puxa.",0,0,,,0,0,0,0,0,0,0,0
r8C57BD7aDc,36,52.48,53.48,Último nexo!,0,0,,,0,0,0,0,0,0,0,0
r8C57BD7aDc,37,53.48,54.38,Último nexo!,0,0,,,0,0,0,0,0,0,0,0
r8C57BD7aDc,38,54.38,56.28,"Caralho, você tá por nexo três vezes já.",1,1,caralho,sexual_degradante,0,0,1,0,0,0,0,0
r8C57BD7aDc,39,56.28,57.08,"Último nexo, tá bom.",0,0,,,0,0,0,0,0,0,0,0
r8C57BD7aDc,40,57.08,60.18,"Zonia, Zonia, Zonia, Zonia, ZONIA ZONIA ZONIA",0,0,,,0,0,0,0,0,0,0,0
r8C57BD7aDc,41,60.18,61.98,"Tá no 3, essa porra.",0,0,,,0,0,0,0,0,0,0,0
r8C57BD7aDc,42,62.18,63.18,"Tá bom, tá bom.",0,0,,,0,0,0,0,0,0,0,0
r8C57BD7aDc,43,63.18,64.18,Você deu no 3.,0,0,,,0,0,0,0,0,0,0,0
r8C57BD7aDc,44,64.18,64.78,"ok, ok",0,0,,,0,0,0,0,0,0,0,0
r8C57BD7aDc,45,64.78,65.78,Você não morreu.,0,0,,,0,0,0,0,0,0,0,0
r8C57BD7aDc,46,65.78,66.78,"Eu não li, tá bom",0,0,,,0,0,0,0,0,0,0,0
r8C57BD7aDc,47,66.78,67.78,Esse cara não falava nada.,0,0,,,0,0,0,0,0,0,0,0
r8C57BD7aDc,48,67.78,71.06,Boa delícia.,0,0,,,0,0,0,0,0,0,0,0
r8C57BD7aDc,49,71.06,72.06,Ée...,0,0,,,0,0,0,0,0,0,0,0
r8C57BD7aDc,50,72.06,74.06,"Beleza, você deu quantos anos?",0,0,,,0,0,0,0,0,0,0,0
r8C57BD7aDc,51,74.06,75.06,17,0,0,,,0,0,0,0,0,0,0,0
r8C57BD7aDc,52,75.06,76.06,17?,0,0,,,0,0,0,0,0,0,0,0
r8C57BD7aDc,53,76.06,77.06,Beleza.,0,0,,,0,0,0,0,0,0,0,0
r8C57BD7aDc,54,77.06,78.06,Tu é bronze?,0,0,,,0,0,0,0,0,0,0,0
r8C57BD7aDc,55,78.06,79.06,Bronze 6 anos.,0,0,,,0,0,0,0,0,0,0,0
r8C57BD7aDc,56,79.06,80.06,Tu é bronze 6 anos?,0,0,,,0,0,0,0,0,0,0,0
r8C57BD7aDc,57,80.06,81.06,6 anos.,0,0,,,0,0,0,0,0,0,0,0
r8C57BD7aDc,58,81.06,83.06,"Mano, e qual que era teu sonho no league?",0,0,,,0,0,0,0,0,0,0,0
r8C57BD7aDc,59,83.06,84.76,Qual que era o que você queria pegar?,0,0,,,0,0,0,0,0,0,0,0
r8C57BD7aDc,60,84.76,85.76,Ah...,0,0,,,0,0,0,0,0,0,0,0
r8C57BD7aDc,61,85.76,86.76,Sei lá...,0,0,,,0,0,0,0,0,0,0,0
r8C57BD7aDc,62,86.76,88.76,Qual que era um bom sonho que você queria ter no League?,0,0,,,0,0,0,0,0,0,0,0
r8C57BD7aDc,63,88.76,89.3,Porque era um bom.,0,0,,,0,0,0,0,0,0,0,0
r8C57BD7aDc,64,90.6,92.54,"Meu sonho, na real, é ser Raelo, mano.",0,0,,,0,0,0,0,0,0,0,0
r8C57BD7aDc,65,92.62,93.16,Qualquer coisa...,0,0,,,0,0,0,0,0,0,0,0
r8C57BD7aDc,66,93.16,94.06,"Pode existir, então, cara.",0,0,,,0,0,0,0,0,0,0,0
r8C57BD7aDc,67,94.18,94.76,6 anos.,0,0,,,0,0,0,0,0,0,0,0
r8C57BD7aDc,68,95.24,96.62,"Já lá, 6 anos é bronze, cara.",0,0,,,0,0,0,0,0,0,0,0
r8C57BD7aDc,69,96.66,97.3,"Pode existir, mano.",0,0,,,0,0,0,0,0,0,0,0
r8C57BD7aDc,70,97.36,98.12,"Pode conseguir, não, mano.",0,0,,,0,0,0,0,0,0,0,0
r8C57BD7aDc,71,99.14,99.76,Tem que comer coisa.,0,0,,,0,0,0,0,0,0,0,0
r8C57BD7aDc,72,100.24,101.26,"Pode existir essa merda, mano.",0,0,,,0,0,0,0,0,0,0,0
r8C57BD7aDc,73,101.26,103.04,"Tô me sentindo o Godox aqui, viado.",1,1,viado,homofobia_misoginia,0,0,0,0,0,1,0,0
r8C57BD7aDc,74,103.24,107.4,"Não, mas eu comecei a jogar Ranked tem uma semana, velho.",0,0,,,0,0,0,0,0,0,0,0
r8C57BD7aDc,75,107.64,109.06,"Ah, você chegou no Malgame.",0,0,,,0,0,0,0,0,0,0,0
r8C57BD7aDc,76,109.2,109.88,"Ah, entendi, pô.",0,0,,,0,0,0,0,0,0,0,0
r8C57BD7aDc,77,109.92,110.1,Entendi.,0,0,,,0,0,0,0,0,0,0,0
r8C57BD7aDc,78,110.66,111.18,"Então, beleza.",0,0,,,0,0,0,0,0,0,0,0
r8C57BD7aDc,79,111.38,111.72,"Então, beleza.",0,0,,,0,0,0,0,0,0,0,0
r8C57BD7aDc,80,112.22,113.26,"Menos mal, menos mal.",0,0,,,0,0,0,0,0,0,0,0
r8C57BD7aDc,81,113.98,115.66,"Eu vou streamar a tela aqui, mano.",0,0,,,0,0,0,0,0,0,0,0
r8C57BD7aDc,82,116.22,116.54,"E, ó.",0,0,,,0,0,0,0,0,0,0,0
r8C57BD7aDc,83,116.54,118.84,"Apaga essa mensagem que você chamou de preto aqui, mano",0,0,,,0,0,0,0,0,0,0,0
r8C57BD7aDc,84,118.84,121.22,"Não pode fazer a caceta na live não, cara",0,0,,,0,0,0,0,0,0,0,0
r8C57BD7aDc,85,121.22,122.46,Tá ligado?,0,0,,,0,0,0,0,0,0,0,0
r8C57BD7aDc,86,122.64,124.68,"Não, tô brincando, o cara fez isso, não, tô usando, não quero gente boa",0,0,,,0,0,0,0,0,0,0,0
r8C57BD7aDc,87,124.68,126.48,"Olha o gif que ele mandou, cara",0,0,,,0,0,0,0,0,0,0,0
r8C57BD7aDc,88,126.48,129.22,"O cara... Que que é isso? Você é traveco, mano?",0,0,,,0,0,0,0,0,0,0,0
r8C57BD7aDc,89,129.46,130.94,"Que ícone de perfil é esse, cara?",0,0,,,0,0,0,0,0,0,0,0
r8C57BD7aDc,90,131.2,132.5,"Cara, outro ícone de perfil, certo?",0,0,,,0,0,0,0,0,0,0,0
r8C57BD7aDc,91,132.52,133.74,"Você é traveco? Que porra é essa aqui, mano?",0,0,,,0,0,0,0,0,0,0,0
r8C57BD7aDc,92,133.82,135.42,"Não, por isso que você tá no bronze, cara",0,0,,,0,0,0,0,0,0,0,0
r8C57BD7aDc,93,135.42,137.16,"Tá passando a hora negativa, mano",0,0,,,0,0,0,0,0,0,0,0
r8C57BD7aDc,94,137.16,139.22,"Não, pode trocar agora esse ícone próprio",0,0,,,0,0,0,0,0,0,0,0
r8C57BD7aDc,95,139.22,141.88,"Olha, mano, olha o ícone que eu tenho aqui adicionado",0,0,,,0,0,0,0,0,0,0,0
r8C57BD7aDc,96,141.88,143.98,"O cara espartano, esse cara espartano",0,0,,,0,0,0,0,0,0,0,0
r8C57BD7aDc,97,143.98,145.94,"Tem o ícone aqui do caçador, filho",0,0,,,0,0,0,0,0,0,0,0
r8C57BD7aDc,98,145.94,147.3,"Olha isso aqui, olha o teu ícone, mano, que porra é essa?",0,0,,,0,0,0,0,0,0,0,0
r8C57BD7aDc,99,147.58,148.6,"Ah, eu gostei do teu ícone.",0,0,,,0,0,0,0,0,0,0,0
r8C57BD7aDc,100,149.34,152.26,"Aí, trocou o ícone, agora tá formando uma aura azul, agora tá clean, mano.",0,0,,,0,0,0,0,0,0,0,0
r8C57BD7aDc,101,152.94,155.64,"Cara, pra começar, mano, para com essa velhice de banir nada, cara.",0,0,,,0,0,0,0,0,0,0,0
r8C57BD7aDc,102,155.66,156.24,Você pensa que você é quem?,0,0,,,0,0,0,0,0,0,0,0
r8C57BD7aDc,103,156.3,157.16,"Tu é Bruce 5, mano.",0,0,,,0,0,0,0,0,0,0,0
r8C57BD7aDc,104,157.42,158.8,"Tu pensa que esse casinho não tem calterinho, não?",0,0,,,0,0,0,0,0,0,0,0
r8C57BD7aDc,105,159.46,160.92,"Pode começar a banir essa merda aí, cara.",0,0,,,0,0,0,0,0,0,0,0
r8C57BD7aDc,106,161.0,161.4,Bani...,0,0,,,0,0,0,0,0,0,0,0
r8C57BD7aDc,107,161.4,162.08,"Cara, vamos lá.",0,0,,,0,0,0,0,0,0,0,0
r8C57BD7aDc,108,162.64,164.3,"Você é bani que vai se achar broken, beleza?",0,0,,,0,0,0,0,0,0,0,0
r8C57BD7aDc,109,164.52,165.5,Você é bani que vai se achar broken.,0,0,,,0,0,0,0,0,0,0,0
r8C57BD7aDc,110,166.02,168.38,"Mas se eu fosse você, eu baniria Zed, tá bom?",0,0,,,0,0,0,0,0,0,0,0
r8C57BD7aDc,111,168.56,171.0,"Zed é melhor, ban, mate mais quem tá falando, tá ligado?",0,0,,,0,0,0,0,0,0,0,0
r8C57BD7aDc,112,171.0,173.0,"Cara, eu...",0,0,,,0,0,0,0,0,0,0,0
r8C57BD7aDc,113,173.0,176.0,Acho que nos meus últimos 30 games eu caí contra dois Edges,0,0,,,0,0,0,0,0,0,0,0
r8C57BD7aDc,114,176.0,177.0,E eu ganhei dos dois,0,0,,,0,0,0,0,0,0,0,0
r8C57BD7aDc,115,177.0,179.0,"Não tô nem aí, barulho que eu tô mandando essa porra, foda-se",0,0,,,0,0,0,0,0,0,0,0
r8C57BD7aDc,116,179.0,181.0,Itaú Santos mandou dois reais,0,0,,,0,0,0,0,0,0,0,0
r8C57BD7aDc,117,181.0,185.0,"Ah, Filredin, você usa Caça Dolph, Nazadin e Filredin",0,0,,,0,0,0,0,0,0,0,0
r8C57BD7aDc,118,185.0,187.0,Esse é o seu nome de ícone?,0,0,,,0,0,0,0,0,0,0,0
r8C57BD7aDc,119,187.0,189.0,"Caralho, de página? Boa, mano, tá bom",1,1,caralho,sexual_degradante,0,0,1,0,0,0,0,0
r8C57BD7aDc,120,189.0,191.0,Então é isso então,0,0,,,0,0,0,0,0,0,0,0
r8C57BD7aDc,121,191.0,193.0,"Mostra sua runa aí, não quero ver o nome dessa página não",0,0,,,0,0,0,0,0,0,0,0
r8C57BD7aDc,122,193.0,195.0,"Fora sua página, mostra sua runa, cara",0,0,,,0,0,0,0,0,0,0,0
r8C57BD7aDc,123,195.0,197.0,"Ué, clica aí, porra",0,0,,,0,0,0,0,0,0,0,0
r8C57BD7aDc,124,197.0,198.0,Tá bom,0,0,,,0,0,0,0,0,0,0,0
r8C57BD7aDc,125,198.0,200.0,"Beleza, tá suave, tá ruim",0,0,,,0,0,0,0,0,0,0,0
r8C57BD7aDc,126,200.0,204.0,"Caralho, lá no clube do bronze, que legal, mano. Nunca vi esses ícones, cara. Beleza, bora.",1,1,caralho,sexual_degradante,0,0,1,0,0,0,0,0
r8C57BD7aDc,127,204.0,205.0,"Bora, bora, bora.",0,0,,,0,0,0,0,0,0,0,0
r8C57BD7aDc,128,205.0,208.0,"Cara, é o seguinte, esse meu coach aqui vai mudar a sua vida, beleza?",0,0,,,0,0,0,0,0,0,0,0
r8C57BD7aDc,129,208.0,211.0,"Esse é o coach que vai ser tipo assim, vai ter um antes e um depois, sim.",0,0,,,0,0,0,0,0,0,0,0
r8C57BD7aDc,130,211.0,214.0,"Vai ter o divisor de algo na sua vida, beleza?",0,0,,,0,0,0,0,0,0,0,0
r8C57BD7aDc,131,214.0,217.0,"Acabando com esse coach aqui, tu vai sentir diferença já, no seu mental, na sua vida, entendeu?",0,0,,,0,0,0,0,0,0,0,0
r8C57BD7aDc,132,217.0,219.0,E ó que marçal.,0,0,,,0,0,0,0,0,0,0,0
r8C57BD7aDc,133,219.0,220.0,"Tu beija muita mina, cara? Conta aí.",0,0,,,0,0,0,0,0,0,0,0
r8C57BD7aDc,134,220.0,221.0,"Não, pior que não.",0,0,,,0,0,0,0,0,0,0,0
r8C57BD7aDc,135,221.0,224.0,"Ah, então...",0,0,,,0,0,0,0,0,0,0,0
r8C57BD7aDc,136,224.0,227.0,"Ah, e por que você não beija muita mina, cara?",0,0,,,0,0,0,0,0,0,0,0
r8C57BD7aDc,137,227.0,228.0,Beleza.,0,0,,,0,0,0,0,0,0,0,0
r8C57BD7aDc,138,228.0,231.0,"Eu comecei a sair de casa a pouco tempo, Vianna.",0,0,,,0,0,0,0,0,0,0,0
r8C57BD7aDc,139,231.0,237.0,"E aí, quando eu saio de casa, eu vou numa resenha, alguma coisa assim.",0,0,,,0,0,0,0,0,0,0,0
r8C57BD7aDc,140,237.0,240.0,Eu bebo muito e apago no começo da festa.,0,0,,,0,0,0,0,0,0,0,0
r8C57BD7aDc,141,240.0,242.0,"Mano, tá, beleza, beleza.",0,0,,,0,0,0,0,0,0,0,0
r8C57BD7aDc,142,242.0,246.0,"Foca no game, então. Mulher não dá pra dar ele não, tá certo.",0,0,,,0,0,0,0,0,0,0,0
r8C57BD7aDc,143,246.0,251.0,"Uma coisa interessante nessa matchup é que seu Q é para o E dele, tá ligado? Não sei se você sabe.",0,0,,,0,0,0,0,0,0,0,0
r8C57BD7aDc,144,251.0,253.0,Como assim?,0,0,,,0,0,0,0,0,0,0,0
r8C57BD7aDc,145,253.0,257.0,"Quando tiver carregando o E, você tampa o seu Q, você é para o E dele, tá ligado?",0,0,,,0,0,0,0,0,0,0,0
r8C57BD7aDc,146,257.0,260.12,"dele, tá ligado? Interessante. Obrigado. Tipo assim, é bom",0,0,,,0,0,0,0,0,0,0,0
r8C57BD7aDc,147,260.12,262.94,você tentar taimar assim quando acontecer. Não parece bronze,0,0,,,0,0,0,0,0,0,0,0
r8C57BD7aDc,148,262.94,264.68,"não, por isso que bronze é pior mano, por isso que bronze nem",0,0,,,0,0,0,0,0,0,0,0
r8C57BD7aDc,149,264.68,271.1,"conseguiu andar, tá ligado? Ah tem muita tem muito cara eu vi",0,0,,,0,0,0,0,0,0,0,0
r8C57BD7aDc,150,271.1,273.92,uma live tua que tu falou que pra sair do é só comprar um,0,0,,,0,0,0,0,0,0,0,0
r8C57BD7aDc,151,273.92,276.68,mouse isso aqui sei lá véi. Tu comprou? Esse cara vende,0,0,,,0,0,0,0,0,0,0,0
r8C57BD7aDc,152,276.68,278.84,"monitora, eu comprei, eu comprei, isso aqui não vende",0,0,,,0,0,0,0,0,0,0,0
r8C57BD7aDc,153,278.84,281.06,"monitora, né? Diferente de algumas pessoas. Caralho, tu",1,1,caralho,sexual_degradante,0,0,1,0,0,0,0,0
r8C57BD7aDc,154,281.06,284.42,"nasceu errado então, deu merda. Então, bora, bora,",0,0,,,0,0,0,0,0,0,0,0
r8C57BD7aDc,155,284.42,285.42,"bora focar, bora focar aí.",0,0,,,0,0,0,0,0,0,0,0
r8C57BD7aDc,156,285.42,286.42,Hmm.,0,0,,,0,0,0,0,0,0,0,0
r8C57BD7aDc,157,286.42,287.42,"Ele fez com que eu acesse isso aí, mano.",0,0,,,0,0,0,0,0,0,0,0
r8C57BD7aDc,158,287.42,289.42,"Só vai farmando suave aí, tá suave, tá vendo?",0,0,,,0,0,0,0,0,0,0,0
r8C57BD7aDc,159,289.42,292.42,"Cara, o que eu tento fazer geralmente é pegar...",0,0,,,0,0,0,0,0,0,0,0
r8C57BD7aDc,160,292.42,293.42,"Puta, perdi a catapa.",1,1,puta,xingamentos_genero,0,0,0,0,1,0,0,0
r8C57BD7aDc,161,293.42,296.42,Tentar pegar seis e dar o máximo de bomba impossível.,0,0,,,0,0,0,0,0,0,0,0
r8C57BD7aDc,162,296.42,298.42,"É, é um bom playstyle, também faz isso.",0,0,,,0,0,0,0,0,0,0,0
r8C57BD7aDc,163,298.42,299.42,"Boa, bom negócio de tentar.",0,0,,,0,0,0,0,0,0,0,0
r8C57BD7aDc,164,299.42,300.42,"Um alpha já tá, um alpha.",0,0,,,0,0,0,0,0,0,0,0
r8C57BD7aDc,165,300.42,301.42,Beleza.,0,0,,,0,0,0,0,0,0,0,0
r8C57BD7aDc,166,301.42,302.42,Aí você builda a roupa?,0,0,,,0,0,0,0,0,0,0,0
r8C57BD7aDc,167,302.42,303.42,Como funciona sua build?,0,0,,,0,0,0,0,0,0,0,0
r8C57BD7aDc,168,303.42,309.42,"Ah, eu malevolência, seraph, quando eu tô forte eu faço um ejai.",0,0,,,0,0,0,0,0,0,0,0
r8C57BD7aDc,169,309.42,311.42,"Beleza, tá certo, bicho, tá certinho.",0,0,,,0,0,0,0,0,0,0,0
r8C57BD7aDc,170,311.42,313.42,"Cara, o teu mapa é bem pequeno, mano.",0,0,,,0,0,0,0,0,0,0,0
r8C57BD7aDc,171,313.42,315.42,"O meu mapa é bem pequeno, mano.",0,0,,,0,0,0,0,0,0,0,0
r8C57BD7aDc,172,315.42,317.42,"Mas isso é preferência, tá ligado?",0,0,,,0,0,0,0,0,0,0,0
r8C57BD7aDc,173,317.42,319.42,Mas tipo assim...,0,0,,,0,0,0,0,0,0,0,0
r8C57BD7aDc,174,319.42,321.42,É que quando eu comecei a jogar...,0,0,,,0,0,0,0,0,0,0,0
r8C57BD7aDc,175,321.42,323.42,"É preferência, preferência.",0,0,,,0,0,0,0,0,0,0,0
r8C57BD7aDc,176,323.42,325.42,Eu me explicava muito no mapa.,0,0,,,0,0,0,0,0,0,0,0
r8C57BD7aDc,177,325.42,327.42,E aí eu acabava andando errado e morria muito.,0,0,,,0,0,0,0,0,0,0,0
r8C57BD7aDc,178,327.42,329.42,Aí eu deixei no mínimo e acostumei.,0,0,,,0,0,0,0,0,0,0,0
r8C57BD7aDc,179,329.42,331.42,Eu deixei o mapa no mínimo já tem uns 5 anos.,0,0,,,0,0,0,0,0,0,0,0
r8C57BD7aDc,180,331.42,333.42,"Ah, isso é questão de costume.",0,0,,,0,0,0,0,0,0,0,0
r8C57BD7aDc,181,333.42,335.42,É interessante você dar B com esse,0,0,,,0,0,0,0,0,0,0,0
r8C57BD7aDc,182,335.42,337.42,"800 de gold, Castalinho, geralmente.",0,0,,,0,0,0,0,0,0,0,0
r8C57BD7aDc,183,337.42,339.42,Porque aí você compra...,0,0,,,0,0,0,0,0,0,0,0
r8C57BD7aDc,184,339.42,341.42,"Aham, sim. Porque se você trazer muito seu B",0,0,,,0,0,0,0,0,0,0,0
r8C57BD7aDc,185,341.42,342.84,Você traz muito sua gota,0,0,,,0,0,0,0,0,0,0,0
r8C57BD7aDc,186,342.84,343.66,E você não vai conseguir,0,0,,,0,0,0,0,0,0,0,0
r8C57BD7aDc,187,343.66,344.68,Estar com ela tão cedo na partida,0,0,,,0,0,0,0,0,0,0,0
r8C57BD7aDc,188,344.68,344.94,Tá ligado?,0,0,,,0,0,0,0,0,0,0,0
r8C57BD7aDc,189,345.12,346.04,"Mano, o cara não tá na sua linha",0,0,,,0,0,0,0,0,0,0,0
r8C57BD7aDc,190,346.04,346.58,"Você puxa, pô",0,0,,,0,0,0,0,0,0,0,0
r8C57BD7aDc,191,346.58,346.82,Isso,0,0,,,0,0,0,0,0,0,0,0
r8C57BD7aDc,192,346.82,347.5,Aí você vai rotar,0,0,,,0,0,0,0,0,0,0,0
r8C57BD7aDc,193,347.5,348.04,"Isso, boa aí mesmo",0,0,,,0,0,0,0,0,0,0,0
r8C57BD7aDc,194,348.04,349.04,"Puxou, você ganhou tempo",0,0,,,0,0,0,0,0,0,0,0
r8C57BD7aDc,195,349.04,349.48,Vai rotar,0,0,,,0,0,0,0,0,0,0,0
r8C57BD7aDc,196,349.48,351.26,"Ó, você tem uma ward",0,0,,,0,0,0,0,0,0,0,0
r8C57BD7aDc,197,351.26,353.36,Ela pode,0,0,,,0,0,0,0,0,0,0,0
r8C57BD7aDc,198,353.36,353.96,Ela rota no bot,0,0,,,0,0,0,0,0,0,0,0
r8C57BD7aDc,199,353.96,354.26,Por quê?,0,0,,,0,0,0,0,0,0,0,0
r8C57BD7aDc,200,354.3,355.76,"Não tá vendo o HP do cara, pô",0,0,,,0,0,0,0,0,0,0,0
r8C57BD7aDc,201,355.76,355.94,Não,0,0,,,0,0,0,0,0,0,0,0
r8C57BD7aDc,202,355.94,357.22,Volta pro mid,0,0,,,0,0,0,0,0,0,0,0
r8C57BD7aDc,203,357.22,357.68,Volta pro mid,0,0,,,0,0,0,0,0,0,0,0
r8C57BD7aDc,204,357.68,358.24,Volta pro mid,0,0,,,0,0,0,0,0,0,0,0
r8C57BD7aDc,205,358.24,359.86,"Ó, por exemplo, mano",0,0,,,0,0,0,0,0,0,0,0
r8C57BD7aDc,206,359.86,361.16,Uma coisa que eu acabei de perceber,0,0,,,0,0,0,0,0,0,0,0
r8C57BD7aDc,207,361.16,362.36,Quando você for rotar,0,0,,,0,0,0,0,0,0,0,0
r8C57BD7aDc,208,362.36,362.92,Descansadinho,0,0,,,0,0,0,0,0,0,0,0
r8C57BD7aDc,209,362.92,363.62,Você tem que ter ela,0,0,,,0,0,0,0,0,0,0,0
r8C57BD7aDc,210,363.62,364.2,Nas suas plays,0,0,,,0,0,0,0,0,0,0,0
r8C57BD7aDc,211,364.2,365.38,O cara tá full vida,0,0,,,0,0,0,0,0,0,0,0
r8C57BD7aDc,212,365.38,366.38,Então você não vai matar o cara,0,0,,,0,0,0,0,0,0,0,0
r8C57BD7aDc,213,366.38,367.22,"Você mata pra além, entendeu?",0,0,,,0,0,0,0,0,0,0,0
r8C57BD7aDc,214,367.74,368.38,Antes de ter ela,0,0,,,0,0,0,0,0,0,0,0
r8C57BD7aDc,215,368.38,370.62,"Ah, antes de você ir na play, tem que ter lá a play pra saber o que tá acontecendo.",0,0,,,0,0,0,0,0,0,0,0
r8C57BD7aDc,216,370.72,371.02,Tem que ter lá.,0,0,,,0,0,0,0,0,0,0,0
r8C57BD7aDc,217,371.06,371.78,"É o cara de center, né?",0,0,,,0,0,0,0,0,0,0,0
r8C57BD7aDc,218,371.78,372.36,Tem que ter lá mais.,0,0,,,0,0,0,0,0,0,0,0
r8C57BD7aDc,219,372.82,376.26,"Eu vou, eu vou, pode deixar que eu anoto tudo aqui e depois eu mando na sua DM.",0,0,,,0,0,0,0,0,0,0,0
r8C57BD7aDc,220,376.6,378.44,"Porque se eu falar, né, calma aqui, tu vai esquecer depois, né?",0,0,,,0,0,0,0,0,0,0,0
r8C57BD7aDc,221,378.46,378.8,Já me disse.,0,0,,,0,0,0,0,0,0,0,0
r8C57BD7aDc,222,379.32,381.1,"Ó, mano, ele fica na sua torce, é com ele.",0,0,,,0,0,0,0,0,0,0,0
r8C57BD7aDc,223,381.24,382.12,"É R e N, pô.",0,0,,,0,0,0,0,0,0,0,0
r8C57BD7aDc,224,383.16,387.92,"Ó, mano, o Vladimir ficando no, é, na sua, embaixo da sua torce, dá...",0,0,,,0,0,0,0,0,0,0,0
r8C57BD7aDc,225,387.92,389.08,"Aí, você faz isso aí com ele, pô.",0,0,,,0,0,0,0,0,0,0,0
r8C57BD7aDc,226,389.2,389.9,"Ele lutou, boa.",0,0,,,0,0,0,0,0,0,0,0
r8C57BD7aDc,227,391.36,392.5,"Depois eu tiro ele, mano, da sua vez.",0,0,,,0,0,0,0,0,0,0,0
r8C57BD7aDc,228,392.54,393.74,"Ó, ó, ó o Kled pingando.",0,0,,,0,0,0,0,0,0,0,0
r8C57BD7aDc,229,394.78,395.62,"Que mid, mano.",0,0,,,0,0,0,0,0,0,0,0
r8C57BD7aDc,230,395.76,396.38,"Tá sem, ó.",0,0,,,0,0,0,0,0,0,0,0
r8C57BD7aDc,231,396.38,399.0,"Troca ele, troca ele, troca, troca",0,0,,,0,0,0,0,0,0,0,0
r8C57BD7aDc,232,399.0,400.08,"Boa, você mata ele, vai",0,0,,,0,0,0,0,0,0,0,0
r8C57BD7aDc,233,400.08,402.76,"Isso, boa, moleque, boa, boa",0,0,,,0,0,0,0,0,0,0,0
r8C57BD7aDc,234,402.76,404.3,Boa,0,0,,,0,0,0,0,0,0,0,0
r8C57BD7aDc,235,404.3,406.7,"É isso aí, mano, aí você vai puxar full, padrão",0,0,,,0,0,0,0,0,0,0,0
r8C57BD7aDc,236,406.7,407.96,"O cara morreu, você puxa full",0,0,,,0,0,0,0,0,0,0,0
r8C57BD7aDc,237,407.96,410.8,"Não, não, não, agora já era",0,0,,,0,0,0,0,0,0,0,0
r8C57BD7aDc,238,410.8,412.14,"Tipo assim, mano, vamos lá, vamos lá",0,0,,,0,0,0,0,0,0,0,0
r8C57BD7aDc,239,412.14,415.0,"Agora é sobre eficiência de gold, tá ligado",0,0,,,0,0,0,0,0,0,0,0
r8C57BD7aDc,240,415.0,415.54,"Olha aqui, mano",0,0,,,0,0,0,0,0,0,0,0
r8C57BD7aDc,241,415.54,418.84,"Você tinha 300 de gold, você podia comprar uma bota",0,0,,,0,0,0,0,0,0,0,0
r8C57BD7aDc,242,418.84,420.3,"Em vez de comprar a bota, você comprou essa porra",0,0,,,0,0,0,0,0,0,0,0
r8C57BD7aDc,243,420.3,422.9,"Esse partido brilhante é podre, cara, é podre, é podre",0,0,,,0,0,0,0,0,0,0,0
r8C57BD7aDc,244,422.9,424.52,De caçadinho nos seus recais,0,0,,,0,0,0,0,0,0,0,0
r8C57BD7aDc,245,424.52,426.96,"Você vai querer, vai chamar o Levonense, isso é óbvio",0,0,,,0,0,0,0,0,0,0,0
r8C57BD7aDc,246,426.96,428.86,Mas se você tiver 300 de gold,0,0,,,0,0,0,0,0,0,0,0
r8C57BD7aDc,247,428.86,430.16,"Sobrando, compra a bota, entendeu?",0,0,,,0,0,0,0,0,0,0,0
r8C57BD7aDc,248,430.3,431.62,"Em vez de comprar essa porra aí, entendeu?",0,0,,,0,0,0,0,0,0,0,0
r8C57BD7aDc,249,433.24,434.4,Partiu que o brilhante é podre,0,0,,,0,0,0,0,0,0,0,0
r8C57BD7aDc,250,434.4,436.36,"Se nem tem esse, o negócio é um nicho",0,0,,,0,0,0,0,0,0,0,0
r8C57BD7aDc,251,436.36,437.78,"Horrível, o negócio judaico, podre",0,0,,,0,0,0,0,0,0,0,0
r8C57BD7aDc,252,437.78,439.26,"Bota é mil vezes melhor, entendeu?",0,0,,,0,0,0,0,0,0,0,0
r8C57BD7aDc,253,440.56,441.38,"Por exemplo, mano",0,0,,,0,0,0,0,0,0,0,0
r8C57BD7aDc,254,441.38,445.04,"Você comprou esse item, você viu com 200 de gold",0,0,,,0,0,0,0,0,0,0,0
r8C57BD7aDc,255,445.04,445.46,Sobrando,0,0,,,0,0,0,0,0,0,0,0
r8C57BD7aDc,256,445.46,448.52,"Então você tá basicamente meia kill atrás dele, entendeu?",0,0,,,0,0,0,0,0,0,0,0
r8C57BD7aDc,257,448.76,450.76,"Porque você fez um recado, você fez uma compra meia merda",0,0,,,0,0,0,0,0,0,0,0
r8C57BD7aDc,258,450.76,452.78,E você treina com Vladimir agora,0,0,,,0,0,0,0,0,0,0,0
r8C57BD7aDc,259,452.78,454.74,"Porque ele tá sem 1, tá ligado? Aproveita isso aí, mano",0,0,,,0,0,0,0,0,0,0,0
r8C57BD7aDc,260,454.74,456.76,"Não agora, não agora, deixa que a menina que você",0,0,,,0,0,0,0,0,0,0,0
r8C57BD7aDc,261,456.76,458.06,"Você não ficou aqui agora, tá no CD",0,0,,,0,0,0,0,0,0,0,0
r8C57BD7aDc,262,458.06,461.18,"Ó, usou o bagulho dele, pode treinar, mano",0,0,,,0,0,0,0,0,0,0,0
r8C57BD7aDc,263,461.18,462.94,Treinou errado de caçadinho,0,0,,,0,0,0,0,0,0,0,0
r8C57BD7aDc,264,462.94,464.92,"Não utou ele, você não pegou o rei",0,0,,,0,0,0,0,0,0,0,0
r8C57BD7aDc,265,464.92,466.0,"Seu R nele, tá bom",0,0,,,0,0,0,0,0,0,0,0
r8C57BD7aDc,266,466.0,468.8,"Não leva o Q dele agora, sai",0,0,,,0,0,0,0,0,0,0,0
r8C57BD7aDc,267,468.8,469.46,Não leva,0,0,,,0,0,0,0,0,0,0,0
r8C57BD7aDc,268,469.46,472.78,Agora deu merda,0,0,,,0,0,0,0,0,0,0,0
r8C57BD7aDc,269,472.78,475.16,"Beleza, sai",0,0,,,0,0,0,0,0,0,0,0
r8C57BD7aDc,270,475.16,477.0,"Pode botar, pode botar de feixe, não",0,0,,,0,0,0,0,0,0,0,0
r8C57BD7aDc,271,477.0,479.1,"Pode botar essa merda aí, ó, beleza",0,0,,,0,0,0,0,0,0,0,0
r8C57BD7aDc,272,479.1,480.94,"Deixa ele usar o seu Q dele, treina",0,0,,,0,0,0,0,0,0,0,0
r8C57BD7aDc,273,480.94,482.54,"Ó, o Maceio chegando, treina, treina, treina",0,0,,,0,0,0,0,0,0,0,0
r8C57BD7aDc,274,482.54,484.28,Bom,0,0,,,0,0,0,0,0,0,0,0
r8C57BD7aDc,275,484.28,485.54,"Você morre, você morre",0,0,,,0,0,0,0,0,0,0,0
r8C57BD7aDc,276,485.54,485.94,"Sai daí, sai daí",0,0,,,0,0,0,0,0,0,0,0
r8C57BD7aDc,277,485.94,487.04,"Você morre, você morre",0,0,,,0,0,0,0,0,0,0,0
r8C57BD7aDc,278,487.04,488.0,"Ultra pra trás, ultra pra trás",0,0,,,0,0,0,0,0,0,0,0
r8C57BD7aDc,279,488.0,489.82,"Boa, boa, boa, boa",0,0,,,0,0,0,0,0,0,0,0
r8C57BD7aDc,280,489.82,490.56,"Isso aí, gasta o ult dele",0,0,,,0,0,0,0,0,0,0,0
r8C57BD7aDc,281,490.56,491.34,Olha o que é dele,0,0,,,0,0,0,0,0,0,0,0
r8C57BD7aDc,282,491.34,493.16,Boa,0,0,,,0,0,0,0,0,0,0,0
r8C57BD7aDc,283,493.16,493.62,Você mata,0,0,,,0,0,0,0,0,0,0,0
r8C57BD7aDc,284,493.62,496.38,Dá um R aí,0,0,,,0,0,0,0,0,0,0,0
r8C57BD7aDc,285,496.38,496.94,Você se mata não,0,0,,,0,0,0,0,0,0,0,0
r8C57BD7aDc,286,496.94,498.1,"É, mata não, mata não",0,0,,,0,0,0,0,0,0,0,0
r8C57BD7aDc,287,498.1,498.66,Você fica,0,0,,,0,0,0,0,0,0,0,0
r8C57BD7aDc,288,498.66,499.44,Pode dar recall agora,0,0,,,0,0,0,0,0,0,0,0
r8C57BD7aDc,289,499.44,500.02,Dá recall agora,0,0,,,0,0,0,0,0,0,0,0
r8C57BD7aDc,290,500.02,501.04,Começa na B,0,0,,,0,0,0,0,0,0,0,0
r8C57BD7aDc,291,501.04,502.52,"Começa na B, sim, sim",0,0,,,0,0,0,0,0,0,0,0
r8C57BD7aDc,292,502.52,503.18,"Porque, por exemplo",0,0,,,0,0,0,0,0,0,0,0
r8C57BD7aDc,293,503.18,503.88,Olha a sua vida,0,0,,,0,0,0,0,0,0,0,0
r8C57BD7aDc,294,503.88,504.74,Olha a vida dele,0,0,,,0,0,0,0,0,0,0,0
r8C57BD7aDc,295,504.74,506.04,"Ele vai ter Sand Lane, tá ligado?",0,0,,,0,0,0,0,0,0,0,0
r8C57BD7aDc,296,506.52,507.1,Então você fica aí,0,0,,,0,0,0,0,0,0,0,0
r8C57BD7aDc,297,507.1,507.54,Você vai die,0,0,,,0,0,0,0,0,0,0,0
r8C57BD7aDc,298,507.54,508.7,Melhor dar B mesmo,0,0,,,0,0,0,0,0,0,0,0
r8C57BD7aDc,299,508.7,509.32,Beleza?,0,0,,,0,0,0,0,0,0,0,0
r8C57BD7aDc,300,510.84,511.54,Ele vai ter a posse,0,0,,,0,0,0,0,0,0,0,0
r8C57BD7aDc,301,511.54,512.4,"De sua mistura, né?",0,0,,,0,0,0,0,0,0,0,0
r8C57BD7aDc,302,512.54,513.32,"Sim, sim.",0,0,,,0,0,0,0,0,0,0,0
r8C57BD7aDc,303,513.72,517.06,"Aqui não vale a pena comprar capa, não?",0,0,,,0,0,0,0,0,0,0,0
r8C57BD7aDc,304,517.7,518.0,Não.,0,0,,,0,0,0,0,0,0,0,0
r8C57BD7aDc,305,518.12,518.82,Que compra capa?,0,0,,,0,0,0,0,0,0,0,0
r8C57BD7aDc,306,518.92,521.12,"Você é fanboy, capa, caçadinha, MR, você vai lá?",0,0,,,0,0,0,0,0,0,0,0
r8C57BD7aDc,307,522.62,522.82,Ué?,0,0,,,0,0,0,0,0,0,0,0
r8C57BD7aDc,308,523.46,524.24,"Ué, aperta a tab.",0,0,,,0,0,0,0,0,0,0,0
r8C57BD7aDc,309,524.46,524.8,"Ué, MR?",0,0,,,0,0,0,0,0,0,0,0
r8C57BD7aDc,310,525.2,525.68,"É, Ué, MR?",0,0,,,0,0,0,0,0,0,0,0
r8C57BD7aDc,311,526.0,526.88,"Não, por aqui compra capa.",0,0,,,0,0,0,0,0,0,0,0
r8C57BD7aDc,312,526.92,528.6,"Não, você não compra capa de caçadinha, não, cara.",0,0,,,0,0,0,0,0,0,0,0
r8C57BD7aDc,313,529.1,532.28,"Mano, você só abriu o bot de MR quando tem full AP lá.",0,0,,,0,0,0,0,0,0,0,0
r8C57BD7aDc,314,532.82,534.18,"Se não for o caso, você bota de dano, tá ligado?",0,0,,,0,0,0,0,0,0,0,0
r8C57BD7aDc,315,534.6,535.46,Sai da base.,0,0,,,0,0,0,0,0,0,0,0
r8C57BD7aDc,316,535.58,536.94,Uto nega de caçadinha você da base.,0,0,,,0,0,0,0,0,0,0,0
r8C57BD7aDc,317,537.04,537.96,"Você sai mais rápido da base, beleza?",0,0,,,0,0,0,0,0,0,0,0
r8C57BD7aDc,318,538.56,539.4,Aí você ganha tempo.,0,0,,,0,0,0,0,0,0,0,0
r8C57BD7aDc,319,539.7,540.48,Usa o R na wave.,0,0,,,0,0,0,0,0,0,0,0
r8C57BD7aDc,320,540.9,542.48,"Mano, o cara deu B, você puxa full, tá ligado?",0,0,,,0,0,0,0,0,0,0,0
r8C57BD7aDc,321,542.54,543.3,"Usa a R na wave, Zulu.",0,0,,,0,0,0,0,0,0,0,0
r8C57BD7aDc,322,544.06,544.54,"Boa, boa.",0,0,,,0,0,0,0,0,0,0,0
r8C57BD7aDc,323,544.98,545.7,"Ó, tela bot.",0,0,,,0,0,0,0,0,0,0,0
r8C57BD7aDc,324,545.82,546.56,"Vai bot, vai bot.",0,0,,,0,0,0,0,0,0,0,0
r8C57BD7aDc,325,546.66,547.0,Tela bot.,0,0,,,0,0,0,0,0,0,0,0
r8C57BD7aDc,326,547.12,548.16,"Pode descer bot, pode descer bot.",0,0,,,0,0,0,0,0,0,0,0
r8C57BD7aDc,327,550.97,551.55,Flash da Vayne.,0,0,,,0,0,0,0,0,0,0,0
r8C57BD7aDc,328,552.09,552.57,"Beleza, mano.",0,0,,,0,0,0,0,0,0,0,0
r8C57BD7aDc,329,553.17,553.87,Tano vai telando bot.,0,0,,,0,0,0,0,0,0,0,0
r8C57BD7aDc,330,553.93,554.29,"Isso aí, mano.",0,0,,,0,0,0,0,0,0,0,0
r8C57BD7aDc,331,554.29,555.59,"Quando você voltar, você vai telando, mano.",0,0,,,0,0,0,0,0,0,0,0
r8C57BD7aDc,332,556.07,556.99,"Ó, você tem a R em flash.",0,0,,,0,0,0,0,0,0,0,0
r8C57BD7aDc,333,557.15,558.51,"Pode ir o Tano, pode ir o Tano, pode ir o Tano.",0,0,,,0,0,0,0,0,0,0,0
r8C57BD7aDc,334,558.61,559.19,Tá com...,0,0,,,0,0,0,0,0,0,0,0
r8C57BD7aDc,335,559.19,560.01,"Pode ir o Tano, pode ir o Tano.",0,0,,,0,0,0,0,0,0,0,0
r8C57BD7aDc,336,561.57,561.99,"Ó, uma...",0,0,,,0,0,0,0,0,0,0,0
r8C57BD7aDc,337,561.99,562.65,"Ó, vamos lá, então.",0,0,,,0,0,0,0,0,0,0,0
r8C57BD7aDc,338,563.21,564.21,"Você tem a R em flash aí, beleza?",0,0,,,0,0,0,0,0,0,0,0
r8C57BD7aDc,339,564.53,565.39,A Vayne traça muito aí.,0,0,,,0,0,0,0,0,0,0,0
r8C57BD7aDc,340,566.07,566.79,Essa Vayne...,0,0,,,0,0,0,0,0,0,0,0
r8C57BD7aDc,341,566.79,567.75,"Aí, aí, aí, aí, aí, aí.",0,0,,,0,0,0,0,0,0,0,0
r8C57BD7aDc,342,569.25,570.07,"Tá bom, tá bom.",0,0,,,0,0,0,0,0,0,0,0
r8C57BD7aDc,343,570.07,576.91,"bota um foda da B, da B, da B, da B, da B, da B, da B, da B, da B, da B, da B, B, B, B.",0,0,,,0,0,0,0,0,0,0,0
r8C57BD7aDc,344,577.05,581.57,Eu compro qualquer merda aí.,0,0,,,0,0,0,0,0,0,0,0
r8C57BD7aDc,345,582.91,585.57,"Volta andando aí, volta andando.",0,0,,,0,0,0,0,0,0,0,0
r8C57BD7aDc,346,585.57,587.17,"Ah, deixa clicado.",0,0,,,0,0,0,0,0,0,0,0
r8C57BD7aDc,347,587.17,592.99,"Tipo assim, aonde você tem PAS tem que ter lá, porque aonde você faz qualquer play",0,0,,,0,0,0,0,0,0,0,0
r8C57BD7aDc,348,592.99,593.99,no jogo tem que ter lá.,0,0,,,0,0,0,0,0,0,0,0
r8C57BD7aDc,349,593.99,595.47,"Você não pode fazer play sem ter lá, tá ligado?",0,0,,,0,0,0,0,0,0,0,0
r8C57BD7aDc,350,595.47,598.65,"Tem dois minions aí, eu vou pegar dois minions, tá bom?",0,0,,,0,0,0,0,0,0,0,0
r8C57BD7aDc,351,598.65,600.51,"Puxa full! Puxa full, porra! Puxa full!",0,0,,,0,0,0,0,0,0,0,0
r8C57BD7aDc,352,601.25,602.97,"Mano, se o cara não tá na sua lane, você puxa.",0,0,,,0,0,0,0,0,0,0,0
r8C57BD7aDc,353,603.13,603.65,É muito simples.,0,0,,,0,0,0,0,0,0,0,0
r8C57BD7aDc,354,604.33,605.21,Caça mid lane assim.,0,0,,,0,0,0,0,0,0,0,0
r8C57BD7aDc,355,605.65,607.91,"Cara, não existe frisar mid lane de caçadinho.",0,0,,,0,0,0,0,0,0,0,0
r8C57BD7aDc,356,608.15,609.49,Pega a barricada! Pega a barricada!,0,0,,,0,0,0,0,0,0,0,0
r8C57BD7aDc,357,609.73,611.13,"O cara tá na lane, pega a barricada!",0,0,,,0,0,0,0,0,0,0,0
r8C57BD7aDc,358,611.87,612.71,"Mano, é o seguinte, ó.",0,0,,,0,0,0,0,0,0,0,0
r8C57BD7aDc,359,612.71,613.21,"É o seguinte, ó.",0,0,,,0,0,0,0,0,0,0,0
r8C57BD7aDc,360,614.23,617.27,Não existe o termo frisar pra caçadinho.,0,0,,,0,0,0,0,0,0,0,0
r8C57BD7aDc,361,617.37,619.89,"Se você tem a oportunidade de puxar ele, você puxa sempre.",0,0,,,0,0,0,0,0,0,0,0
r8C57BD7aDc,362,620.29,620.61,Tá ligado?,0,0,,,0,0,0,0,0,0,0,0
r8C57BD7aDc,363,621.03,622.15,Aí você vai tomar uma decisão.,0,0,,,0,0,0,0,0,0,0,0
r8C57BD7aDc,364,622.81,624.67,"Ó, o Belém tá com essa caça, você ganha dele, mano.",0,0,,,0,0,0,0,0,0,0,0
r8C57BD7aDc,365,624.69,625.55,Falta tanto canção de dano.,0,0,,,0,0,0,0,0,0,0,0
r8C57BD7aDc,366,626.23,628.63,"Mano, o Vlad me trouxe na sua lane.",0,0,,,0,0,0,0,0,0,0,0
r8C57BD7aDc,367,628.65,630.03,"na frente com essa casa, você tem que treinar com ele, ó.",0,0,,,0,0,0,0,0,0,0,0
r8C57BD7aDc,368,630.57,632.17,"Ah, vou ensaiar um conceito pra você, mano.",0,0,,,0,0,0,0,0,0,0,0
r8C57BD7aDc,369,633.53,634.41,Você pega e treina com ele agora.,0,0,,,0,0,0,0,0,0,0,0
r8C57BD7aDc,370,634.89,636.39,É melhor você tentar não. Não treina agora.,0,0,,,0,0,0,0,0,0,0,0
r8C57BD7aDc,371,636.67,638.57,"Devolver o Q é muito, mano, é muito ruim você levar o Q",0,0,,,0,0,0,0,0,0,0,0
r8C57BD7aDc,372,638.57,639.81,"na rede dele assim. Não faz isso, né, bucho?",0,0,,,0,0,0,0,0,0,0,0
r8C57BD7aDc,373,640.71,642.89,"Tá bom. Ó, eu ensaio o conceito",0,0,,,0,0,0,0,0,0,0,0
r8C57BD7aDc,374,642.89,644.79,"pra você de mid lane, ó. Puxa full. Tá rotando.",0,0,,,0,0,0,0,0,0,0,0
r8C57BD7aDc,375,645.47,646.39,Anda reto aí. Puxa.,0,0,,,0,0,0,0,0,0,0,0
r8C57BD7aDc,376,646.39,648.35,E R na wave. E R. Desce bot.,0,0,,,0,0,0,0,0,0,0,0
r8C57BD7aDc,377,648.51,650.21,Desce bot. Ele tá descendo o bot. Desce bot.,0,0,,,0,0,0,0,0,0,0,0
r8C57BD7aDc,378,650.27,652.11,"Acompanha ele. E pinga já, tá ligado?",0,0,,,0,0,0,0,0,0,0,0
r8C57BD7aDc,379,652.41,653.79,"Desce bot. Voltando, voltando, voltando.",0,0,,,0,0,0,0,0,0,0,0
r8C57BD7aDc,380,655.69,656.53,Também se pegou uma QI.,0,0,,,0,0,0,0,0,0,0,0
r8C57BD7aDc,381,656.73,657.41,"Bota, bota.",0,0,,,0,0,0,0,0,0,0,0
r8C57BD7aDc,382,657.41,658.91,"Você pode ir, bota também",0,0,,,0,0,0,0,0,0,0,0
r8C57BD7aDc,383,658.91,661.59,"Beleza, boa, vai lutando",0,0,,,0,0,0,0,0,0,0,0
r8C57BD7aDc,384,661.59,663.71,Você mata aquela Vayne ali,0,0,,,0,0,0,0,0,0,0,0
r8C57BD7aDc,385,663.71,665.23,"Foca a Vayne, aí, foca a Vayne",0,0,,,0,0,0,0,0,0,0,0
r8C57BD7aDc,386,665.23,667.47,"Boa, boa, moleque, boa",0,0,,,0,0,0,0,0,0,0,0
r8C57BD7aDc,387,667.47,669.61,Foca o Vladimir,0,0,,,0,0,0,0,0,0,0,0
r8C57BD7aDc,388,669.61,671.37,"Vai, boa, isso, moleque",0,0,,,0,0,0,0,0,0,0,0
r8C57BD7aDc,389,671.37,672.29,"Boa, moleque, boa",0,0,,,0,0,0,0,0,0,0,0
r8C57BD7aDc,390,672.29,675.01,"Dá B, dá B, tá com 1500 de gol, dá B",0,0,,,0,0,0,0,0,0,0,0
r8C57BD7aDc,391,675.01,677.95,"Na referência, vou ensinar o contexto de caçadinha",0,0,,,0,0,0,0,0,0,0,0
r8C57BD7aDc,392,677.95,679.53,Você tá errando bastante aqui,0,0,,,0,0,0,0,0,0,0,0
r8C57BD7aDc,393,679.53,681.67,"Bastante não, mas não será comum de errar",0,0,,,0,0,0,0,0,0,0,0
r8C57BD7aDc,394,681.67,684.25,"Se você tem oportunidade de puxar ele, você puxa",0,0,,,0,0,0,0,0,0,0,0
r8C57BD7aDc,395,684.25,685.83,É o Tonexo,0,0,,,0,0,0,0,0,0,0,0
r8C57BD7aDc,396,685.83,687.25,"O Tonexo, caralho",1,1,caralho,sexual_degradante,0,0,1,0,0,0,0,0
r8C57BD7aDc,397,687.25,689.41,"3 vezes já, ult o nexus, tá bom?",0,0,,,0,0,0,0,0,0,0,0
r8C57BD7aDc,398,689.85,691.27,"O próximo recado, eu não vou falar nada",0,0,,,0,0,0,0,0,0,0,0
r8C57BD7aDc,399,691.27,692.35,Última vez que eu te dou,0,0,,,0,0,0,0,0,0,0,0
r8C57BD7aDc,400,692.35,695.19,"O próximo recado, eu vou te dar essa porra de nexus aí, mano, tá louco?",0,0,,,0,0,0,0,0,0,0,0
r8C57BD7aDc,401,695.69,696.85,Eu já acho que é caçadinho,0,0,,,0,0,0,0,0,0,0,0
r8C57BD7aDc,402,696.85,698.97,"Todo recado meu, ult o nexus, mano",0,0,,,0,0,0,0,0,0,0,0
r8C57BD7aDc,403,698.97,701.43,"Ult a porra do nexus, tá ligado? O próximo recado, eu não vou falar mais nada",0,0,,,0,0,0,0,0,0,0,0
r8C57BD7aDc,404,701.43,703.89,"Última vez que eu te dou, ult a porra de nexus aí, mano",0,0,,,0,0,0,0,0,0,0,0
r8C57BD7aDc,405,703.89,705.99,"Caralho, esse caçadinho é manco, essa merda, mano",1,1,caralho,sexual_degradante,0,0,1,0,0,0,0,0
r8C57BD7aDc,406,705.99,707.03,Puxa a wave,0,0,,,0,0,0,0,0,0,0,0
r8C57BD7aDc,407,707.03,708.87,"Puxa a wave, puxa a wave",0,0,,,0,0,0,0,0,0,0,0
r8C57BD7aDc,408,708.87,711.79,"Boa, tem dano agora, pode lidar com ele",0,0,,,0,0,0,0,0,0,0,0
r8C57BD7aDc,409,711.79,712.77,"Dá só, dá só",0,0,,,0,0,0,0,0,0,0,0
r8C57BD7aDc,410,712.77,715.05,"Não, tá bom, dá só",0,0,,,0,0,0,0,0,0,0,0
r8C57BD7aDc,411,715.05,747.82,"rota, rota, puxou eu roto, puxou você não fica parado no mid, beleza, vai atelar bot, guarda aí, você tem ward, vai atelar no bot, tô vendo o que tá acontecendo, tem o que, tem cigano, tem bot de cristal, aí, boa, free kill, vai lutando, vai lutando, boa, boa, isso aí moleque, isso aí, olha o nativo atrás de você, você ganha isso aí, joga isso aí, joga isso aí, vem, luta ela, luta ela, luta ela, só sai daí talvez,",0,0,,,0,0,0,0,0,0,0,0
r8C57BD7aDc,412,747.82,749.44,"Voltar, na real, você mata ela",0,0,,,0,0,0,0,0,0,0,0
r8C57BD7aDc,413,749.44,750.76,"Boa, moleque, boa",0,0,,,0,0,0,0,0,0,0,0
r8C57BD7aDc,414,750.76,751.96,"Usa o Q, usa o Q",0,0,,,0,0,0,0,0,0,0,0
r8C57BD7aDc,415,751.96,752.9,"Boa, ulti pra trás",0,0,,,0,0,0,0,0,0,0,0
r8C57BD7aDc,416,752.9,753.46,"Boa, boa",0,0,,,0,0,0,0,0,0,0,0
r8C57BD7aDc,417,753.46,754.84,"Usa o Q, cancela",0,0,,,0,0,0,0,0,0,0,0
r8C57BD7aDc,418,754.84,756.78,"Mano, usa o Q, dá shield mágico, mano",0,0,,,0,0,0,0,0,0,0,0
r8C57BD7aDc,419,756.78,758.04,O Vladimir tá melee com você ali,0,0,,,0,0,0,0,0,0,0,0
r8C57BD7aDc,420,758.04,758.48,Combando você,0,0,,,0,0,0,0,0,0,0,0
r8C57BD7aDc,421,758.48,759.68,"Usa o Q nele pra tankar, pô",0,0,,,0,0,0,0,0,0,0,0
r8C57BD7aDc,422,759.68,760.52,"Pô, dá B, isso aí",0,0,,,0,0,0,0,0,0,0,0
r8C57BD7aDc,423,760.52,761.0,"Boa, moleque",0,0,,,0,0,0,0,0,0,0,0
r8C57BD7aDc,424,761.0,763.4,"Tá bom, você tá jogando bem",0,0,,,0,0,0,0,0,0,0,0
r8C57BD7aDc,425,763.4,765.22,"Fala nada agora, fala nada",0,0,,,0,0,0,0,0,0,0,0
r8C57BD7aDc,426,765.22,768.72,"Não, não, volta",0,0,,,0,0,0,0,0,0,0,0
r8C57BD7aDc,427,768.72,769.86,"Volta, volta",0,0,,,0,0,0,0,0,0,0,0
r8C57BD7aDc,428,769.86,771.02,"Não, dá B, dá B, dá B",0,0,,,0,0,0,0,0,0,0,0
r8C57BD7aDc,429,771.02,772.3,Pula esse nexus aí,0,0,,,0,0,0,0,0,0,0,0
r8C57BD7aDc,430,772.3,773.92,"Não, volta andando",0,0,,,0,0,0,0,0,0,0,0
r8C57BD7aDc,431,773.92,774.94,Pula esse nexus aí,0,0,,,0,0,0,0,0,0,0,0
r8C57BD7aDc,432,774.94,775.16,Vai,0,0,,,0,0,0,0,0,0,0,0
r8C57BD7aDc,433,775.16,776.82,"Não, sai da base",0,0,,,0,0,0,0,0,0,0,0
r8C57BD7aDc,434,776.82,777.36,Desde o início,0,0,,,0,0,0,0,0,0,0,0
r8C57BD7aDc,435,777.36,778.98,"Não, volta rapaz aí",0,0,,,0,0,0,0,0,0,0,0
r8C57BD7aDc,436,778.98,779.54,"Vai, você anda a base",0,0,,,0,0,0,0,0,0,0,0
r8C57BD7aDc,437,779.54,780.14,"Vai, ult o Nexo",0,0,,,0,0,0,0,0,0,0,0
r8C57BD7aDc,438,780.14,781.92,"Vai, anda no ult esse Nexo aí",0,0,,,0,0,0,0,0,0,0,0
r8C57BD7aDc,439,781.92,782.8,Vai andando,0,0,,,0,0,0,0,0,0,0,0
r8C57BD7aDc,440,782.8,783.24,Vai andando,0,0,,,0,0,0,0,0,0,0,0
r8C57BD7aDc,441,783.24,784.12,"Ah, sim, cara",0,0,,,0,0,0,0,0,0,0,0
r8C57BD7aDc,442,784.12,785.12,"Não dá, Nexo",0,0,,,0,0,0,0,0,0,0,0
r8C57BD7aDc,443,785.12,788.24,"Põe essa bola cristal rosa na sua frente, viado",1,1,viado,homofobia_misoginia,0,0,0,0,0,1,0,0
r8C57BD7aDc,444,788.24,788.72,Isso,0,0,,,0,0,0,0,0,0,0,0
r8C57BD7aDc,445,788.72,790.8,Você vai sair da base e vai fazer isso aí,0,0,,,0,0,0,0,0,0,0,0
r8C57BD7aDc,446,790.8,791.84,Você vai sair da base andando,0,0,,,0,0,0,0,0,0,0,0
r8C57BD7aDc,447,791.84,792.84,Põe essa bola cristal rosa,0,0,,,0,0,0,0,0,0,0,0
r8C57BD7aDc,448,792.84,793.56,De igual imensa,0,0,,,0,0,0,0,0,0,0,0
r8C57BD7aDc,449,793.56,794.74,"Um beijo na sua frente, cara",0,0,,,0,0,0,0,0,0,0,0
r8C57BD7aDc,450,794.74,796.34,"Você vai fazer essa merda aí, mano",0,0,,,0,0,0,0,0,0,0,0
r8C57BD7aDc,451,796.34,797.54,Tá bom,0,0,,,0,0,0,0,0,0,0,0
r8C57BD7aDc,452,797.54,798.64,"Você vai fazer isso aí, tá bom",0,0,,,0,0,0,0,0,0,0,0
r8C57BD7aDc,453,798.64,799.5,Vai dar um mal no treino,0,0,,,0,0,0,0,0,0,0,0
r8C57BD7aDc,454,799.5,800.74,Vai ficar ultindo essa bola aí,0,0,,,0,0,0,0,0,0,0,0
r8C57BD7aDc,455,800.74,801.76,Tem dragão,0,0,,,0,0,0,0,0,0,0,0
r8C57BD7aDc,456,801.76,802.56,Você tá treinando dragão,0,0,,,0,0,0,0,0,0,0,0
r8C57BD7aDc,457,802.56,803.28,Vou reto?,0,0,,,0,0,0,0,0,0,0,0
r8C57BD7aDc,458,803.68,804.34,Vou reto ou puxo hoje?,0,0,,,0,0,0,0,0,0,0,0
r8C57BD7aDc,459,804.64,805.36,"Pode ir reto, pode ir reto",0,0,,,0,0,0,0,0,0,0,0
r8C57BD7aDc,460,805.36,806.48,"Pode ir reto, pode ir reto",0,0,,,0,0,0,0,0,0,0,0
r8C57BD7aDc,461,806.48,807.34,"Pô, sei lá, pode.",0,0,,,0,0,0,0,0,0,0,0
r8C57BD7aDc,462,807.56,808.06,"Tanto faz, né?",0,0,,,0,0,0,0,0,0,0,0
r8C57BD7aDc,463,808.16,808.82,"É muito reto, hein?",0,0,,,0,0,0,0,0,0,0,0
r8C57BD7aDc,464,809.52,810.8,"Realmente reto é mirando as plays, tá ligado?",0,0,,,0,0,0,0,0,0,0,0
r8C57BD7aDc,465,811.32,812.96,"Não vai entrando seco em nenhum debilóide, não.",0,0,,,0,0,0,0,0,0,0,0
r8C57BD7aDc,466,813.02,813.52,Deixa o Master entrar.,0,0,,,0,0,0,0,0,0,0,0
r8C57BD7aDc,467,813.7,813.98,Boa.,0,0,,,0,0,0,0,0,0,0,0
r8C57BD7aDc,468,814.38,814.62,Aí.,0,0,,,0,0,0,0,0,0,0,0
r8C57BD7aDc,469,815.1,815.92,"Pode entrar, pode entrar.",0,0,,,0,0,0,0,0,0,0,0
r8C57BD7aDc,470,816.56,817.0,"Boa, moleque.",0,0,,,0,0,0,0,0,0,0,0
r8C57BD7aDc,471,817.08,817.54,"Viu isso aí, mano?",0,0,,,0,0,0,0,0,0,0,0
r8C57BD7aDc,472,818.56,819.04,Então vai lutando.,0,0,,,0,0,0,0,0,0,0,0
r8C57BD7aDc,473,819.1,819.66,"Dá chance, dá chance.",0,0,,,0,0,0,0,0,0,0,0
r8C57BD7aDc,474,819.74,820.3,"O moleque é bom, dá chance.",0,0,,,0,0,0,0,0,0,0,0
r8C57BD7aDc,475,820.86,821.56,Vai lutando todo mundo aí.,0,0,,,0,0,0,0,0,0,0,0
r8C57BD7aDc,476,821.72,822.46,"É, mata todo mundo aí.",0,0,,,0,0,0,0,0,0,0,0
r8C57BD7aDc,477,822.7,822.9,Isso aí.,0,0,,,0,0,0,0,0,0,0,0
r8C57BD7aDc,478,824.26,824.92,Vai lutando sem parar.,0,0,,,0,0,0,0,0,0,0,0
r8C57BD7aDc,479,825.76,826.04,Boa.,0,0,,,0,0,0,0,0,0,0,0
r8C57BD7aDc,480,826.16,826.54,Vai lutando.,0,0,,,0,0,0,0,0,0,0,0
r8C57BD7aDc,481,826.6,827.26,"Fica lutando aí, mano.",0,0,,,0,0,0,0,0,0,0,0
r8C57BD7aDc,482,828.16,828.48,Mas...,0,0,,,0,0,0,0,0,0,0,0
r8C57BD7aDc,483,828.48,828.98,"Isso aí, moleque.",0,0,,,0,0,0,0,0,0,0,0
r8C57BD7aDc,484,829.12,829.4,"Boa, boa.",0,0,,,0,0,0,0,0,0,0,0
r8C57BD7aDc,485,831.83,832.11,Puta.,1,1,puta,xingamentos_genero,0,0,0,0,1,0,0,0
r8C57BD7aDc,486,832.39,833.27,"Feita essa vibe, mano.",0,0,,,0,0,0,0,0,0,0,0
r8C57BD7aDc,487,833.27,835.55,"Não, jogou bem, jogou bem, jogou bem, tá só.",0,0,,,0,0,0,0,0,0,0,0
r8C57BD7aDc,488,837.31,837.75,Acabou a mana.,0,0,,,0,0,0,0,0,0,0,0
r8C57BD7aDc,489,838.41,839.11,"Você mata ele aí, mano.",0,0,,,0,0,0,0,0,0,0,0
r8C57BD7aDc,490,839.21,840.31,"Boa, moleque, isso aí, mano.",0,0,,,0,0,0,0,0,0,0,0
r8C57BD7aDc,491,840.49,841.77,"Puxa, sua wave aí, puxa sua wave aí, pô.",0,0,,,0,0,0,0,0,0,0,0
r8C57BD7aDc,492,841.79,843.27,"Luta essa wave, pega a wave inteira pra você, mano.",0,0,,,0,0,0,0,0,0,0,0
r8C57BD7aDc,493,843.85,845.65,"Tira esse podre, pega sua wave, pega sua wave aí, mano.",0,0,,,0,0,0,0,0,0,0,0
r8C57BD7aDc,494,845.73,846.37,Pega sua wave aí.,0,0,,,0,0,0,0,0,0,0,0
r8C57BD7aDc,495,847.39,848.33,"Isso aí, boa, negocio.",0,0,,,0,0,0,0,0,0,0,0
r8C57BD7aDc,496,848.37,849.31,"Dá beijo, dá beijudo, dá beijudo.",0,0,,,0,0,0,0,0,0,0,0
r8C57BD7aDc,497,849.41,849.67,"Boa, boa.",0,0,,,0,0,0,0,0,0,0,0
r8C57BD7aDc,498,850.43,851.77,"Tô lutando bem, tô lutando bem com esse adinho, mano.",0,0,,,0,0,0,0,0,0,0,0
r8C57BD7aDc,499,852.05,853.19,"Cara, tu vai lutar essa bola, essa bola rosa.",0,0,,,0,0,0,0,0,0,0,0
r8C57BD7aDc,500,853.19,853.91,O que eu faço? Chegou a jogada.,0,0,,,0,0,0,0,0,0,0,0
r8C57BD7aDc,501,854.07,855.71,"Tu vai lutar essa bola rosa, eu quero ver.",0,0,,,0,0,0,0,0,0,0,0
r8C57BD7aDc,502,857.96,859.04,"Tá bom, você deu um delay.",0,0,,,0,0,0,0,0,0,0,0
r8C57BD7aDc,503,859.04,864.28,"Beleza, boa, boa, boa, conseguiu, deu um delayzinho, ele ficou meio paradinho, mas beleza, conseguiu",0,0,,,0,0,0,0,0,0,0,0
r8C57BD7aDc,504,864.28,866.52,"Tá fazendo o que no midi? Vai, vai, Aralto",0,0,,,0,0,0,0,0,0,0,0
r8C57BD7aDc,505,866.52,869.86,"Você não pode ficar parado no midi, olha aí, ó, vem passando na sua frente, mano",0,0,,,0,0,0,0,0,0,0,0
r8C57BD7aDc,506,869.86,877.1,"Ó, você puxou, olha aqui, esse é o conceito básico, você puxou nele, o cara vai responder essa wave, então você tem tempo na frente dele",0,0,,,0,0,0,0,0,0,0,0
r8C57BD7aDc,507,877.1,882.26,"Você não pode ficar meio de parado, nem que você anda bot, na top, volta, mas não fica parado, entendeu?",0,0,,,0,0,0,0,0,0,0,0
r8C57BD7aDc,508,883.76,886.14,"Tem jeito, as caras vão puxar essa porra forte",0,0,,,0,0,0,0,0,0,0,0
r8C57BD7aDc,509,886.14,888.28,"É, você vai ter que responder wave, vai responder wave, tá ligado?",0,0,,,0,0,0,0,0,0,0,0
r8C57BD7aDc,510,889.04,891.62,"E daí com essa mana, mano",0,0,,,0,0,0,0,0,0,0,0
r8C57BD7aDc,511,891.62,893.86,"Olha a Mel aí, olha a Mel",0,0,,,0,0,0,0,0,0,0,0
r8C57BD7aDc,512,893.86,894.3,Olha o mapa,0,0,,,0,0,0,0,0,0,0,0
r8C57BD7aDc,513,894.3,896.1,"O mapa aí, olha a Mel chegando",0,0,,,0,0,0,0,0,0,0,0
r8C57BD7aDc,514,896.1,897.92,"Compre ele, mano",0,0,,,0,0,0,0,0,0,0,0
r8C57BD7aDc,515,897.92,899.86,"Ele transforma a gente, você ganha dele, pô",0,0,,,0,0,0,0,0,0,0,0
r8C57BD7aDc,516,899.86,902.1,"Vai, a Mel chegando",0,0,,,0,0,0,0,0,0,0,0
r8C57BD7aDc,517,902.1,903.84,"Andando pra trás, pra trás de quê?",0,0,,,0,0,0,0,0,0,0,0
r8C57BD7aDc,518,903.9,904.48,"Tá bom, tá só",0,0,,,0,0,0,0,0,0,0,0
r8C57BD7aDc,519,904.48,906.6,É em flash? É em flash? Vai!,0,0,,,0,0,0,0,0,0,0,0
r8C57BD7aDc,520,907.46,908.8,"Você não tá dando em flash não, mano",0,0,,,0,0,0,0,0,0,0,0
r8C57BD7aDc,521,908.8,912.38,"Pode ir entrando, pode",0,0,,,0,0,0,0,0,0,0,0
r8C57BD7aDc,522,912.38,913.62,"Beleza, beleza, tá só",0,0,,,0,0,0,0,0,0,0,0
r8C57BD7aDc,523,913.62,916.3,"Boa, beleza, gastou o flash",0,0,,,0,0,0,0,0,0,0,0
r8C57BD7aDc,524,916.3,917.62,"Boa, negudo, boa, boa, boa",0,0,,,0,0,0,0,0,0,0,0
r8C57BD7aDc,525,917.62,919.72,"Agora é o seguinte, ó, ó, ó",0,0,,,0,0,0,0,0,0,0,0
r8C57BD7aDc,526,919.72,920.48,"Dá B, dá B",0,0,,,0,0,0,0,0,0,0,0
r8C57BD7aDc,527,920.48,922.36,"Dá B, dá B, dá B, dá B",0,0,,,0,0,0,0,0,0,0,0
r8C57BD7aDc,528,922.36,926.12,"Olha aqui, passou a lane face, vai pra side",0,0,,,0,0,0,0,0,0,0,0
r8C57BD7aDc,529,926.12,927.82,Pinga pra seu MF burro e midia,0,0,,,0,0,0,0,0,0,0,0
r8C57BD7aDc,530,927.82,929.28,Esse debilode burro,0,0,,,0,0,0,0,0,0,0,0
r8C57BD7aDc,531,929.28,931.74,"Puxa o wave agora aí, puxa o wave agora aí",0,0,,,0,0,0,0,0,0,0,0
r8C57BD7aDc,532,931.74,933.22,Puxa o wave,0,0,,,0,0,0,0,0,0,0,0
r8C57BD7aDc,533,933.22,935.36,"Beleza, puxa aí, dá B",0,0,,,0,0,0,0,0,0,0,0
r8C57BD7aDc,534,935.36,937.4,"Olha, aconteceu o seguinte aí, mano",0,0,,,0,0,0,0,0,0,0,0
r8C57BD7aDc,535,937.4,939.28,"Olha o que acontece com você agora, a sua lane face acabou",0,0,,,0,0,0,0,0,0,0,0
r8C57BD7aDc,536,939.28,940.56,Você vai pra side,0,0,,,0,0,0,0,0,0,0,0
r8C57BD7aDc,537,940.56,942.52,"Caralho! Tá bom, o Geizão tá",1,1,caralho,sexual_degradante,0,0,1,0,0,0,0,0
r8C57BD7aDc,538,942.52,944.26,"Beleza, parou seu B",0,0,,,0,0,0,0,0,0,0,0
r8C57BD7aDc,539,944.26,946.62,"Seu B tá meio estranho, tá",0,0,,,0,0,0,0,0,0,0,0
r8C57BD7aDc,540,946.62,948.84,"Tela, mas o boneco aí",0,0,,,0,0,0,0,0,0,0,0
r8C57BD7aDc,541,948.84,951.24,"Tá pra trás, tá pra trás",0,0,,,0,0,0,0,0,0,0,0
r8C57BD7aDc,542,951.24,952.7,"Rápido, rápido, rápido",0,0,,,0,0,0,0,0,0,0,0
r8C57BD7aDc,543,952.7,955.2,"Beleza, de elemental você tem pra cacete",0,0,,,0,0,0,0,0,0,0,0
r8C57BD7aDc,544,955.2,955.96,Mas não morreu,0,0,,,0,0,0,0,0,0,0,0
r8C57BD7aDc,545,955.96,957.96,Último atrás!,0,0,,,0,0,0,0,0,0,0,0
r8C57BD7aDc,546,959.14,960.38,"Caralho, tá bom, tá bom",1,1,caralho,sexual_degradante,0,0,1,0,0,0,0,0
r8C57BD7aDc,547,960.38,962.66,"Foi uma coisa de surpresa, tá bom",0,0,,,0,0,0,0,0,0,0,0
r8C57BD7aDc,548,962.66,964.18,"Tá bom, Zaya e Lázaro, beleza",0,0,,,0,0,0,0,0,0,0,0
r8C57BD7aDc,549,964.18,967.52,"Mano, olha o que aconteceu com você agora",0,0,,,0,0,0,0,0,0,0,0
r8C57BD7aDc,550,967.52,968.64,A Lênin fez e acabou,0,0,,,0,0,0,0,0,0,0,0
r8C57BD7aDc,551,968.64,970.5,"A Lênin fez e acabou, você não vai ficar mid",0,0,,,0,0,0,0,0,0,0,0
r8C57BD7aDc,552,970.5,972.24,"Que nem Aran não, cara, você vai pra side, entendeu?",0,0,,,0,0,0,0,0,0,0,0
r8C57BD7aDc,553,972.4,974.58,"Então joga mid, pra side, entendeu?",0,0,,,0,0,0,0,0,0,0,0
r8C57BD7aDc,554,974.58,975.9,Então você vai sair da base,0,0,,,0,0,0,0,0,0,0,0
r8C57BD7aDc,555,975.9,977.64,"Ultando essa porra, esse nexo seu aí",0,0,,,0,0,0,0,0,0,0,0
r8C57BD7aDc,556,977.64,978.74,"E vai pra side, tá bom?",0,0,,,0,0,0,0,0,0,0,0
r8C57BD7aDc,557,979.1,981.0,"Saúde, caçadinha e bem merda, cara",0,0,,,0,0,0,0,0,0,0,0
r8C57BD7aDc,558,981.0,982.08,"Ult, vai",0,0,,,0,0,0,0,0,0,0,0
r8C57BD7aDc,559,982.08,982.8,"Ó, ó, boa",0,0,,,0,0,0,0,0,0,0,0
r8C57BD7aDc,560,982.8,983.5,Freak e o Nazaré,0,0,,,0,0,0,0,0,0,0,0
r8C57BD7aDc,561,983.5,984.0,Pode ir reto,0,0,,,0,0,0,0,0,0,0,0
r8C57BD7aDc,562,984.0,985.08,Ult essa parede gigante,0,0,,,0,0,0,0,0,0,0,0
r8C57BD7aDc,563,985.08,985.78,"Tá bom, vai reto",0,0,,,0,0,0,0,0,0,0,0
r8C57BD7aDc,564,985.78,986.36,"Ali, ali",0,0,,,0,0,0,0,0,0,0,0
r8C57BD7aDc,565,986.36,987.6,Ult essa parede,0,0,,,0,0,0,0,0,0,0,0
r8C57BD7aDc,566,987.6,989.82,"Ult ela, ult ela",0,0,,,0,0,0,0,0,0,0,0
r8C57BD7aDc,567,989.82,990.86,"Traz ela, traz ela",0,0,,,0,0,0,0,0,0,0,0
r8C57BD7aDc,568,990.86,991.72,"Boa, boa",0,0,,,0,0,0,0,0,0,0,0
r8C57BD7aDc,569,991.72,993.6,"Ult ela de novo, ult ela de novo",0,0,,,0,0,0,0,0,0,0,0
r8C57BD7aDc,570,993.6,995.02,"Usou ele, usou ele, usou ele",0,0,,,0,0,0,0,0,0,0,0
r8C57BD7aDc,571,995.02,995.92,Puta que pariu,1,1,puta,xingamentos_genero,0,0,0,0,1,0,0,0
r8C57BD7aDc,572,995.92,996.88,"Tá bom, tá suave, tá suave",0,0,,,0,0,0,0,0,0,0,0
r8C57BD7aDc,573,996.88,998.62,"Dá B, dá B",0,0,,,0,0,0,0,0,0,0,0
r8C57BD7aDc,574,998.62,999.22,Olha a sua vida,0,0,,,0,0,0,0,0,0,0,0
r8C57BD7aDc,575,999.22,1000.5,"Olha a sua vida, B",0,0,,,0,0,0,0,0,0,0,0
r8C57BD7aDc,576,1000.5,1001.52,"Olha a sua vida, dá B",0,0,,,0,0,0,0,0,0,0,0
r8C57BD7aDc,577,1001.52,1003.94,"Tem TP, fica atirando play",0,0,,,0,0,0,0,0,0,0,0
r8C57BD7aDc,578,1003.94,1009.72,"Você vai botar essa boss negra de novo, tá?",0,0,,,0,0,0,0,0,0,0,0
r8C57BD7aDc,579,1010.02,1011.02,E você vai pro top agora,0,0,,,0,0,0,0,0,0,0,0
r8C57BD7aDc,580,1011.02,1012.4,Tá bom,0,0,,,0,0,0,0,0,0,0,0
r8C57BD7aDc,581,1012.4,1013.28,"Eu não sei, vai pro...",0,0,,,0,0,0,0,0,0,0,0
r8C57BD7aDc,582,1013.28,1013.88,"Não sei, seu velho",0,0,,,0,0,0,0,0,0,0,0
r8C57BD7aDc,583,1013.88,1016.12,Não sei como é que funciona esse...,0,0,,,0,0,0,0,0,0,0,0
r8C57BD7aDc,584,1016.12,1019.48,"O pessoal vai querer fazer dragão, velho",0,0,,,0,0,0,0,0,0,0,0
r8C57BD7aDc,585,1019.48,1020.4,"Não, o Favelei, o Favelei",0,0,,,0,0,0,0,0,0,0,0
r8C57BD7aDc,586,1020.4,1021.76,"Ó o bot, bateu pra bot",0,0,,,0,0,0,0,0,0,0,0
r8C57BD7aDc,587,1021.76,1023.0,Subiu e caiu o T2,0,0,,,0,0,0,0,0,0,0,0
r8C57BD7aDc,588,1023.0,1024.04,Tepa aí!,0,0,,,0,0,0,0,0,0,0,0
r8C57BD7aDc,589,1024.36,1024.72,Tepa!,0,0,,,0,0,0,0,0,0,0,0
r8C57BD7aDc,590,1026.0,1027.72,"BP seu por isso é um pouco melhor, mas você vai ganhar",0,0,,,0,0,0,0,0,0,0,0
r8C57BD7aDc,591,1027.72,1028.6,Ó o Maceio chegando,0,0,,,0,0,0,0,0,0,0,0
r8C57BD7aDc,592,1028.6,1029.22,Eu mato os dois,0,0,,,0,0,0,0,0,0,0,0
r8C57BD7aDc,593,1029.22,1030.64,"Vai lutando, vai lutando",0,0,,,0,0,0,0,0,0,0,0
r8C57BD7aDc,594,1030.64,1032.02,"Mano, você tem que chegar na play com isso",0,0,,,0,0,0,0,0,0,0,0
r8C57BD7aDc,595,1032.02,1032.9,"Mata ele, mata ele",0,0,,,0,0,0,0,0,0,0,0
r8C57BD7aDc,596,1032.9,1043.14,"EFLASH EFLASH CARALHO VOCÊ NÃO CEDEI A EFLASH COM A SADINHA NÃO, OLHA ATRÁS DE VOCÊ, VAI SE MATAR ELA",1,1,caralho,sexual_degradante,0,0,1,0,0,0,0,0
r8C57BD7aDc,597,1043.14,1046.14,Eu comecei a jogar EFLASH com a sadinha essa feira cara,0,0,,,0,0,0,0,0,0,0,0
r8C57BD7aDc,598,1046.14,1047.14,CEDEI A EFLASH COM A SADINHA?,0,0,,,0,0,0,0,0,0,0,0
r8C57BD7aDc,599,1047.14,1052.14,"Não, eu comecei e não tem nenhuma semana que eu jogo com a sadinha, não tem nenhuma semana que eu comecei a jogar com a boneca",0,0,,,0,0,0,0,0,0,0,0
r8C57BD7aDc,600,1052.14,1055.14,"Ah então beleza então, vai luta só em vez, vai prender a EFLASH",0,0,,,0,0,0,0,0,0,0,0
r8C57BD7aDc,601,1055.14,1060.14,"Não lembro se você lutou a bola, aí, vai nessa play, vai lutando, vai lutando essa play",0,0,,,0,0,0,0,0,0,0,0
r8C57BD7aDc,602,1060.14,1070.31,"Isso aí, boa mulher. Olha o mira aí na side. Por que você deu um B? Por que você não me dá B? Fala pra mim, tô perdendo um wave aí, tá aí.",0,0,,,0,0,0,0,0,0,0,0
r8C57BD7aDc,603,1071.31,1073.31,Eu ia descer reto no bot.,0,0,,,0,0,0,0,0,0,0,0
r8C57BD7aDc,604,1074.31,1078.31,"Mas primeiro você pega ele, depois você vai reto no bot, entendeu? Agora você dá B.",0,0,,,0,0,0,0,0,0,0,0
r8C57BD7aDc,605,1079.31,1082.31,"Mano, fica aí e vai puxar o seu M bot aí. Puxa o top, quer dizer, puxa o top aí.",0,0,,,0,0,0,0,0,0,0,0
r8C57BD7aDc,606,1083.31,1087.31,"Eu falei pra você ir bot, só que até você chegar lá você perdeu o M inteiro, tá ligado? Puxa o M top aí, tá suave, tá suave.",0,0,,,0,0,0,0,0,0,0,0
r8C57BD7aDc,607,1087.31,1099.09,"sobe. Cuidado, muda pra trás. Você tem C, né? Vira dela, vira dela, vira dela. Você tem chute da C, vira dela, vai virar dela, se não mata, ela não te mata não. Ai, meu Deus, tá bom, foi close, foi close, foi close.",0,0,,,0,0,0,0,0,0,0,0
r8C57BD7aDc,608,1099.75,1112.11,"Eu podia derrubar um pouquinho antes, mas tá bom, tá bom. Ah! Esquece, vai, tá bom, vai pegar as cartas, olha, olha a saia, se estuprar com a saia, vai na saia, vai na saia, usa a saia, isso, calma, joga slow,",0,0,,,0,0,0,0,0,0,0,0
r8C57BD7aDc,609,1112.11,1114.11,Boa!,0,0,,,0,0,0,0,0,0,0,0
r8C57BD7aDc,610,1116.53,1118.53,"Buonas! Buonas! Ah não, eu não uso zoom nela.",0,0,,,0,0,0,0,0,0,0,0
r8C57BD7aDc,611,1118.53,1120.53,"Eu gravelei, eu fui perceber agora que o bot tá ali.",0,0,,,0,0,0,0,0,0,0,0
r8C57BD7aDc,612,1120.53,1122.53,Tudo bem.,0,0,,,0,0,0,0,0,0,0,0
r8C57BD7aDc,613,1122.53,1125.53,Tu usa zoom nessa merda aí mesmo? Usa zoom neles aí?,0,0,,,0,0,0,0,0,0,0,0
r8C57BD7aDc,614,1125.53,1127.53,"Sim, sim. No botão do mouse.",0,0,,,0,0,0,0,0,0,0,0
r8C57BD7aDc,615,1127.53,1129.53,"Puxa, Fu! Puxa mais uma wave! Puxa essa wave aí!",0,0,,,0,0,0,0,0,0,0,0
r8C57BD7aDc,616,1129.53,1132.95,"Isso! Ah, tá bom, eu não consigo avançar pra você.",0,0,,,0,0,0,0,0,0,0,0
r8C57BD7aDc,617,1132.95,1134.95,"Pedi pra você sacar sua wave na base, mas tá bom.",0,0,,,0,0,0,0,0,0,0,0
r8C57BD7aDc,618,1134.95,1137.37,"Isso! Joga essa fight aí, joga essa fight. Free fight, mano.",0,0,,,0,0,0,0,0,0,0,0
r8C57BD7aDc,619,1137.37,1139.37,"Não, joga... Tá muito... Mano.",0,0,,,0,0,0,0,0,0,0,0
r8C57BD7aDc,620,1139.37,1141.55,"Seu campeão joga em flambo, tá ligado?",0,0,,,0,0,0,0,0,0,0,0
r8C57BD7aDc,621,1142.43,1144.19,"Você não joga fight andando reto assim não, mano.",0,0,,,0,0,0,0,0,0,0,0
r8C57BD7aDc,622,1144.81,1146.67,"Pegar fight, demora um pouquinho pra entrar na fight.",0,0,,,0,0,0,0,0,0,0,0
r8C57BD7aDc,623,1147.05,1148.19,"Seu campeão é um squish, é um assassino.",0,0,,,0,0,0,0,0,0,0,0
r8C57BD7aDc,624,1149.67,1150.15,"Boa, boa.",0,0,,,0,0,0,0,0,0,0,0
r8C57BD7aDc,625,1150.23,1150.81,Pegou até a cama.,0,0,,,0,0,0,0,0,0,0,0
r8C57BD7aDc,626,1150.91,1151.15,"Boa, negudo.",0,0,,,0,0,0,0,0,0,0,0
r8C57BD7aDc,627,1151.25,1151.39,Boa.,0,0,,,0,0,0,0,0,0,0,0
r8C57BD7aDc,628,1152.81,1153.33,Eu pulando ali?,0,0,,,0,0,0,0,0,0,0,0
r8C57BD7aDc,629,1154.01,1154.97,"Não, pulando ali não, cara.",0,0,,,0,0,0,0,0,0,0,0
r8C57BD7aDc,630,1155.27,1155.71,Ele já não tá aí.,0,0,,,0,0,0,0,0,0,0,0
r8C57BD7aDc,631,1155.75,1155.93,Você não mata ninguém.,0,0,,,0,0,0,0,0,0,0,0
r8C57BD7aDc,632,1155.93,1156.35,"Aí, eu já pulei.",0,0,,,0,0,0,0,0,0,0,0
r8C57BD7aDc,633,1157.35,1158.07,Vai seguir o assunto dele.,0,0,,,0,0,0,0,0,0,0,0
r8C57BD7aDc,634,1158.23,1158.45,Tá bom.,0,0,,,0,0,0,0,0,0,0,0
r8C57BD7aDc,635,1159.19,1159.61,Tá no meu lixo.,0,0,,,0,0,0,0,0,0,0,0
r8C57BD7aDc,636,1159.61,1160.41,Pera essa play.,0,0,,,0,0,0,0,0,0,0,0
r8C57BD7aDc,637,1160.53,1160.97,Pera essa play.,0,0,,,0,0,0,0,0,0,0,0
r8C57BD7aDc,638,1161.09,1161.37,Boa.,0,0,,,0,0,0,0,0,0,0,0
r8C57BD7aDc,639,1161.47,1161.97,Dá pra dar e vai.,0,0,,,0,0,0,0,0,0,0,0
r8C57BD7aDc,640,1162.07,1162.37,Você dá e vai.,0,0,,,0,0,0,0,0,0,0,0
r8C57BD7aDc,641,1162.81,1163.09,Não tem.,0,0,,,0,0,0,0,0,0,0,0
r8C57BD7aDc,642,1163.17,1163.43,Mata a gente.,0,0,,,0,0,0,0,0,0,0,0
r8C57BD7aDc,643,1163.51,1163.73,Não mata a gente.,0,0,,,0,0,0,0,0,0,0,0
r8C57BD7aDc,644,1163.85,1164.37,Não mata a gente.,0,0,,,0,0,0,0,0,0,0,0
r8C57BD7aDc,645,1165.29,1165.57,Não tem.,0,0,,,0,0,0,0,0,0,0,0
r8C57BD7aDc,646,1165.57,1168.21,Ai você morreu,0,0,,,0,0,0,0,0,0,0,0
r8C57BD7aDc,647,1168.21,1170.79,Ai meu Deus,0,0,,,0,0,0,0,0,0,0,0
r8C57BD7aDc,648,1170.79,1171.67,Ah para,0,0,,,0,0,0,0,0,0,0,0
r8C57BD7aDc,649,1171.67,1175.21,Tem flash,0,0,,,0,0,0,0,0,0,0,0
r8C57BD7aDc,650,1175.21,1179.03,Cara você não saber da R em flash,0,0,,,0,0,0,0,0,0,0,0
r8C57BD7aDc,651,1179.03,1179.69,Caçadinha,0,0,,,0,0,0,0,0,0,0,0
r8C57BD7aDc,652,1179.69,1181.17,Tá te limitando demais,0,0,,,0,0,0,0,0,0,0,0
r8C57BD7aDc,653,1181.17,1183.79,Como é que é o timing,0,0,,,0,0,0,0,0,0,0,0
r8C57BD7aDc,654,1183.79,1185.15,Cara é muito fácil,0,0,,,0,0,0,0,0,0,0,0
r8C57BD7aDc,655,1185.15,1186.49,É só você apertar R e depois flechar,0,0,,,0,0,0,0,0,0,0,0
r8C57BD7aDc,656,1186.49,1189.59,O seu R em flash vai no ponteiro e sua mão zitar,0,0,,,0,0,0,0,0,0,0,0
r8C57BD7aDc,657,1189.59,1192.21,Se você quiser o R em flash na Vayne,0,0,,,0,0,0,0,0,0,0,0
r8C57BD7aDc,658,1192.21,1194.11,Vai direcionar seu ponteiro na Vayne,0,0,,,0,0,0,0,0,0,0,0
r8C57BD7aDc,659,1194.11,1194.77,E apertar R em flash,0,0,,,0,0,0,0,0,0,0,0
r8C57BD7aDc,660,1194.77,1197.95,Vai apertar o R,0,0,,,0,0,0,0,0,0,0,0
r8C57BD7aDc,661,1197.95,1198.87,Depois você mete o flash,0,0,,,0,0,0,0,0,0,0,0
r8C57BD7aDc,662,1198.87,1201.65,E o R flash vai onde o seu ponteiro do seu mouse está,0,0,,,0,0,0,0,0,0,0,0
r8C57BD7aDc,663,1201.65,1203.79,"É tipo assim, é facinho",0,0,,,0,0,0,0,0,0,0,0
r8C57BD7aDc,664,1203.79,1206.03,Tu vai virar na V e na Zaya,0,0,,,0,0,0,0,0,0,0,0
r8C57BD7aDc,665,1206.03,1207.35,Olha a Zaya passando em você,0,0,,,0,0,0,0,0,0,0,0
r8C57BD7aDc,666,1207.35,1208.85,Vai pegar o alma,0,0,,,0,0,0,0,0,0,0,0
r8C57BD7aDc,667,1208.85,1213.91,"Tá bom, tá bom",0,0,,,0,0,0,0,0,0,0,0
r8C57BD7aDc,668,1213.91,1214.81,Você não viu a V,0,0,,,0,0,0,0,0,0,0,0
r8C57BD7aDc,669,1214.81,1216.71,"Ó mano, vamos ver",0,0,,,0,0,0,0,0,0,0,0
r8C57BD7aDc,670,1216.71,1221.07,O seu R não pode ser utilizado,0,0,,,0,0,0,0,0,0,0,0
r8C57BD7aDc,671,1221.07,1221.81,Dessa maneira que você tá usando,0,0,,,0,0,0,0,0,0,0,0
r8C57BD7aDc,672,1221.81,1224.33,O seu R tem que ser utilizado pra pegar no cara,0,0,,,0,0,0,0,0,0,0,0
r8C57BD7aDc,673,1224.33,1226.03,Você tá ultando o cara,0,0,,,0,0,0,0,0,0,0,0
r8C57BD7aDc,674,1226.03,1228.61,"Aí você fica melee com ele e você tá sem o R, entendeu?",0,0,,,0,0,0,0,0,0,0,0
r8C57BD7aDc,675,1228.97,1231.65,"O seu R tem que ser utilizado de forma que você dá dano no cara, entendeu?",0,0,,,0,0,0,0,0,0,0,0
r8C57BD7aDc,676,1232.23,1234.67,"Você ultou no cara, ficou melee com ele e ficou sem o R, pô.",0,0,,,0,0,0,0,0,0,0,0
r8C57BD7aDc,677,1234.79,1236.87,"O cara te supa você depois, entendeu?",0,0,,,0,0,0,0,0,0,0,0
r8C57BD7aDc,678,1238.87,1239.11,Sim.,0,0,,,0,0,0,0,0,0,0,0
r8C57BD7aDc,679,1240.37,1241.17,O cara te supa você depois.,0,0,,,0,0,0,0,0,0,0,0
r8C57BD7aDc,680,1241.29,1242.95,Eu vou ensinar um conceito pra você agora.,0,0,,,0,0,0,0,0,0,0,0
r8C57BD7aDc,681,1244.49,1245.93,"Você tá nessa side aí, certo?",0,0,,,0,0,0,0,0,0,0,0
r8C57BD7aDc,682,1247.09,1247.41,Certo.,0,0,,,0,0,0,0,0,0,0,0
r8C57BD7aDc,683,1247.75,1249.67,"E se o time dos caras fizer tabarro, o que tu faz?",0,0,,,0,0,0,0,0,0,0,0
r8C57BD7aDc,684,1250.53,1250.85,Oi?,0,0,,,0,0,0,0,0,0,0,0
r8C57BD7aDc,685,1251.55,1252.73,"Você tá nessa side aí, certo?",0,0,,,0,0,0,0,0,0,0,0
r8C57BD7aDc,686,1254.82,1255.14,Certo.,0,0,,,0,0,0,0,0,0,0,0
r8C57BD7aDc,687,1255.14,1264.96,o que você faz aí eu choro que eu falei aqui então você olha aqui quando você tem você pode fazer o,0,0,,,0,0,0,0,0,0,0,0
r8C57BD7aDc,688,1264.96,1271.22,que você fez com você tem tp-tp porque você até falar mas você não você não tem tp você você ia,0,0,,,0,0,0,0,0,0,0,0
r8C57BD7aDc,689,1271.22,1276.02,passar de top entendeu mas mas isso não foi o tão grande da você cometeu não porque o Clédio tem tp,0,0,,,0,0,0,0,0,0,0,0
r8C57BD7aDc,690,1276.02,1280.76,também então foda-se é bem bom tá bom roubado por isso que é que tá luta play e vou barulho,0,0,,,0,0,0,0,0,0,0,0
r8C57BD7aDc,691,1280.76,1284.76,"Eu espero que ele vai ficar top, talvez, eu não sabia que ele seria tão pedófilo assim.",0,0,,,0,0,0,0,0,0,0,0
r8C57BD7aDc,692,1284.76,1286.76,"Uta pra trás, pô.",0,0,,,0,0,0,0,0,0,0,0
r8C57BD7aDc,693,1286.76,1289.76,"Uta pra frente pra trás, então, é isso.",0,0,,,0,0,0,0,0,0,0,0
r8C57BD7aDc,694,1289.76,1291.76,Caralho!,1,1,caralho,sexual_degradante,0,0,1,0,0,0,0,0
r8C57BD7aDc,695,1291.76,1293.76,"Zônia, Zônia, Zônia, Zônia, Zônia, Zônia, Zônia!",0,0,,,0,0,0,0,0,0,0,0
r8C57BD7aDc,696,1293.76,1295.76,"Tá no 3, essa porra!",0,0,,,0,0,0,0,0,0,0,0
r8C57BD7aDc,697,1295.76,1297.76,"Tá bom, tá bom, tá bom.",0,0,,,0,0,0,0,0,0,0,0
r8C57BD7aDc,698,1297.76,1299.76,"Ok, ok, você não morreu.",0,0,,,0,0,0,0,0,0,0,0
r8C57BD7aDc,699,1299.76,1301.76,"Dá bem, dá bem, dá bem.",0,0,,,0,0,0,0,0,0,0,0
r8C57BD7aDc,700,1301.76,1303.76,"Bom negócio, bom negócio.",0,0,,,0,0,0,0,0,0,0,0
r8C57BD7aDc,701,1303.76,1305.76,"Tá muito distante da play, onde você tá?",0,0,,,0,0,0,0,0,0,0,0
r8C57BD7aDc,702,1305.76,1307.76,"Onde você tá? Calma, mano. Ninguém mata você assim não, cara.",0,0,,,0,0,0,0,0,0,0,0
r8C57BD7aDc,703,1307.76,1309.76,"Teste, mano.",0,0,,,0,0,0,0,0,0,0,0
r8C57BD7aDc,704,1309.76,1312.76,"Tem um monte de avelado, dá pra você dar um toque.",0,0,,,0,0,0,0,0,0,0,0
r8C57BD7aDc,705,1312.76,1313.76,"Dá recall aqui, não?",0,0,,,0,0,0,0,0,0,0,0
r8C57BD7aDc,706,1313.76,1315.76,"Dá recall não, fica aí.",0,0,,,0,0,0,0,0,0,0,0
r8C57BD7aDc,707,1315.76,1316.76,"Fica aí, você mata a Janna.",0,0,,,0,0,0,0,0,0,0,0
r8C57BD7aDc,708,1316.76,1318.76,"Tenta pegar um flanco bom aí, pra dar pick off em alguém.",0,0,,,0,0,0,0,0,0,0,0
r8C57BD7aDc,709,1318.76,1319.76,Tá bom.,0,0,,,0,0,0,0,0,0,0,0
r8C57BD7aDc,710,1319.76,1320.76,Olha o seu Master Yi!,0,0,,,0,0,0,0,0,0,0,0
r8C57BD7aDc,711,1320.76,1321.76,Olha o seu Master Yi!,0,0,,,0,0,0,0,0,0,0,0
r8C57BD7aDc,712,1321.76,1322.76,Ajuda o seu Master Yi!,0,0,,,0,0,0,0,0,0,0,0
r8C57BD7aDc,713,1322.76,1323.76,Ajuda o seu Master Yi!,0,0,,,0,0,0,0,0,0,0,0
r8C57BD7aDc,714,1323.76,1324.76,"Tá bom, tá bom.",0,0,,,0,0,0,0,0,0,0,0
r8C57BD7aDc,715,1327.04,1328.04,Cadê meu mouse?,0,0,,,0,0,0,0,0,0,0,0
r8C57BD7aDc,716,1328.04,1329.04,"Tá bom, tá suave.",0,0,,,0,0,0,0,0,0,0,0
r8C57BD7aDc,717,1329.04,1330.04,Você matou a Janna.,0,0,,,0,0,0,0,0,0,0,0
r8C57BD7aDc,718,1330.04,1331.04,"Tá bom, tá bom.",0,0,,,0,0,0,0,0,0,0,0
r8C57BD7aDc,719,1331.04,1332.04,"Cara, por...",0,0,,,0,0,0,0,0,0,0,0
r8C57BD7aDc,720,1332.04,1333.04,"Perdi meu mouse, não me dá troca.",0,0,,,0,0,0,0,0,0,0,0
r8C57BD7aDc,721,1333.04,1334.04,Tá bom.,0,0,,,0,0,0,0,0,0,0,0
r8C57BD7aDc,722,1334.04,1335.04,"Cara, por exemplo...",0,0,,,0,0,0,0,0,0,0,0
r8C57BD7aDc,723,1335.04,1339.04,"Mano, você tá descendo de caçadinho, você consegue dar muito pick off.",0,0,,,0,0,0,0,0,0,0,0
r8C57BD7aDc,724,1339.04,1340.04,"Então, tipo assim...",0,0,,,0,0,0,0,0,0,0,0
r8C57BD7aDc,725,1340.04,1341.06,"Travou, travou até hoje, travou.",0,0,,,0,0,0,0,0,0,0,0
r8C57BD7aDc,726,1341.08,1342.78,Minha voz travou? Minha voz travou? Voltou minha voz agora?,0,0,,,0,0,0,0,0,0,0,0
r8C57BD7aDc,727,1343.68,1343.96,Volta.,0,0,,,0,0,0,0,0,0,0,0
r8C57BD7aDc,728,1344.66,1346.6,"Tá bom, mas você dá, na real, o mesmo assim, uma tragédia, né?",0,0,,,0,0,0,0,0,0,0,0
r8C57BD7aDc,729,1346.62,1348.74,"Isso é um time muito favelado, mas nunca peguei esse game aqui, mano.",0,0,,,0,0,0,0,0,0,0,0
r8C57BD7aDc,730,1348.74,1351.4,Eu vou entrar no modo treino até explicar o AI Flash pra tu.,0,0,,,0,0,0,0,0,0,0,0
r8C57BD7aDc,731,1351.6,1352.12,Pra fazer.,0,0,,,0,0,0,0,0,0,0,0
r8C57BD7aDc,732,1352.3,1353.7,"AI Flash, ele deu mecânica agora.",0,0,,,0,0,0,0,0,0,0,0
r8C57BD7aDc,733,1353.76,1354.7,"É de zone dive aqui, não, né?",0,0,,,0,0,0,0,0,0,0,0
r8C57BD7aDc,734,1354.94,1355.66,"Dive assim, mano.",0,0,,,0,0,0,0,0,0,0,0
r8C57BD7aDc,735,1356.9,1358.08,"Eles têm alma do oceano, pô.",0,0,,,0,0,0,0,0,0,0,0
r8C57BD7aDc,736,1358.28,1359.0,Essa alma é broken.,0,0,,,0,0,0,0,0,0,0,0
r8C57BD7aDc,737,1359.12,1359.66,"Você tem zonas, tá?",0,0,,,0,0,0,0,0,0,0,0
r8C57BD7aDc,738,1360.48,1361.48,"Ah, tá bom.",0,0,,,0,0,0,0,0,0,0,0
r8C57BD7aDc,739,1361.8,1362.86,"Ah, eu fui usar bem na hora.",0,0,,,0,0,0,0,0,0,0,0
r8C57BD7aDc,740,1362.9,1364.24,"É, vai você, é óbvio que dá pra você.",0,0,,,0,0,0,0,0,0,0,0
r8C57BD7aDc,741,1364.52,1366.48,"Os caras tão com essa coisa de play, mano.",0,0,,,0,0,0,0,0,0,0,0
r8C57BD7aDc,742,1366.58,1367.2,Dá muito dano em tudo.,0,0,,,0,0,0,0,0,0,0,0
r8C57BD7aDc,743,1371.64,1373.24,"É o seguinte agora, mano.",0,0,,,0,0,0,0,0,0,0,0
r8C57BD7aDc,744,1373.86,1375.08,Vou entrar em uma rotina aqui agora.,0,0,,,0,0,0,0,0,0,0,0
r8C57BD7aDc,745,1375.5,1376.28,Olha como funciona o R-Flash.,0,0,,,0,0,0,0,0,0,0,0
r8C57BD7aDc,746,1376.38,1378.1,"Eu vou apertar R e depois flechar, tá vendo?",0,0,,,0,0,0,0,0,0,0,0
r8C57BD7aDc,747,1379.38,1379.82,Tá vendo?,0,0,,,0,0,0,0,0,0,0,0
r8C57BD7aDc,748,1380.58,1382.12,"Vou apertar R e depois eu flecho, tá vendo?",0,0,,,0,0,0,0,0,0,0,0
r8C57BD7aDc,749,1382.6,1383.28,E como é que funciona?,0,0,,,0,0,0,0,0,0,0,0
r8C57BD7aDc,750,1383.46,1386.94,"Ó, o meu R-Flash, ele vai onde o meu ponteiro do mouse tá.",0,0,,,0,0,0,0,0,0,0,0
r8C57BD7aDc,751,1387.06,1388.96,"Então, por exemplo, eu tô aqui, o que eu dou é R-Flash aqui, certo?",0,0,,,0,0,0,0,0,0,0,0
r8C57BD7aDc,752,1389.1,1389.78,"Ó, ó, ó.",0,0,,,0,0,0,0,0,0,0,0
r8C57BD7aDc,753,1390.82,1391.06,Entendeu?,0,0,,,0,0,0,0,0,0,0,0
r8C57BD7aDc,754,1392.36,1393.2,Tá onde o meu ponteiro tá.,0,0,,,0,0,0,0,0,0,0,0
r8C57BD7aDc,755,1393.3,1395.74,"Então, por exemplo, se eu der R-Flash nessa torre aqui,",0,0,,,0,0,0,0,0,0,0,0
r8C57BD7aDc,756,1396.28,1397.2,meu ponteiro de mãos vai lá.,0,0,,,0,0,0,0,0,0,0,0
r8C57BD7aDc,757,1397.3,1398.0,"Eu vou dar R-Flash lá, tá vendo?",0,0,,,0,0,0,0,0,0,0,0
r8C57BD7aDc,758,1398.14,1398.64,"Ó, ó, ó.",0,0,,,0,0,0,0,0,0,0,0
r8C57BD7aDc,759,1399.04,1399.22,Entendeu?,0,0,,,0,0,0,0,0,0,0,0
r8C57BD7aDc,760,1400.44,1400.72,Entendeu?,0,0,,,0,0,0,0,0,0,0,0
r8C57BD7aDc,761,1400.72,1402.58,"Então, por exemplo, mano. Alguém tá com pouca vida aqui, certo?",0,0,,,0,0,0,0,0,0,0,0
r8C57BD7aDc,762,1402.72,1403.54,"Tô chegando aqui, tô.",0,0,,,0,0,0,0,0,0,0,0
r8C57BD7aDc,763,1404.44,1405.26,"Vida aqui, ó.",0,0,,,0,0,0,0,0,0,0,0
r8C57BD7aDc,764,1406.84,1408.54,"O porteiro de moça tá aqui, entendeu? E é só isso.",0,0,,,0,0,0,0,0,0,0,0
r8C57BD7aDc,765,1408.68,1410.96,"Tá aí o flash e vê onde o seu porteiro tá, entendeu?",0,0,,,0,0,0,0,0,0,0,0
r8C57BD7aDc,766,1411.12,1411.8,"Então tá aqui, ó.",0,0,,,0,0,0,0,0,0,0,0
r8C57BD7aDc,767,1412.4,1418.09,"É isso aí mesmo. Pronto, é isso aí.",0,0,,,0,0,0,0,0,0,0,0
r8C57BD7aDc,768,1418.21,1418.65,"Pronto, acabou.",0,0,,,0,0,0,0,0,0,0,0
r8C57BD7aDc,769,1418.65,1419.43,"É, mas...",0,0,,,0,0,0,0,0,0,0,0
r8C57BD7aDc,770,1419.43,1423.49,"Vai ter que ter a intenção do range, né?",0,0,,,0,0,0,0,0,0,0,0
r8C57BD7aDc,771,1423.59,1424.17,"Isso aí, flash.",0,0,,,0,0,0,0,0,0,0,0
r8C57BD7aDc,772,1424.49,1425.05,É isso aí.,0,0,,,0,0,0,0,0,0,0,0
r8C57BD7aDc,773,1425.27,1427.65,É isso aí.,0,0,,,0,0,0,0,0,0,0,0
r8C57BD7aDc,774,1430.24,1430.8,"Pronto, é isso aí.",0,0,,,0,0,0,0,0,0,0,0
r8C57BD7aDc,775,1430.9,1431.4,É isso aí.,0,0,,,0,0,0,0,0,0,0,0
r8C57BD7aDc,776,1433.63,1434.63,É isso aí.,0,0,,,0,0,0,0,0,0,0,0
0sD6xl3EFbo,1,0.2,5.16,"Salve tudo rapaziada, Yoki aqui pra apresentar pra vocês o guia supremo do caça-dolfe, tá bom?",0,0,,,0,0,0,0,0,0,0,0
0sD6xl3EFbo,2,5.22,6.32,O que tanto vocês pediram.,0,0,,,0,0,0,0,0,0,0,0
0sD6xl3EFbo,3,6.46,10.08,"Pra quem não me conhece, eu sou o Kankai de paraquedas, eu sou monocastinho desde 2020,",0,0,,,0,0,0,0,0,0,0,0
0sD6xl3EFbo,4,10.5,13.64,"peguei ZFF de primeira vez em 2021 com 15 anos de idade,",0,0,,,0,0,0,0,0,0,0,0
0sD6xl3EFbo,5,14.04,17.84,"em 2022 peguei mais de 1500 PDL com Champion e também Rank 5 servidor,",0,0,,,0,0,0,0,0,0,0,0
0sD6xl3EFbo,6,18.24,22.88,"em Season 13 ultrapassei a marca de mais de 1600 PDL de caçadinho, beleza?",0,0,,,0,0,0,0,0,0,0,0
0sD6xl3EFbo,7,23.2,27.06,"Então, esse vídeo aqui eu vou abordar tudo do campeão, desde runas, builds,",0,0,,,0,0,0,0,0,0,0,0
0sD6xl3EFbo,8,27.06,29.82,"Mechups, como jogar o early, mid, late game",0,0,,,0,0,0,0,0,0,0,0
0sD6xl3EFbo,9,29.82,31.78,Como se portar o campeão nas teamfights,0,0,,,0,0,0,0,0,0,0,0
0sD6xl3EFbo,10,31.78,32.44,E por aí vai,0,0,,,0,0,0,0,0,0,0,0
0sD6xl3EFbo,11,32.44,36.02,Começando aqui pelas runas,0,0,,,0,0,0,0,0,0,0,0
0sD6xl3EFbo,12,36.02,38.5,"Eu uso como principal o Thunderlord, tá bom?",0,0,,,0,0,0,0,0,0,0,0
0sD6xl3EFbo,13,38.56,40.78,Eu sei que algumas pessoas podem falar do pezinho,0,0,,,0,0,0,0,0,0,0,0
0sD6xl3EFbo,14,40.78,43.84,"Mas essa runa aqui é simplesmente podre, tá bom?",0,0,,,0,0,0,0,0,0,0,0
0sD6xl3EFbo,15,43.86,44.8,Isso aqui é runa de viado,1,1,viado,homofobia_misoginia,0,0,0,0,0,1,0,0
0sD6xl3EFbo,16,44.8,47.04,Então vocês não vão usar essa merda de runa nem fodendo,0,0,,,0,0,0,0,0,0,0,0
0sD6xl3EFbo,17,47.04,49.2,"Vão usar a runa de alfa, que é o Thunderlord, tá bom?",0,0,,,0,0,0,0,0,0,0,0
0sD6xl3EFbo,18,49.62,51.3,"Também eu uso balinha, algumas mechups",0,0,,,0,0,0,0,0,0,0,0
0sD6xl3EFbo,19,51.3,52.76,Que eu vou começar a explicar aqui agora,0,0,,,0,0,0,0,0,0,0,0
0sD6xl3EFbo,20,52.76,54.24,Thunderlord é a runa principal,0,0,,,0,0,0,0,0,0,0,0
0sD6xl3EFbo,21,54.24,56.58,Então eu vou usar esse playstyle aqui de runa,0,0,,,0,0,0,0,0,0,0,0
0sD6xl3EFbo,22,56.58,59.44,"Com basicamente 99% dos jogos, tá bom?",0,0,,,0,0,0,0,0,0,0,0
0sD6xl3EFbo,23,59.54,62.82,E é como principal o raio e a secundária em parter pentino,0,0,,,0,0,0,0,0,0,0,0
0sD6xl3EFbo,24,62.82,65.34,Junto com seu sentido e caça suprema,0,0,,,0,0,0,0,0,0,0,0
0sD6xl3EFbo,25,65.34,68.04,"Logo em seguida eu vou pegar a precisão, a malharinha secundária",0,0,,,0,0,0,0,0,0,0,0
0sD6xl3EFbo,26,68.04,70.74,"Presença de espírito e também até a morte, tá bom?",0,0,,,0,0,0,0,0,0,0,0
0sD6xl3EFbo,27,70.88,73.22,"Nas duas mais secundárias aqui de dano, vida e CDR",0,0,,,0,0,0,0,0,0,0,0
0sD6xl3EFbo,28,73.22,76.12,Eu só pego dois que eu divida e um de dano,0,0,,,0,0,0,0,0,0,0,0
0sD6xl3EFbo,29,76.12,78.36,Então esse playstyle aqui eu vou usar em todos os meus jogos,0,0,,,0,0,0,0,0,0,0,0
0sD6xl3EFbo,30,78.36,80.38,Exceto contra estou tanque no mid,0,0,,,0,0,0,0,0,0,0,0
0sD6xl3EFbo,31,80.38,83.12,"Então se algum prof. colocar, sei lá, um malfit mid",0,0,,,0,0,0,0,0,0,0,0
0sD6xl3EFbo,32,83.12,85.34,"Ou colocar, por exemplo, galho mid",0,0,,,0,0,0,0,0,0,0,0
0sD6xl3EFbo,33,85.34,87.16,"Algum método mais tanque, mais parruda",0,0,,,0,0,0,0,0,0,0,0
0sD6xl3EFbo,34,87.16,89.34,"Eu vou optar por usar a balinha, tá bom",0,0,,,0,0,0,0,0,0,0,0
0sD6xl3EFbo,35,89.34,90.88,Esse aqui é o meu playstyle de balinha,0,0,,,0,0,0,0,0,0,0,0
0sD6xl3EFbo,36,90.88,92.08,Também já está pronto aqui,0,0,,,0,0,0,0,0,0,0,0
0sD6xl3EFbo,37,92.08,93.6,Na minha secundária pela dominação,0,0,,,0,0,0,0,0,0,0,0
0sD6xl3EFbo,38,93.6,96.3,Com empate pentino e caça supremo,0,0,,,0,0,0,0,0,0,0,0
0sD6xl3EFbo,39,96.3,97.62,Dois que dividem um de dano,0,0,,,0,0,0,0,0,0,0,0
0sD6xl3EFbo,40,97.62,99.3,Qual que é a diferença dos dois playstyles,0,0,,,0,0,0,0,0,0,0,0
0sD6xl3EFbo,41,99.3,101.92,Do Thunderlord e da balinha,0,0,,,0,0,0,0,0,0,0,0
0sD6xl3EFbo,42,101.92,104.04,"O Thunderlord, o meu early game",0,0,,,0,0,0,0,0,0,0,0
0sD6xl3EFbo,43,104.04,104.94,Vai ser mais forte,0,0,,,0,0,0,0,0,0,0,0
0sD6xl3EFbo,44,104.94,107.54,Vou ter muito mais dano no early game,0,0,,,0,0,0,0,0,0,0,0
0sD6xl3EFbo,45,107.54,110.14,"De balinha, o meu late game é mais forte",0,0,,,0,0,0,0,0,0,0,0
0sD6xl3EFbo,46,110.14,112.36,"Porque a balinha, ela aumenta meu dano em porcentagem",0,0,,,0,0,0,0,0,0,0,0
0sD6xl3EFbo,47,112.36,114.12,No late game eu vou ter meu rabadão,0,0,,,0,0,0,0,0,0,0,0
0sD6xl3EFbo,48,114.12,115.98,"Muito de TAP, e esse",0,0,,,0,0,0,0,0,0,0,0
0sD6xl3EFbo,49,115.98,118.2,Dano em porcentagem vai ser muito efetivo no late game,0,0,,,0,0,0,0,0,0,0,0
0sD6xl3EFbo,50,118.2,120.0,O Tandelo é o dano mais fleet,0,0,,,0,0,0,0,0,0,0,0
0sD6xl3EFbo,51,120.0,121.94,Não tem scale de em porcentagem,0,0,,,0,0,0,0,0,0,0,0
0sD6xl3EFbo,52,121.94,123.88,"Que nem a balinha, tem o early game do Tandelo",0,0,,,0,0,0,0,0,0,0,0
0sD6xl3EFbo,53,123.88,125.96,"Mais forte, e o late game",0,0,,,0,0,0,0,0,0,0,0
0sD6xl3EFbo,54,125.96,127.94,"Mais fraco, e a balinha",0,0,,,0,0,0,0,0,0,0,0
0sD6xl3EFbo,55,127.94,129.72,"É o contrário, o early game mais fraco",0,0,,,0,0,0,0,0,0,0,0
0sD6xl3EFbo,56,129.72,132.08,"E o late game mais forte, então basicamente",0,0,,,0,0,0,0,0,0,0,0
0sD6xl3EFbo,57,132.08,133.86,"Esse meu playstyle de runes aqui, eu vou usar",0,0,,,0,0,0,0,0,0,0,0
0sD6xl3EFbo,58,133.86,135.68,"Em todas as matchups, exceto contra",0,0,,,0,0,0,0,0,0,0,0
0sD6xl3EFbo,59,135.68,137.94,"Stone tank no mid, exemplo galho",0,0,,,0,0,0,0,0,0,0,0
0sD6xl3EFbo,60,137.94,139.84,"Exemplo alguém, um pedra, coloca a mão fit",0,0,,,0,0,0,0,0,0,0,0
0sD6xl3EFbo,61,139.84,141.86,"Mid, tá bom, e por aí vai",0,0,,,0,0,0,0,0,0,0,0
0sD6xl3EFbo,62,141.86,143.7,"Então basicamente, muito raro",0,0,,,0,0,0,0,0,0,0,0
0sD6xl3EFbo,63,143.7,145.34,"Eu pegar a balinha, tá bom",0,0,,,0,0,0,0,0,0,0,0
0sD6xl3EFbo,64,145.34,147.12,Só se for uma match bem específica,0,0,,,0,0,0,0,0,0,0,0
0sD6xl3EFbo,65,147.12,148.64,Que nessas duas eu acabei citando,0,0,,,0,0,0,0,0,0,0,0
0sD6xl3EFbo,66,148.64,151.04,Agora a respeito aqui do conquistador zudo,0,0,,,0,0,0,0,0,0,0,0
0sD6xl3EFbo,67,151.04,152.78,"Eu não faço meus jogos, tá bom",0,0,,,0,0,0,0,0,0,0,0
0sD6xl3EFbo,68,152.78,154.86,Mas pode ser sim viável,0,0,,,0,0,0,0,0,0,0,0
0sD6xl3EFbo,69,154.86,156.92,Contra composições e matchups,0,0,,,0,0,0,0,0,0,0,0
0sD6xl3EFbo,70,156.92,157.84,"Mais tanques, tá bom",0,0,,,0,0,0,0,0,0,0,0
0sD6xl3EFbo,71,157.84,159.52,"A Irelia, a Midia, o campeão que faz",0,0,,,0,0,0,0,0,0,0,0
0sD6xl3EFbo,72,159.52,161.68,Tem de ficar mais tanque,0,0,,,0,0,0,0,0,0,0,0
0sD6xl3EFbo,73,161.68,164.56,Você sim pode pegar conquistador,0,0,,,0,0,0,0,0,0,0,0
0sD6xl3EFbo,74,164.56,166.08,"Mas eu não gosto, tá bom",0,0,,,0,0,0,0,0,0,0,0
0sD6xl3EFbo,75,166.08,167.9,Eu prefiro pegar a versão da balinha,0,0,,,0,0,0,0,0,0,0,0
0sD6xl3EFbo,76,167.9,169.48,Como eu disse anteriormente,0,0,,,0,0,0,0,0,0,0,0
0sD6xl3EFbo,77,169.48,171.02,Aí no caso ia ficar conquistador,0,0,,,0,0,0,0,0,0,0,0
0sD6xl3EFbo,78,171.02,172.82,Presente de espírito aqui,0,0,,,0,0,0,0,0,0,0,0
0sD6xl3EFbo,79,172.82,174.36,Na minha secundária aceleração,0,0,,,0,0,0,0,0,0,0,0
0sD6xl3EFbo,80,174.36,176.14,Até a morte eu uso,0,0,,,0,0,0,0,0,0,0,0
0sD6xl3EFbo,81,176.14,179.22,Dominação com impacto repentino e ultimate hunter,0,0,,,0,0,0,0,0,0,0,0
0sD6xl3EFbo,82,179.22,180.34,Tá bom? A casa suprema,0,0,,,0,0,0,0,0,0,0,0
0sD6xl3EFbo,83,180.34,182.52,Duas vidas aqui na secundária normal,0,0,,,0,0,0,0,0,0,0,0
0sD6xl3EFbo,84,182.52,184.92,E um de dano aqui em cima,0,0,,,0,0,0,0,0,0,0,0
0sD6xl3EFbo,85,184.92,186.62,Então ficaria aqui a minha runa azuda,0,0,,,0,0,0,0,0,0,0,0
0sD6xl3EFbo,86,186.62,188.3,"De conquistador azudo, beleza?",0,0,,,0,0,0,0,0,0,0,0
0sD6xl3EFbo,87,188.94,190.56,"Antigamente, pezinho, era viável",0,0,,,0,0,0,0,0,0,0,0
0sD6xl3EFbo,88,190.56,193.08,"Porque você curava muito em minions, tá bom?",0,0,,,0,0,0,0,0,0,0,0
0sD6xl3EFbo,89,193.42,195.34,Hoje em dia não tem mais essa cura nos minions,0,0,,,0,0,0,0,0,0,0,0
0sD6xl3EFbo,90,195.34,197.28,A Riot tirou essa passiva dele,0,0,,,0,0,0,0,0,0,0,0
0sD6xl3EFbo,91,197.28,198.7,De curar tanto em minions,0,0,,,0,0,0,0,0,0,0,0
0sD6xl3EFbo,92,198.7,200.66,E colocou pra curar em campeões,0,0,,,0,0,0,0,0,0,0,0
0sD6xl3EFbo,93,200.66,203.68,Por isso que antigamente tinha muito campeão mini da mid lane que usava isso,0,0,,,0,0,0,0,0,0,0,0
0sD6xl3EFbo,94,203.68,205.84,"Yasuo, Akali e até o próprio Kassadin",0,0,,,0,0,0,0,0,0,0,0
0sD6xl3EFbo,95,205.84,209.1,"Como a Riot nerfou isso, tirou basicamente isso pra curar em campeões",0,0,,,0,0,0,0,0,0,0,0
0sD6xl3EFbo,96,209.1,212.7,"Esse campeão mini que usa a pezinha hoje em dia não usa mais, tá bom?",0,0,,,0,0,0,0,0,0,0,0
0sD6xl3EFbo,97,213.06,214.72,"Isso também no Kassadin, obviamente",0,0,,,0,0,0,0,0,0,0,0
0sD6xl3EFbo,98,214.72,216.58,"Então essa runa aqui está obsoleta, tá bom?",0,0,,,0,0,0,0,0,0,0,0
0sD6xl3EFbo,99,216.6,217.6,Runa de fanboy podre,0,0,,,0,0,0,0,0,0,0,0
0sD6xl3EFbo,100,217.6,218.86,Nunca usa essa merda aqui,0,0,,,0,0,0,0,0,0,0,0
0sD6xl3EFbo,101,218.86,220.48,"Sempre tem Anderlord, tá bom?",0,0,,,0,0,0,0,0,0,0,0
0sD6xl3EFbo,102,221.14,223.2,Enquanto eu metia pros tanks um mid que nem Galio,0,0,,,0,0,0,0,0,0,0,0
0sD6xl3EFbo,103,223.2,225.98,"Que nem um fit mid, se algum pedra deslocar, como eu falei",0,0,,,0,0,0,0,0,0,0,0
0sD6xl3EFbo,104,225.98,227.54,"Você pode usar a balinha, tá bom?",0,0,,,0,0,0,0,0,0,0,0
0sD6xl3EFbo,105,227.54,232.4,"Agora sobre a parte de etimização aqui do Castle Dolph, tá bom?",0,0,,,0,0,0,0,0,0,0,0
0sD6xl3EFbo,106,232.5,234.1,Eu sempre vou começar em Lack Sombril,0,0,,,0,0,0,0,0,0,0,0
0sD6xl3EFbo,107,234.1,235.38,"Nunca Doron Shield, tá bom?",0,0,,,0,0,0,0,0,0,0,0
0sD6xl3EFbo,108,235.4,236.9,"Doron Shield, item de game, de fanboy",0,0,,,0,0,0,0,0,0,0,0
0sD6xl3EFbo,109,236.9,238.26,"Vou ser uma pessoa normal, beleza?",0,0,,,0,0,0,0,0,0,0,0
0sD6xl3EFbo,110,238.62,240.04,Apesar que o Doron Shield,0,0,,,0,0,0,0,0,0,0,0
0sD6xl3EFbo,111,240.04,242.68,"Ele te dá um sustain no early game, na solene phase",0,0,,,0,0,0,0,0,0,0,0
0sD6xl3EFbo,112,242.68,244.92,"Ao longo do jogo não se paga, beleza?",0,0,,,0,0,0,0,0,0,0,0
0sD6xl3EFbo,113,245.24,246.72,Incluso o benefício é meio podre,0,0,,,0,0,0,0,0,0,0,0
0sD6xl3EFbo,114,246.72,248.9,"Você vai ter que vender o item depois, etc",0,0,,,0,0,0,0,0,0,0,0
0sD6xl3EFbo,115,248.9,252.34,Além também que para isolar o jogo e fazer um V9,0,0,,,0,0,0,0,0,0,0,0
0sD6xl3EFbo,116,252.34,253.82,"Lack Sombril é muito melhor, tá bom?",0,0,,,0,0,0,0,0,0,0,0
0sD6xl3EFbo,117,254.18,257.26,Então eu sempre comendo Lack Sombril e não Doron Shield,0,0,,,0,0,0,0,0,0,0,0
0sD6xl3EFbo,118,257.26,260.14,"A respeito aqui do Aliado Dora, outro item podre, tá bom?",0,0,,,0,0,0,0,0,0,0,0
0sD6xl3EFbo,119,260.24,261.4,Não começo com essa merda aqui,0,0,,,0,0,0,0,0,0,0,0
0sD6xl3EFbo,120,261.4,263.3,Basicamente o que é bom nesse item aqui,0,0,,,0,0,0,0,0,0,0,0
0sD6xl3EFbo,121,263.3,266.44,É a recuperação de mana que ele te dá no early game,0,0,,,0,0,0,0,0,0,0,0
0sD6xl3EFbo,122,266.44,269.02,"Porém, Caçadinho não gasta tanta mana assim no early game, tá bom?",0,0,,,0,0,0,0,0,0,0,0
0sD6xl3EFbo,123,269.04,271.46,"Isso aqui é mais pra Mago de Poké, que Noriana, Syndra",0,0,,,0,0,0,0,0,0,0,0
0sD6xl3EFbo,124,271.46,272.5,"Então o item podre, tá bom?",0,0,,,0,0,0,0,0,0,0,0
0sD6xl3EFbo,125,272.94,274.88,"Resumidamente, começa então de Lago Sombrio",0,0,,,0,0,0,0,0,0,0,0
0sD6xl3EFbo,126,274.88,275.96,"E Poção Refill, tá bom?",0,0,,,0,0,0,0,0,0,0,0
0sD6xl3EFbo,127,276.04,277.72,Poção Refill comba muito com o seu TP,0,0,,,0,0,0,0,0,0,0,0
0sD6xl3EFbo,128,277.72,280.62,"Que basicamente é uma Spell Core, tá bom?",0,0,,,0,0,0,0,0,0,0,0
0sD6xl3EFbo,129,280.64,282.9,"Então sempre o Flash TP, a Spell Core Zuda",0,0,,,0,0,0,0,0,0,0,0
0sD6xl3EFbo,130,282.9,285.78,Porque você vai dar BTP e você sempre vai resetar o seu Poção Refill,0,0,,,0,0,0,0,0,0,0,0
0sD6xl3EFbo,131,285.78,291.42,"Então basicamente depois eu vou comprar minha lágrima da deusa, minha gota",0,0,,,0,0,0,0,0,0,0,0
0sD6xl3EFbo,132,291.42,293.4,Logo em seguida eu vou pra minha evolência,0,0,,,0,0,0,0,0,0,0,0
0sD6xl3EFbo,133,293.4,295.52,Fechar minha board pra atenção completa,0,0,,,0,0,0,0,0,0,0,0
0sD6xl3EFbo,134,295.52,296.4,Surf,0,0,,,0,0,0,0,0,0,0,0
0sD6xl3EFbo,135,296.4,301.58,"Se eu tiver na frente, se eu tiver na frente no game zudo",0,0,,,0,0,0,0,0,0,0,0
0sD6xl3EFbo,136,301.58,303.58,"Eu vou optar por Mejai, beleza?",0,0,,,0,0,0,0,0,0,0,0
0sD6xl3EFbo,137,303.68,304.54,Se eu tiver na frente no game,0,0,,,0,0,0,0,0,0,0,0
0sD6xl3EFbo,138,304.54,307.9,"Ou se eu tiver even contra o meu oponente contra, eu vou optar por Mejai",0,0,,,0,0,0,0,0,0,0,0
0sD6xl3EFbo,139,307.9,310.88,"Então vamos supor que eu tô na frente no game, eu buildo Mejai, beleza?",0,0,,,0,0,0,0,0,0,0,0
0sD6xl3EFbo,140,311.54,313.32,"Então eu tô na frente no game, eu buildo Mejai zuda",0,0,,,0,0,0,0,0,0,0,0
0sD6xl3EFbo,141,313.32,315.48,Logo depois eu vou buildar,0,0,,,0,0,0,0,0,0,0,0
0sD6xl3EFbo,142,315.48,317.36,"Buildar VOD, e eu esqueci aqui",0,0,,,0,0,0,0,0,0,0,0
0sD6xl3EFbo,143,317.36,319.44,"Da minha Zonias, tá bom? Mas a minha Zonias aqui",0,0,,,0,0,0,0,0,0,0,0
0sD6xl3EFbo,144,319.44,321.2,Ela vai logo depois,0,0,,,0,0,0,0,0,0,0,0
0sD6xl3EFbo,145,321.2,323.02,"Da minha Seraph, então eu vou ficar",0,0,,,0,0,0,0,0,0,0,0
0sD6xl3EFbo,146,323.02,325.22,"Valevolência, bota",0,0,,,0,0,0,0,0,0,0,0
0sD6xl3EFbo,147,325.22,326.94,"Completa, Seraph",0,0,,,0,0,0,0,0,0,0,0
0sD6xl3EFbo,148,326.94,329.44,"Zonias, Mejai e VOD, beleza?",0,0,,,0,0,0,0,0,0,0,0
0sD6xl3EFbo,149,330.02,331.08,Se por acaso o jogo,0,0,,,0,0,0,0,0,0,0,0
0sD6xl3EFbo,150,331.08,333.3,"Durar muito tempo, eu posso vender minha",0,0,,,0,0,0,0,0,0,0,0
0sD6xl3EFbo,151,333.3,335.3,"Bota e comprar um Anjo Guardião, e também",0,0,,,0,0,0,0,0,0,0,0
0sD6xl3EFbo,152,335.3,337.5,Se por acaso eu perder o meu stack de Mejai,0,0,,,0,0,0,0,0,0,0,0
0sD6xl3EFbo,153,337.5,338.82,"Aí eu vou comprar um Rabadão, beleza?",0,0,,,0,0,0,0,0,0,0,0
0sD6xl3EFbo,154,339.08,341.12,"Então, por exemplo, eu morri, perdi o meu stack de Mejai Zuda",0,0,,,0,0,0,0,0,0,0,0
0sD6xl3EFbo,155,341.12,342.8,Então o gol sobrou aqui como Rabadão,0,0,,,0,0,0,0,0,0,0,0
0sD6xl3EFbo,156,342.8,345.54,E se o jogo for pro ultra late game mesmo,0,0,,,0,0,0,0,0,0,0,0
0sD6xl3EFbo,157,345.54,347.04,E você perdeu o seu efeito,0,0,,,0,0,0,0,0,0,0,0
0sD6xl3EFbo,158,347.04,348.86,No seu anjo guardião,0,0,,,0,0,0,0,0,0,0,0
0sD6xl3EFbo,159,348.86,350.16,Você pode vendê-lo o item,0,0,,,0,0,0,0,0,0,0,0
0sD6xl3EFbo,160,350.16,351.52,"E comprar late ban, tá bom?",0,0,,,0,0,0,0,0,0,0,0
0sD6xl3EFbo,161,351.56,353.34,"Porque o item, seu efeito de ilcitar aqui",0,0,,,0,0,0,0,0,0,0,0
0sD6xl3EFbo,162,353.34,354.4,"É podre, basicamente",0,0,,,0,0,0,0,0,0,0,0
0sD6xl3EFbo,163,354.4,355.68,Então é bom você vender,0,0,,,0,0,0,0,0,0,0,0
0sD6xl3EFbo,164,355.68,357.0,Se caso você perdeu o efeito do item,0,0,,,0,0,0,0,0,0,0,0
0sD6xl3EFbo,165,357.0,358.32,"E comprar o seu late ban, beleza?",0,0,,,0,0,0,0,0,0,0,0
0sD6xl3EFbo,166,358.5,359.52,Então tá basicamente feito aqui,0,0,,,0,0,0,0,0,0,0,0
0sD6xl3EFbo,167,359.52,360.92,"A primeira variação da minha build, tá bom?",0,0,,,0,0,0,0,0,0,0,0
0sD6xl3EFbo,168,361.28,362.96,"A segunda variação zuda, no caso",0,0,,,0,0,0,0,0,0,0,0
0sD6xl3EFbo,169,362.96,364.98,"É quando eu estou atrás do jogo, tá bom?",0,0,,,0,0,0,0,0,0,0,0
0sD6xl3EFbo,170,365.28,367.22,Ou não estou tão bem na partida,0,0,,,0,0,0,0,0,0,0,0
0sD6xl3EFbo,171,367.22,369.24,Aí no caso vai manter meus itens cores,0,0,,,0,0,0,0,0,0,0,0
0sD6xl3EFbo,172,369.24,371.3,"Que é malevolência, bottom entração",0,0,,,0,0,0,0,0,0,0,0
0sD6xl3EFbo,173,371.3,372.58,"Seraph e zonas, tá bom?",0,0,,,0,0,0,0,0,0,0,0
0sD6xl3EFbo,174,372.8,376.96,"Mas aqui, como não estou bem no jogo, estou um pouco atrás, meu Lack Fresco tem 2, 3 stacks só,",0,0,,,0,0,0,0,0,0,0,0
0sD6xl3EFbo,175,377.28,380.94,"eu não vou comprar Mejai, logicamente, e vou optar entre Rabadão ou Void, beleza?",0,0,,,0,0,0,0,0,0,0,0
0sD6xl3EFbo,176,381.46,386.58,"Se por acaso a compra inimiga estiver buildando muito MR, eu compro Void.",0,0,,,0,0,0,0,0,0,0,0
0sD6xl3EFbo,177,387.24,389.16,"Mas se não for o caso, eu compro Rabadão, tá bom?",0,0,,,0,0,0,0,0,0,0,0
0sD6xl3EFbo,178,389.62,392.96,"Então vamos supor que a compra inimiga estiver buildando MR, eu compro Void.",0,0,,,0,0,0,0,0,0,0,0
0sD6xl3EFbo,179,393.16,395.96,"E o último item Rabadão, e o full late game já...",0,0,,,0,0,0,0,0,0,0,0
0sD6xl3EFbo,180,396.64,398.12,"E o full late game não se esqueça, tá bom?",0,0,,,0,0,0,0,0,0,0,0
0sD6xl3EFbo,181,398.44,401.0,"Vender sua bota de penetração, comprar o Anjo Guardião,",0,0,,,0,0,0,0,0,0,0,0
0sD6xl3EFbo,182,401.0,404.76,"E falar aqui, e fazer o que eu falei pra vocês anteriormente, tá bom?",0,0,,,0,0,0,0,0,0,0,0
0sD6xl3EFbo,183,405.04,406.46,Caso usar o efeito do Anjo Guardião,0,0,,,0,0,0,0,0,0,0,0
0sD6xl3EFbo,184,406.46,408.52,"Você pode trocar depois pra Lich Bane, beleza?",0,0,,,0,0,0,0,0,0,0,0
0sD6xl3EFbo,185,408.78,411.06,"Então basicamente tá feito as duas builds aí, tá bom?",0,0,,,0,0,0,0,0,0,0,0
0sD6xl3EFbo,186,411.12,411.98,Do Caçadinho,0,0,,,0,0,0,0,0,0,0,0
0sD6xl3EFbo,187,411.98,414.04,É quando você tá na frente bem no game,0,0,,,0,0,0,0,0,0,0,0
0sD6xl3EFbo,188,414.04,415.66,"Ou quando você tá um pouco atrás, tá bom?",0,0,,,0,0,0,0,0,0,0,0
0sD6xl3EFbo,189,415.76,417.46,Agora a outra variação aqui de build zudo,0,0,,,0,0,0,0,0,0,0,0
0sD6xl3EFbo,190,417.46,418.72,É quando você está contra,0,0,,,0,0,0,0,0,0,0,0
0sD6xl3EFbo,191,418.72,421.72,"É quando você está contra composições full AP, tá bom?",0,0,,,0,0,0,0,0,0,0,0
0sD6xl3EFbo,192,421.76,422.6,"Então, por exemplo",0,0,,,0,0,0,0,0,0,0,0
0sD6xl3EFbo,193,422.6,423.6,Se a compra de mini tiver,0,0,,,0,0,0,0,0,0,0,0
0sD6xl3EFbo,194,423.6,426.78,"O Veiga DC, o mid deles também full AP",0,0,,,0,0,0,0,0,0,0,0
0sD6xl3EFbo,195,426.78,427.82,O top também full AP,0,0,,,0,0,0,0,0,0,0,0
0sD6xl3EFbo,196,427.82,429.82,"5 AP contra, tem que ser 5 AP",0,0,,,0,0,0,0,0,0,0,0
0sD6xl3EFbo,197,429.82,435.98,"Se por aqui tiver 4 AP e o ADC dos caras for 1 AD, aí você build normalmente, beleza?",0,0,,,0,0,0,0,0,0,0,0
0sD6xl3EFbo,198,436.12,436.94,Aí você não faz essa build.,0,0,,,0,0,0,0,0,0,0,0
0sD6xl3EFbo,199,437.28,441.42,"Mas se for realmente 5 AP contra, aí você vai manter aqui o padrão da build, né?",0,0,,,0,0,0,0,0,0,0,0
0sD6xl3EFbo,200,441.48,443.86,"Lá que sombrio, começa lá que sombrio, depois uma levolência, né?",0,0,,,0,0,0,0,0,0,0,0
0sD6xl3EFbo,201,443.96,448.56,"Já sempre compra sua gota no early game pra você, quando você fechar sua cana do Vagil,",0,0,,,0,0,0,0,0,0,0,0
0sD6xl3EFbo,202,448.82,451.66,"você já conseguir já fechar ali com a gota destacada, tá bom?",0,0,,,0,0,0,0,0,0,0,0
0sD6xl3EFbo,203,452.06,455.72,"Porque se você demorar muito comprar sua gota, você vai fechar o item sem estar destacado.",0,0,,,0,0,0,0,0,0,0,0
0sD6xl3EFbo,204,455.76,457.22,"É basicamente inútil, é podre, tá bom?",0,0,,,0,0,0,0,0,0,0,0
0sD6xl3EFbo,205,457.22,460.28,"Então sua gola tem que ser comprada de meio segundo recado sempre, tá bom?",0,0,,,0,0,0,0,0,0,0,0
0sD6xl3EFbo,206,460.86,462.06,Então malevolência sempre,0,0,,,0,0,0,0,0,0,0,0
0sD6xl3EFbo,207,462.06,463.88,Agora que vem o kill de frente da build,0,0,,,0,0,0,0,0,0,0,0
0sD6xl3EFbo,208,463.88,466.68,"Em vez de você buildar zonas, você vai optar o Banshee, tá bom?",0,0,,,0,0,0,0,0,0,0,0
0sD6xl3EFbo,209,466.74,471.4,"Porque se você buildar zonas, você vai estar desperdiçando o seu atributo de armadura",0,0,,,0,0,0,0,0,0,0,0
0sD6xl3EFbo,210,471.4,474.1,"Porque logicamente você está contra a composição full AP, tá bom?",0,0,,,0,0,0,0,0,0,0,0
0sD6xl3EFbo,211,474.54,476.02,Então no lugar das zonas você vai comprar Banshee,0,0,,,0,0,0,0,0,0,0,0
0sD6xl3EFbo,212,476.02,479.08,"E agora você pode comprar também bota de MR, tá bom?",0,0,,,0,0,0,0,0,0,0,0
0sD6xl3EFbo,213,479.62,484.58,"E depois os seus últimos itens aqui é sempre situacionais, tá bom?",0,0,,,0,0,0,0,0,0,0,0
0sD6xl3EFbo,214,484.98,486.6,Se vier na frente você vai comprar Mejai,0,0,,,0,0,0,0,0,0,0,0
0sD6xl3EFbo,215,486.6,488.4,"E de último item VOD, tá bom?",0,0,,,0,0,0,0,0,0,0,0
0sD6xl3EFbo,216,488.5,490.0,Esse é como se o time que não tiver buildando MR,0,0,,,0,0,0,0,0,0,0,0
0sD6xl3EFbo,217,490.0,492.18,"Sempre VOD, beleza? Lugar do Rabadão",0,0,,,0,0,0,0,0,0,0,0
0sD6xl3EFbo,218,492.18,493.2,Nessa situação aqui,0,0,,,0,0,0,0,0,0,0,0
0sD6xl3EFbo,219,493.2,494.88,Pelo simples fato que,0,0,,,0,0,0,0,0,0,0,0
0sD6xl3EFbo,220,494.88,496.32,Qual escalar de level,0,0,,,0,0,0,0,0,0,0,0
0sD6xl3EFbo,221,496.32,498.18,"As pessoas também ganham muito MR base, tá bom?",0,0,,,0,0,0,0,0,0,0,0
0sD6xl3EFbo,222,498.5,500.42,Então o VOD vai dar mais dano que o Rabadão nesse game,0,0,,,0,0,0,0,0,0,0,0
0sD6xl3EFbo,223,500.42,502.36,"VOD é super pro aqui, basicamente",0,0,,,0,0,0,0,0,0,0,0
0sD6xl3EFbo,224,502.36,503.06,Tá bom?,0,0,,,0,0,0,0,0,0,0,0
0sD6xl3EFbo,225,503.3,505.84,E se por acaso você perder o stack do Mejai Zudo,0,0,,,0,0,0,0,0,0,0,0
0sD6xl3EFbo,226,505.84,507.34,"Padrão, compra o Rabadão, beleza?",0,0,,,0,0,0,0,0,0,0,0
0sD6xl3EFbo,227,507.66,509.0,"Caso, caso vocês",0,0,,,0,0,0,0,0,0,0,0
0sD6xl3EFbo,228,509.0,510.94,Caso vocês não tiver,0,0,,,0,0,0,0,0,0,0,0
0sD6xl3EFbo,229,510.94,512.56,Na frente no game,0,0,,,0,0,0,0,0,0,0,0
0sD6xl3EFbo,230,512.56,513.96,Ou não tiver assim tão bem na partida,0,0,,,0,0,0,0,0,0,0,0
0sD6xl3EFbo,231,513.96,516.3,"Você logicamente não vai comprar sua Mejai, tá bom?",0,0,,,0,0,0,0,0,0,0,0
0sD6xl3EFbo,232,516.3,518.08,Aí você vai ficar entre Rabadão e Void,0,0,,,0,0,0,0,0,0,0,0
0sD6xl3EFbo,233,518.08,519.8,Se a companhia inimiga não tiver buildando Mier,0,0,,,0,0,0,0,0,0,0,0
0sD6xl3EFbo,234,519.8,521.52,Aí nesse caso vai rujar primeiro Rabadão,0,0,,,0,0,0,0,0,0,0,0
0sD6xl3EFbo,235,521.52,523.38,"Depois Lestita e Void, beleza?",0,0,,,0,0,0,0,0,0,0,0
0sD6xl3EFbo,236,523.9,525.2,"Lembrando a todos, tá bom?",0,0,,,0,0,0,0,0,0,0,0
0sD6xl3EFbo,237,525.24,525.8,Lembrando a todos,0,0,,,0,0,0,0,0,0,0,0
0sD6xl3EFbo,238,525.8,527.24,Que contra a composição Full AP,0,0,,,0,0,0,0,0,0,0,0
0sD6xl3EFbo,239,527.24,528.32,Full Late Game,0,0,,,0,0,0,0,0,0,0,0
0sD6xl3EFbo,240,528.32,530.28,Você não vai mudar o Esguardeão,0,0,,,0,0,0,0,0,0,0,0
0sD6xl3EFbo,241,530.28,532.56,"Porque você vai estar desperdiçando a Maduro do Esguardeão, tá bom?",0,0,,,0,0,0,0,0,0,0,0
0sD6xl3EFbo,242,532.94,534.88,Aí nesse caso aqui no Full Ultra Late Game Zulu,0,0,,,0,0,0,0,0,0,0,0
0sD6xl3EFbo,243,534.88,536.86,Você pode sim vender sua bota de Mier,0,0,,,0,0,0,0,0,0,0,0
0sD6xl3EFbo,244,536.86,538.46,"E comprar também uma Lich Bane, tá bom?",0,0,,,0,0,0,0,0,0,0,0
0sD6xl3EFbo,245,538.66,539.04,Beleza?,0,0,,,0,0,0,0,0,0,0,0
0sD6xl3EFbo,246,539.28,540.58,Então basicamente está feito aqui,0,0,,,0,0,0,0,0,0,0,0
0sD6xl3EFbo,247,540.58,543.3,"A variação da build contra a composição Full AP, tá bom?",0,0,,,0,0,0,0,0,0,0,0
0sD6xl3EFbo,248,543.62,544.82,"Se por acaso, como eu falei",0,0,,,0,0,0,0,0,0,0,0
0sD6xl3EFbo,249,544.82,546.26,Tiver 4 AP e 1 AD,0,0,,,0,0,0,0,0,0,0,0
0sD6xl3EFbo,250,546.26,548.92,"E esse 1 AD for, por exemplo, uma Fez ADC",0,0,,,0,0,0,0,0,0,0,0
0sD6xl3EFbo,251,548.92,550.64,"Um Yas ADC, por exemplo",0,0,,,0,0,0,0,0,0,0,0
0sD6xl3EFbo,252,550.64,553.08,"Uma Samira, você vai comprar as zonas sim, tá bom?",0,0,,,0,0,0,0,0,0,0,0
0sD6xl3EFbo,253,553.14,554.3,Porque se você não comprar as zonas,0,0,,,0,0,0,0,0,0,0,0
0sD6xl3EFbo,254,554.3,557.18,O seu campeão é o campeão de menos armadura do jogo,0,0,,,0,0,0,0,0,0,0,0
0sD6xl3EFbo,255,557.18,558.8,Beleza? Então você não vai conseguir solar,0,0,,,0,0,0,0,0,0,0,0
0sD6xl3EFbo,256,558.8,560.66,"Por descer dos caras, então nesse caso",0,0,,,0,0,0,0,0,0,0,0
0sD6xl3EFbo,257,560.66,562.0,Você não vai comprar a Lich Bane,0,0,,,0,0,0,0,0,0,0,0
0sD6xl3EFbo,258,562.0,565.14,"Vai sim optar pelas zonas e vai mudar normalmente, tá bom?",0,0,,,0,0,0,0,0,0,0,0
0sD6xl3EFbo,259,565.28,566.96,Talvez você pode sim comprar a Bot MR,0,0,,,0,0,0,0,0,0,0,0
0sD6xl3EFbo,260,566.96,569.1,Beleza? É... Só 1 AD lá,0,0,,,0,0,0,0,0,0,0,0
0sD6xl3EFbo,261,569.1,570.6,"Aí vai do seu gosto, tá bom?",0,0,,,0,0,0,0,0,0,0,0
0sD6xl3EFbo,262,571.24,572.92,Pode ser a Bot MR ou a Bota de Penetração,0,0,,,0,0,0,0,0,0,0,0
0sD6xl3EFbo,263,572.92,575.02,"Ou a bota de penetração azul, tá bom?",0,0,,,0,0,0,0,0,0,0,0
0sD6xl3EFbo,264,575.2,576.6,Agora contra a composição Full AD,0,0,,,0,0,0,0,0,0,0,0
0sD6xl3EFbo,265,576.6,578.7,"A build realmente dá uma mudada um pouco, beleza?",0,0,,,0,0,0,0,0,0,0,0
0sD6xl3EFbo,266,578.92,580.28,Então você vai mudar padrãozinho,0,0,,,0,0,0,0,0,0,0,0
0sD6xl3EFbo,267,580.28,581.76,Os itens cores como sempre,0,0,,,0,0,0,0,0,0,0,0
0sD6xl3EFbo,268,581.76,583.26,"Malevolência, Seraph",0,0,,,0,0,0,0,0,0,0,0
0sD6xl3EFbo,269,583.26,585.46,Só que no lugar da bota de penetração,0,0,,,0,0,0,0,0,0,0,0
0sD6xl3EFbo,270,585.46,586.8,Ou contra a composição Full AD,0,0,,,0,0,0,0,0,0,0,0
0sD6xl3EFbo,271,586.8,588.4,"Você vai optar por tabunismo, beleza?",0,0,,,0,0,0,0,0,0,0,0
0sD6xl3EFbo,272,588.82,589.86,"Logo em sequência, zonas",0,0,,,0,0,0,0,0,0,0,0
0sD6xl3EFbo,273,589.86,591.3,E aqui é aquele lance que eu falei,0,0,,,0,0,0,0,0,0,0,0
0sD6xl3EFbo,274,591.3,593.4,"Se você estiver na frente, mejai, tá bom?",0,0,,,0,0,0,0,0,0,0,0
0sD6xl3EFbo,275,593.98,595.96,"Se você estiver na frente, mejai",0,0,,,0,0,0,0,0,0,0,0
0sD6xl3EFbo,276,595.96,597.62,"Então, por exemplo, eu tô na frente aqui",0,0,,,0,0,0,0,0,0,0,0
0sD6xl3EFbo,277,597.62,599.9,"Eu tô bem no game, tô com 5, 7 stacks",0,0,,,0,0,0,0,0,0,0,0
0sD6xl3EFbo,278,599.9,600.58,Malacro fresco,0,0,,,0,0,0,0,0,0,0,0
0sD6xl3EFbo,279,600.58,601.6,Comprei mejai,0,0,,,0,0,0,0,0,0,0,0
0sD6xl3EFbo,280,601.6,603.38,De último item Void,0,0,,,0,0,0,0,0,0,0,0
0sD6xl3EFbo,281,603.38,606.28,"Aí nesse caso, quando eu estou contra o Corpo Fuade",0,0,,,0,0,0,0,0,0,0,0
0sD6xl3EFbo,282,606.28,608.0,Se por acaso eu perder,0,0,,,0,0,0,0,0,0,0,0
0sD6xl3EFbo,283,608.0,609.92,"Minha stat de Mejai, aí eu vou comprar, tá bom?",0,0,,,0,0,0,0,0,0,0,0
0sD6xl3EFbo,284,609.94,611.8,"Um Randuin, beleza? Um Randuin",0,0,,,0,0,0,0,0,0,0,0
0sD6xl3EFbo,285,611.8,613.3,Ou Coração Congelado,0,0,,,0,0,0,0,0,0,0,0
0sD6xl3EFbo,286,613.3,616.28,"Como é que eu posso escolher entre os dois itens, beleza?",0,0,,,0,0,0,0,0,0,0,0
0sD6xl3EFbo,287,616.6,618.04,Se por acaso o time Contra tiver,0,0,,,0,0,0,0,0,0,0,0
0sD6xl3EFbo,288,618.04,619.7,"Muito play, me dando um Rei Destruído",0,0,,,0,0,0,0,0,0,0,0
0sD6xl3EFbo,289,619.7,621.48,"Então, por exemplo, o Mid, Deus e Unione",0,0,,,0,0,0,0,0,0,0,0
0sD6xl3EFbo,290,621.48,623.88,"Que me dão um Rei Destruído, e o Top, por exemplo, a Irelia",0,0,,,0,0,0,0,0,0,0,0
0sD6xl3EFbo,291,623.88,626.2,"Aí você builda o Coração Congelado, tá bom?",0,0,,,0,0,0,0,0,0,0,0
0sD6xl3EFbo,292,626.44,627.76,Se por acaso o time Deus,0,0,,,0,0,0,0,0,0,0,0
0sD6xl3EFbo,293,627.76,629.68,Não buildou um Rei Destruído,0,0,,,0,0,0,0,0,0,0,0
0sD6xl3EFbo,294,629.68,631.42,"E tem muito Cristian contra, então, por exemplo",0,0,,,0,0,0,0,0,0,0,0
0sD6xl3EFbo,295,631.42,633.24,Eu tô contra o Yasu Mid,0,0,,,0,0,0,0,0,0,0,0
0sD6xl3EFbo,296,633.24,634.32,"Que não buildou rei, tá bom?",0,0,,,0,0,0,0,0,0,0,0
0sD6xl3EFbo,297,634.34,635.66,"O top deles é o Kled, por exemplo",0,0,,,0,0,0,0,0,0,0,0
0sD6xl3EFbo,298,635.66,636.5,Eles são afélios,0,0,,,0,0,0,0,0,0,0,0
0sD6xl3EFbo,299,636.5,638.18,Então o time dos caras é full AD,0,0,,,0,0,0,0,0,0,0,0
0sD6xl3EFbo,300,638.18,639.72,Que não buildou rei destruído,0,0,,,0,0,0,0,0,0,0,0
0sD6xl3EFbo,301,639.72,641.48,E por acaso tem muito crítico,0,0,,,0,0,0,0,0,0,0,0
0sD6xl3EFbo,302,641.48,642.62,Como por exemplo Yasu ou Afélio,0,0,,,0,0,0,0,0,0,0,0
0sD6xl3EFbo,303,642.62,643.32,Que eu acabei de dizer,0,0,,,0,0,0,0,0,0,0,0
0sD6xl3EFbo,304,643.32,645.08,"Você vai buildar Randuin, tá bom?",0,0,,,0,0,0,0,0,0,0,0
0sD6xl3EFbo,305,645.24,646.8,Mas em 90% dos casos,0,0,,,0,0,0,0,0,0,0,0
0sD6xl3EFbo,306,646.8,648.5,"Sendo geral, você vai buildar Randuin",0,0,,,0,0,0,0,0,0,0,0
0sD6xl3EFbo,307,648.5,650.68,Antigamente o coração congelado era mais core,0,0,,,0,0,0,0,0,0,0,0
0sD6xl3EFbo,308,650.68,653.04,"Beleza, só que a Riot acabou nerfando muito a Surf",0,0,,,0,0,0,0,0,0,0,0
0sD6xl3EFbo,309,653.04,654.8,O scale da mana da Surf,0,0,,,0,0,0,0,0,0,0,0
0sD6xl3EFbo,310,654.8,656.44,Com o scale de predibilidade,0,0,,,0,0,0,0,0,0,0,0
0sD6xl3EFbo,311,656.44,658.18,Então antigamente você buildava o coração congelado,0,0,,,0,0,0,0,0,0,0,0
0sD6xl3EFbo,312,658.18,660.0,Porque a gente dava muito status de AP,0,0,,,0,0,0,0,0,0,0,0
0sD6xl3EFbo,313,660.0,661.1,Porque combina com a sua Surf,0,0,,,0,0,0,0,0,0,0,0
0sD6xl3EFbo,314,661.1,663.38,"Só que a Riot reduziu essa porcentagem, tá bom?",0,0,,,0,0,0,0,0,0,0,0
0sD6xl3EFbo,315,663.8,665.14,Então 90% dos casos vai ser,0,0,,,0,0,0,0,0,0,0,0
0sD6xl3EFbo,316,665.14,666.36,"Vai ser a Randoin mesmo, tá bom?",0,0,,,0,0,0,0,0,0,0,0
0sD6xl3EFbo,317,666.86,669.4,"Então, por exemplo, eu comecei na frente aqui, o build da Imejai, o último item Void",0,0,,,0,0,0,0,0,0,0,0
0sD6xl3EFbo,318,669.4,671.32,Aí eu perdi meu stack de,0,0,,,0,0,0,0,0,0,0,0
0sD6xl3EFbo,319,671.32,673.24,"Imejai Zuda, que eu vou vender",0,0,,,0,0,0,0,0,0,0,0
0sD6xl3EFbo,320,673.24,674.74,"E comprar minha Randoin, tá bom?",0,0,,,0,0,0,0,0,0,0,0
0sD6xl3EFbo,321,674.92,677.04,"Se por acaso, como eu falei, for um game raro, tiver muito rei",0,0,,,0,0,0,0,0,0,0,0
0sD6xl3EFbo,322,677.04,678.68,"Destruindo o conto, eu compro o coração congelado",0,0,,,0,0,0,0,0,0,0,0
0sD6xl3EFbo,323,678.68,680.88,"Mas, na maioria dos casos, vai ser assim mesmo, beleza?",0,0,,,0,0,0,0,0,0,0,0
0sD6xl3EFbo,324,681.36,682.96,"Comprei o Randoin, depois",0,0,,,0,0,0,0,0,0,0,0
0sD6xl3EFbo,325,682.96,685.08,"Full late game Zuda, né? Estou com o gold sobrando",0,0,,,0,0,0,0,0,0,0,0
0sD6xl3EFbo,326,685.08,687.36,Eu compro aqui o meu Anjo Guardião,0,0,,,0,0,0,0,0,0,0,0
0sD6xl3EFbo,327,687.36,689.36,Beleza? Lembrando sempre aquela regrinha,0,0,,,0,0,0,0,0,0,0,0
0sD6xl3EFbo,328,689.36,690.46,Os Anjos Guardião,0,0,,,0,0,0,0,0,0,0,0
0sD6xl3EFbo,329,690.46,692.48,"Tá sem a passiva, o item é inútil, beleza?",0,0,,,0,0,0,0,0,0,0,0
0sD6xl3EFbo,330,692.58,694.7,"Você pode vender o item e comprar este Benizu, tá bom?",0,0,,,0,0,0,0,0,0,0,0
0sD6xl3EFbo,331,695.02,697.1,"Então, basicamente, vai ficar mais ou menos assim",0,0,,,0,0,0,0,0,0,0,0
0sD6xl3EFbo,332,697.1,698.26,"Sua build, tá bom? Lembrando",0,0,,,0,0,0,0,0,0,0,0
0sD6xl3EFbo,333,698.26,700.82,Se você não tiver na frente ou tiver um pouco atrás,0,0,,,0,0,0,0,0,0,0,0
0sD6xl3EFbo,334,700.82,703.0,"Você não vai buildar sua Mejaisura, tá bom?",0,0,,,0,0,0,0,0,0,0,0
0sD6xl3EFbo,335,703.1,704.9,"Você pode buildar padrãozinho, no caso, né?",0,0,,,0,0,0,0,0,0,0,0
0sD6xl3EFbo,336,705.04,706.8,Que ia ser Malevolência,0,0,,,0,0,0,0,0,0,0,0
0sD6xl3EFbo,337,706.8,708.8,"Seraph, bota de... Aí aqui ia ser",0,0,,,0,0,0,0,0,0,0,0
0sD6xl3EFbo,338,708.8,710.4,"Tabi Ninja, Zhonyas",0,0,,,0,0,0,0,0,0,0,0
0sD6xl3EFbo,339,710.4,712.92,"Então tá na frente aqui, você vai",0,0,,,0,0,0,0,0,0,0,0
0sD6xl3EFbo,340,712.92,714.2,"Poder buildar, no caso",0,0,,,0,0,0,0,0,0,0,0
0sD6xl3EFbo,341,714.2,716.6,"Então tá na frente aqui, você vai poder buildar",0,0,,,0,0,0,0,0,0,0,0
0sD6xl3EFbo,342,716.6,719.24,O item defensivo ou o item de dano,0,0,,,0,0,0,0,0,0,0,0
0sD6xl3EFbo,343,719.24,721.48,"Tá bom? Então, você pode",0,0,,,0,0,0,0,0,0,0,0
0sD6xl3EFbo,344,721.48,722.76,Contra a composição 4AD,0,0,,,0,0,0,0,0,0,0,0
0sD6xl3EFbo,345,722.76,724.2,Buildar defensivamente aqui,0,0,,,0,0,0,0,0,0,0,0
0sD6xl3EFbo,346,724.2,726.88,"Então você pode, por exemplo, se a compra inimiga",0,0,,,0,0,0,0,0,0,0,0
0sD6xl3EFbo,347,726.88,728.64,"Tiver muito rei destruído, como eu falei",0,0,,,0,0,0,0,0,0,0,0
0sD6xl3EFbo,348,728.64,730.34,Pode já buildar aqui o coração congelado,0,0,,,0,0,0,0,0,0,0,0
0sD6xl3EFbo,349,730.34,732.52,"E de último, ele tem que buildar a vod, beleza?",0,0,,,0,0,0,0,0,0,0,0
0sD6xl3EFbo,350,732.68,734.68,Mesmo se a compra inimiga não tiver buildando MR,0,0,,,0,0,0,0,0,0,0,0
0sD6xl3EFbo,351,734.68,737.08,"A vod sempre tem que ter na build, tá bom?",0,0,,,0,0,0,0,0,0,0,0
0sD6xl3EFbo,352,737.12,738.78,Ela dá muito mais dano que o rabadão de forma geral,0,0,,,0,0,0,0,0,0,0,0
0sD6xl3EFbo,353,738.78,740.64,"Porque como eu falei, o late game",0,0,,,0,0,0,0,0,0,0,0
0sD6xl3EFbo,354,740.64,742.84,"Escala muito com nível, tem muita MR",0,0,,,0,0,0,0,0,0,0,0
0sD6xl3EFbo,355,742.84,743.88,E base elevada por causa disso,0,0,,,0,0,0,0,0,0,0,0
0sD6xl3EFbo,356,743.88,745.66,"Então ele vai ficar assim em sua build, no caso",0,0,,,0,0,0,0,0,0,0,0
0sD6xl3EFbo,357,745.66,748.74,"Ou se não, se você quiser buildar mais dano mesmo",0,0,,,0,0,0,0,0,0,0,0
0sD6xl3EFbo,358,748.74,750.2,Você pode mudar aqui no caso,0,0,,,0,0,0,0,0,0,0,0
0sD6xl3EFbo,359,750.2,752.24,No caso Void aqui,0,0,,,0,0,0,0,0,0,0,0
0sD6xl3EFbo,360,752.24,754.38,"E de último item, sim, você pode mudar",0,0,,,0,0,0,0,0,0,0,0
0sD6xl3EFbo,361,754.38,756.22,"Um item de armadura aqui, tá bom?",0,0,,,0,0,0,0,0,0,0,0
0sD6xl3EFbo,362,756.28,757.12,Quanto composições for AD,0,0,,,0,0,0,0,0,0,0,0
0sD6xl3EFbo,363,757.12,760.38,Então basicamente está explicado aqui as variações da build,0,0,,,0,0,0,0,0,0,0,0
0sD6xl3EFbo,364,760.38,761.48,"Com o Chameleon, tá bom?",0,0,,,0,0,0,0,0,0,0,0
0sD6xl3EFbo,365,761.84,764.24,"Quanto a composição for AP, quanto a composição for AD",0,0,,,0,0,0,0,0,0,0,0
0sD6xl3EFbo,366,764.24,766.02,"E quanto a composições normais, tá bom?",0,0,,,0,0,0,0,0,0,0,0
0sD6xl3EFbo,367,766.54,768.72,E agora também temos a variação Zulu de Roa,0,0,,,0,0,0,0,0,0,0,0
0sD6xl3EFbo,368,768.72,770.36,"Cara, Roa é muito simples, tá bom?",0,0,,,0,0,0,0,0,0,0,0
0sD6xl3EFbo,369,770.4,770.9,Muito simples,0,0,,,0,0,0,0,0,0,0,0
0sD6xl3EFbo,370,770.9,773.02,"No caso do item Roa, geralmente",0,0,,,0,0,0,0,0,0,0,0
0sD6xl3EFbo,371,773.02,775.96,"95% dos meus jogos eu não build o item, tá bom?",0,0,,,0,0,0,0,0,0,0,0
0sD6xl3EFbo,372,775.96,776.96,Eu não gosto de mudar o item,0,0,,,0,0,0,0,0,0,0,0
0sD6xl3EFbo,373,776.96,779.44,Eu acho que você perde muito potencial de desobalar o jogo,0,0,,,0,0,0,0,0,0,0,0
0sD6xl3EFbo,374,779.44,780.44,"De fazer um V9, tá bom?",0,0,,,0,0,0,0,0,0,0,0
0sD6xl3EFbo,375,781.0,783.32,"Eu acho o item meio passe, mas se você estiver começando",0,0,,,0,0,0,0,0,0,0,0
0sD6xl3EFbo,376,783.32,785.48,"Com o campeão, ele pode ser, você pode sim",0,0,,,0,0,0,0,0,0,0,0
0sD6xl3EFbo,377,785.48,787.34,Fazer a build da avaliação de roa,0,0,,,0,0,0,0,0,0,0,0
0sD6xl3EFbo,378,787.34,789.54,Pelo simples fato de ser uma build mais fácil de jogar,0,0,,,0,0,0,0,0,0,0,0
0sD6xl3EFbo,379,789.54,791.54,"Tá bom? Você vai ter mais vida, vai ter mais",0,0,,,0,0,0,0,0,0,0,0
0sD6xl3EFbo,380,791.54,793.24,"Mano, então você pode se dar foco em meter mais",0,0,,,0,0,0,0,0,0,0,0
0sD6xl3EFbo,381,793.24,795.74,"Nils Caçadinho, tá bom? Então, a avaliação de roa",0,0,,,0,0,0,0,0,0,0,0
0sD6xl3EFbo,382,795.74,797.42,Você vai ruxar,0,0,,,0,0,0,0,0,0,0,0
0sD6xl3EFbo,383,797.42,799.68,"Sua roa, tá bom? Você vai ruxar sua roa",0,0,,,0,0,0,0,0,0,0,0
0sD6xl3EFbo,384,799.68,801.4,"Só que, sempre aquela regrinha",0,0,,,0,0,0,0,0,0,0,0
0sD6xl3EFbo,385,801.4,803.48,"De primeiro e segundo recall, você compra",0,0,,,0,0,0,0,0,0,0,0
0sD6xl3EFbo,386,803.48,805.24,"Sua gota, beleza? Porque no caso",0,0,,,0,0,0,0,0,0,0,0
0sD6xl3EFbo,387,805.24,807.48,"Quando você fechar o segundo item aqui, o arcângel",0,0,,,0,0,0,0,0,0,0,0
0sD6xl3EFbo,388,807.48,809.32,"Você já vai fechar a estacada, tá bom?",0,0,,,0,0,0,0,0,0,0,0
0sD6xl3EFbo,389,809.6,811.64,"E logo em seguida você fecha a sua manevolência, tá bom?",0,0,,,0,0,0,0,0,0,0,0
0sD6xl3EFbo,390,812.18,814.24,"E depois você vai fechar a sua bota completa, beleza?",0,0,,,0,0,0,0,0,0,0,0
0sD6xl3EFbo,391,814.72,816.62,Lembrando que ao buildar a sua build,0,0,,,0,0,0,0,0,0,0,0
0sD6xl3EFbo,392,816.62,818.24,Sobrar 300 de gold,0,0,,,0,0,0,0,0,0,0,0
0sD6xl3EFbo,393,818.24,819.98,"Você sempre compra a botinha base, tá bom?",0,0,,,0,0,0,0,0,0,0,0
0sD6xl3EFbo,394,820.3,822.24,"Aqui eu compro então minha bot, minha iteração, tá bom?",0,0,,,0,0,0,0,0,0,0,0
0sD6xl3EFbo,395,822.74,823.42,E aquela regrinha,0,0,,,0,0,0,0,0,0,0,0
0sD6xl3EFbo,396,823.42,825.98,"Se eu tiver na frente aqui, eu vou comprar minha mejai zuda, tá bom?",0,0,,,0,0,0,0,0,0,0,0
0sD6xl3EFbo,397,826.34,828.36,E de último item eu vou comprar minha zona zuda,0,0,,,0,0,0,0,0,0,0,0
0sD6xl3EFbo,398,828.36,830.72,Se por acaso eu perder meu stack de mejai,0,0,,,0,0,0,0,0,0,0,0
0sD6xl3EFbo,399,830.72,832.46,Ou o jogo for por muito late game,0,0,,,0,0,0,0,0,0,0,0
0sD6xl3EFbo,400,832.46,834.46,Aí no caso eu vender minha mejai e vou comprar a vod,0,0,,,0,0,0,0,0,0,0,0
0sD6xl3EFbo,401,834.46,834.94,Beleza?,0,0,,,0,0,0,0,0,0,0,0
0sD6xl3EFbo,402,835.24,836.3,Ficando assim minha build,0,0,,,0,0,0,0,0,0,0,0
0sD6xl3EFbo,403,836.3,838.26,Se o jogo durar ainda mais,0,0,,,0,0,0,0,0,0,0,0
0sD6xl3EFbo,404,838.26,840.24,Eu posso vender,0,0,,,0,0,0,0,0,0,0,0
0sD6xl3EFbo,405,840.24,843.16,A minha bota e comprar o anjo guardião zudo,0,0,,,0,0,0,0,0,0,0,0
0sD6xl3EFbo,406,843.16,843.6,Beleza?,0,0,,,0,0,0,0,0,0,0,0
0sD6xl3EFbo,407,844.2,845.66,Então vai ficar basicamente assim,0,0,,,0,0,0,0,0,0,0,0
0sD6xl3EFbo,408,845.66,848.62,O meu full late game,0,0,,,0,0,0,0,0,0,0,0
0sD6xl3EFbo,409,848.62,850.84,Aqui de caça a dofe com a rua,0,0,,,0,0,0,0,0,0,0,0
0sD6xl3EFbo,410,850.84,853.12,Também tem um outro fator aqui nessa build,0,0,,,0,0,0,0,0,0,0,0
0sD6xl3EFbo,411,853.12,854.0,Eu acabei esquecendo de falar,0,0,,,0,0,0,0,0,0,0,0
0sD6xl3EFbo,412,854.0,857.02,"Mas se o jogo durar ainda mais, aí você pode além disso",0,0,,,0,0,0,0,0,0,0,0
0sD6xl3EFbo,413,857.02,858.2,Vender sua bota e comprar o anjo guardião,0,0,,,0,0,0,0,0,0,0,0
0sD6xl3EFbo,414,858.2,861.14,Você pode vender a sua malevolência e comprar,0,0,,,0,0,0,0,0,0,0,0
0sD6xl3EFbo,415,861.14,862.1,Lich Dane,0,0,,,0,0,0,0,0,0,0,0
0sD6xl3EFbo,416,862.1,863.32,Pelo simples fato,0,0,,,0,0,0,0,0,0,0,0
0sD6xl3EFbo,417,863.32,865.48,Como você tá full late game de Caçadinho,0,0,,,0,0,0,0,0,0,0,0
0sD6xl3EFbo,418,865.48,867.16,Tá level 18 já,0,0,,,0,0,0,0,0,0,0,0
0sD6xl3EFbo,419,867.16,869.38,O CDR que a malevolência te dá,0,0,,,0,0,0,0,0,0,0,0
0sD6xl3EFbo,420,869.38,870.06,"É inútil, tá bom?",0,0,,,0,0,0,0,0,0,0,0
0sD6xl3EFbo,421,870.22,871.36,Porque o full late game do Caçadinho,0,0,,,0,0,0,0,0,0,0,0
0sD6xl3EFbo,422,871.36,873.32,"Seu R já vai tá com o meio de um segundo, tá bom?",0,0,,,0,0,0,0,0,0,0,0
0sD6xl3EFbo,423,873.6,875.88,É porque eu não tô com o Ultimate Run destacado aqui na Rua Secundária,0,0,,,0,0,0,0,0,0,0,0
0sD6xl3EFbo,424,875.88,877.74,Então você vai ganhar,0,0,,,0,0,0,0,0,0,0,0
0sD6xl3EFbo,425,877.74,879.0,A sua passiva de malevolência,0,0,,,0,0,0,0,0,0,0,0
0sD6xl3EFbo,426,879.0,881.1,"Você vai ganhar, sei lá, 0.3 segundos seu R",0,0,,,0,0,0,0,0,0,0,0
0sD6xl3EFbo,427,881.1,882.66,"Que é muito inútil basicamente, tá bom?",0,0,,,0,0,0,0,0,0,0,0
0sD6xl3EFbo,428,883.06,885.12,Então você vai acabar vendendo a sua malevolência,0,0,,,0,0,0,0,0,0,0,0
0sD6xl3EFbo,429,885.12,886.12,E comprando a Nishibane,0,0,,,0,0,0,0,0,0,0,0
0sD6xl3EFbo,430,886.12,887.96,"Nesse full late game, beleza?",0,0,,,0,0,0,0,0,0,0,0
0sD6xl3EFbo,431,888.7,889.36,E é aquilo que eu te falei,0,0,,,0,0,0,0,0,0,0,0
0sD6xl3EFbo,432,889.36,890.88,"Se você não tiver na frente, padrão",0,0,,,0,0,0,0,0,0,0,0
0sD6xl3EFbo,433,890.88,891.86,Vai mudar a mesma coisa,0,0,,,0,0,0,0,0,0,0,0
0sD6xl3EFbo,434,891.86,895.16,"Só que não vai vir, no caso, a sua...",0,0,,,0,0,0,0,0,0,0,0
0sD6xl3EFbo,435,895.16,897.32,"Não vai vir, no caso, o seu Mejaisudo",0,0,,,0,0,0,0,0,0,0,0
0sD6xl3EFbo,436,897.32,899.04,Então você vai buildar padrão aqui,0,0,,,0,0,0,0,0,0,0,0
0sD6xl3EFbo,437,899.04,900.0,Vai buildar...,0,0,,,0,0,0,0,0,0,0,0
0sD6xl3EFbo,438,900.0,901.74,"Aí, no caso, você vai buildar padrão aqui, tá bom?",0,0,,,0,0,0,0,0,0,0,0
0sD6xl3EFbo,439,901.86,902.9,Não vai vir o seu Mejaisudo,0,0,,,0,0,0,0,0,0,0,0
0sD6xl3EFbo,440,902.9,904.62,"Tu vai buildar Zonias, beleza?",0,0,,,0,0,0,0,0,0,0,0
0sD6xl3EFbo,441,905.24,906.06,E depois VOD,0,0,,,0,0,0,0,0,0,0,0
0sD6xl3EFbo,442,906.06,907.42,Tá bom?,0,0,,,0,0,0,0,0,0,0,0
0sD6xl3EFbo,443,907.46,908.78,E se durar o Full Late Game,0,0,,,0,0,0,0,0,0,0,0
0sD6xl3EFbo,444,908.78,909.92,Você vai fazer aquilo,0,0,,,0,0,0,0,0,0,0,0
0sD6xl3EFbo,445,909.92,911.48,Vender Botas de Guardião,0,0,,,0,0,0,0,0,0,0,0
0sD6xl3EFbo,446,911.48,914.18,Vender a Medieval Lens com o Palete Bane,0,0,,,0,0,0,0,0,0,0,0
0sD6xl3EFbo,447,914.18,914.98,Fechou?,0,0,,,0,0,0,0,0,0,0,0
0sD6xl3EFbo,448,915.42,917.64,"Então tá explicado aí a variação de rua também, tá bom?",0,0,,,0,0,0,0,0,0,0,0
0sD6xl3EFbo,449,918.26,920.58,Se for por acaso contra a composição Full AD,0,0,,,0,0,0,0,0,0,0,0
0sD6xl3EFbo,450,920.58,921.9,Ou um full AP contra,0,0,,,0,0,0,0,0,0,0,0
0sD6xl3EFbo,451,921.9,924.04,"Você só vai, contra full AD no caso",0,0,,,0,0,0,0,0,0,0,0
0sD6xl3EFbo,452,924.04,926.44,Você só vai vender o seu,0,0,,,0,0,0,0,0,0,0,0
0sD6xl3EFbo,453,926.44,928.44,Você só vai trocar a sua bot,0,0,,,0,0,0,0,0,0,0,0
0sD6xl3EFbo,454,928.44,930.38,"Pra interação, pra tab ninja, tá bom?",0,0,,,0,0,0,0,0,0,0,0
0sD6xl3EFbo,455,930.56,931.62,Se for um full AD contra,0,0,,,0,0,0,0,0,0,0,0
0sD6xl3EFbo,456,931.62,933.54,E se for por acaso um full AP contra,0,0,,,0,0,0,0,0,0,0,0
0sD6xl3EFbo,457,933.54,935.62,Você vai comprar bot de MR,0,0,,,0,0,0,0,0,0,0,0
0sD6xl3EFbo,458,935.62,937.46,E no lugar das 11 vai comprar a Banshee Zuda,0,0,,,0,0,0,0,0,0,0,0
0sD6xl3EFbo,459,937.46,941.38,Agora vindo aqui sobre a parte,0,0,,,0,0,0,0,0,0,0,0
0sD6xl3EFbo,460,941.38,942.88,"Aqui dos combos do Castle of, tá bom?",0,0,,,0,0,0,0,0,0,0,0
0sD6xl3EFbo,461,943.36,945.46,"De maneira geral, a ordem diz que",0,0,,,0,0,0,0,0,0,0,0
0sD6xl3EFbo,462,945.46,946.74,"O sua não importa tanto, beleza?",0,0,,,0,0,0,0,0,0,0,0
0sD6xl3EFbo,463,947.0,949.5,Desde que você sempre usa o seu o que?,0,0,,,0,0,0,0,0,0,0,0
0sD6xl3EFbo,464,949.5,950.92,"No final dos combos, tá bom?",0,0,,,0,0,0,0,0,0,0,0
0sD6xl3EFbo,465,951.4,953.78,"Porque o seu Q, como você pode perceber aqui",0,0,,,0,0,0,0,0,0,0,0
0sD6xl3EFbo,466,953.78,955.9,"Ficou, você pode perceber que o seu Q",0,0,,,0,0,0,0,0,0,0,0
0sD6xl3EFbo,467,955.9,958.16,"Ele tem um delay pra pousar skill, tá bom?",0,0,,,0,0,0,0,0,0,0,0
0sD6xl3EFbo,468,958.72,960.5,"Então, você sempre quer usar o seu Q",0,0,,,0,0,0,0,0,0,0,0
0sD6xl3EFbo,469,960.5,961.64,"No final das suas 3, beleza?",0,0,,,0,0,0,0,0,0,0,0
0sD6xl3EFbo,470,961.9,963.1,Porque pro delay que tem,0,0,,,0,0,0,0,0,0,0,0
0sD6xl3EFbo,471,963.1,964.6,E também pelo baixo dano que ele dá,0,0,,,0,0,0,0,0,0,0,0
0sD6xl3EFbo,472,964.6,966.06,"E ordens que não importa tanto, beleza?",0,0,,,0,0,0,0,0,0,0,0
0sD6xl3EFbo,473,966.7,968.62,"Então, o primeiro combo aqui, de modo geral",0,0,,,0,0,0,0,0,0,0,0
0sD6xl3EFbo,474,968.62,970.2,Você vai usar E,0,0,,,0,0,0,0,0,0,0,0
0sD6xl3EFbo,475,970.2,971.96,R,0,0,,,0,0,0,0,0,0,0,0
0sD6xl3EFbo,476,971.96,974.98,"Vai cancelar o seu ataque básico, o seu W",0,0,,,0,0,0,0,0,0,0,0
0sD6xl3EFbo,477,974.98,977.2,"Depois vai usar o Q no final, tá bom?",0,0,,,0,0,0,0,0,0,0,0
0sD6xl3EFbo,478,977.6,978.9,"Então, vamos fazer de maneira rápida aqui",0,0,,,0,0,0,0,0,0,0,0
0sD6xl3EFbo,479,978.9,980.86,E R no seu ataque básico,0,0,,,0,0,0,0,0,0,0,0
0sD6xl3EFbo,480,980.86,982.9,"E Q no final, beleza? Então esse é o primeiro combo",0,0,,,0,0,0,0,0,0,0,0
0sD6xl3EFbo,481,982.9,984.7,"Aí realizado, lembrando",0,0,,,0,0,0,0,0,0,0,0
0sD6xl3EFbo,482,984.7,986.94,"Rapaziada, que a ordem não importa",0,0,,,0,0,0,0,0,0,0,0
0sD6xl3EFbo,483,986.94,988.8,"Muito, beleza? Você tem que sempre",0,0,,,0,0,0,0,0,0,0,0
0sD6xl3EFbo,484,988.8,991.1,Ficar mais atento a resetar o ataque básico,0,0,,,0,0,0,0,0,0,0,0
0sD6xl3EFbo,485,991.1,991.96,Com o seu W,0,0,,,0,0,0,0,0,0,0,0
0sD6xl3EFbo,486,991.96,994.36,Resetar o ataque básico,0,0,,,0,0,0,0,0,0,0,0
0sD6xl3EFbo,487,994.36,997.0,E também sempre ficar atento pra usar o seu Q,0,0,,,0,0,0,0,0,0,0,0
0sD6xl3EFbo,488,997.0,998.84,"Nos finais das trades, beleza?",0,0,,,0,0,0,0,0,0,0,0
0sD6xl3EFbo,489,999.24,1001.04,Além também que é sim interessante,0,0,,,0,0,0,0,0,0,0,0
0sD6xl3EFbo,490,1001.04,1002.24,Você sempre,0,0,,,0,0,0,0,0,0,0,0
0sD6xl3EFbo,491,1002.24,1004.96,Tentar usar o seu E,0,0,,,0,0,0,0,0,0,0,0
0sD6xl3EFbo,492,1004.96,1006.88,"Nos primeiros das trades, pelo simples",0,0,,,0,0,0,0,0,0,0,0
0sD6xl3EFbo,493,1006.88,1009.1,fato que todas as suas skills reduzem,0,0,,,0,0,0,0,0,0,0,0
0sD6xl3EFbo,494,1009.1,1010.96,"no seu E, tá bom? Então, por exemplo,",0,0,,,0,0,0,0,0,0,0,0
0sD6xl3EFbo,495,1011.26,1012.78,"ó, é...",0,0,,,0,0,0,0,0,0,0,0
0sD6xl3EFbo,496,1012.78,1014.98,"se eu usar meu... se eu usar, por",0,0,,,0,0,0,0,0,0,0,0
0sD6xl3EFbo,497,1014.98,1016.92,"exemplo, meu... meu E,",0,0,,,0,0,0,0,0,0,0,0
0sD6xl3EFbo,498,1017.5,1019.02,"ele tem 12 segundos CD, mas",0,0,,,0,0,0,0,0,0,0,0
0sD6xl3EFbo,499,1019.02,1021.06,"se eu usar outros skills, pode ver",0,0,,,0,0,0,0,0,0,0,0
0sD6xl3EFbo,500,1021.06,1023.12,que eu reduzo quase um segundo,0,0,,,0,0,0,0,0,0,0,0
0sD6xl3EFbo,501,1023.12,1024.88,"o tempo do Yas, tá vendo? Isso também",0,0,,,0,0,0,0,0,0,0,0
0sD6xl3EFbo,502,1024.88,1027.04,"vale pro oponente. Então, por exemplo, se eu usar meu E",0,0,,,0,0,0,0,0,0,0,0
0sD6xl3EFbo,503,1027.04,1028.94,"em 12 segundos, o Yas,",0,0,,,0,0,0,0,0,0,0,0
0sD6xl3EFbo,504,1029.02,1030.94,"por exemplo, contra mim usa o Q, vai também",0,0,,,0,0,0,0,0,0,0,0
0sD6xl3EFbo,505,1030.94,1032.16,"diminuir o CD do meu E, tá bom?",0,0,,,0,0,0,0,0,0,0,0
0sD6xl3EFbo,506,1033.02,1034.84,A cada skill que eu utilizar perto de mim,0,0,,,0,0,0,0,0,0,0,0
0sD6xl3EFbo,507,1034.84,1037.34,Diminuir 0.75,0,0,,,0,0,0,0,0,0,0,0
0sD6xl3EFbo,508,1037.34,1039.12,"Seria do meu E, tá bom? Então por isso também",0,0,,,0,0,0,0,0,0,0,0
0sD6xl3EFbo,509,1039.12,1040.94,Que é interessante você sempre começar com,0,0,,,0,0,0,0,0,0,0,0
0sD6xl3EFbo,510,1040.94,1043.14,Você sempre começar no início,0,0,,,0,0,0,0,0,0,0,0
0sD6xl3EFbo,511,1043.14,1044.74,"Das suas 3 com E, tá bom? Quando você pode",0,0,,,0,0,0,0,0,0,0,0
0sD6xl3EFbo,512,1044.74,1047.28,"Então por exemplo, tem uma Lux aqui, eu vou usar o R",0,0,,,0,0,0,0,0,0,0,0
0sD6xl3EFbo,513,1047.28,1048.62,"Nela, vou usar o E",0,0,,,0,0,0,0,0,0,0,0
0sD6xl3EFbo,514,1048.62,1050.86,"O Hit, resetando o ataque básico",0,0,,,0,0,0,0,0,0,0,0
0sD6xl3EFbo,515,1050.86,1052.48,"Com meu W e depois o Q no final, beleza?",0,0,,,0,0,0,0,0,0,0,0
0sD6xl3EFbo,516,1052.94,1055.22,Então o segundo combo aqui do caçador vai ser basicamente,0,0,,,0,0,0,0,0,0,0,0
0sD6xl3EFbo,517,1055.22,1057.26,Quando o inimigo não tem visão sua,0,0,,,0,0,0,0,0,0,0,0
0sD6xl3EFbo,518,1057.26,1058.76,"Tá bom? Então é o full combo, você vai",0,0,,,0,0,0,0,0,0,0,0
0sD6xl3EFbo,519,1058.76,1060.5,"Dessa vez aqui, você vai começar com o Q",0,0,,,0,0,0,0,0,0,0,0
0sD6xl3EFbo,520,1060.5,1062.28,"Porque ele não tem visão sua, beleza?",0,0,,,0,0,0,0,0,0,0,0
0sD6xl3EFbo,521,1062.28,1067.42,"Então você vai começar com o Q, depois R, depois E, um hit e W, tá bom?",0,0,,,0,0,0,0,0,0,0,0
0sD6xl3EFbo,522,1067.9,1072.34,"É a mesma situação do primeiro combo, só que aqui você começa com o Q porque não tem visão sua, beleza?",0,0,,,0,0,0,0,0,0,0,0
0sD6xl3EFbo,523,1072.82,1075.14,"Então o seu Q e seu R vai cair basicamente juntos, se liga",0,0,,,0,0,0,0,0,0,0,0
0sD6xl3EFbo,524,1075.14,1078.2,O seu Q e R vai cair juntos basicamente,0,0,,,0,0,0,0,0,0,0,0
0sD6xl3EFbo,525,1078.2,1081.82,"Usar Q, R, E, um hit e W, tá bom?",0,0,,,0,0,0,0,0,0,0,0
0sD6xl3EFbo,526,1082.46,1084.94,"Basicamente é esse aí, é o segundo combo do Caçadinho",0,0,,,0,0,0,0,0,0,0,0
0sD6xl3EFbo,527,1084.94,1087.42,"Como eu falei, os combos do Caçadinho são bem simples, tá bom?",0,0,,,0,0,0,0,0,0,0,0
0sD6xl3EFbo,528,1087.78,1089.92,"Não importa muito a hora que você usa skill, beleza?",0,0,,,0,0,0,0,0,0,0,0
0sD6xl3EFbo,529,1089.92,1092.28,Desde que você reseta o seu ataque básico,0,0,,,0,0,0,0,0,0,0,0
0sD6xl3EFbo,530,1092.28,1093.12,Quase sempre,0,0,,,0,0,0,0,0,0,0,0
0sD6xl3EFbo,531,1093.12,1096.96,E 99% das suas situações,0,0,,,0,0,0,0,0,0,0,0
0sD6xl3EFbo,532,1096.96,1099.2,Usar o Q no,0,0,,,0,0,0,0,0,0,0,0
0sD6xl3EFbo,533,1099.2,1100.88,No final das suas trades,0,0,,,0,0,0,0,0,0,0,0
0sD6xl3EFbo,534,1100.88,1102.52,Agora sobre aqui,0,0,,,0,0,0,0,0,0,0,0
0sD6xl3EFbo,535,1102.52,1104.08,Os combos com flash dele,0,0,,,0,0,0,0,0,0,0,0
0sD6xl3EFbo,536,1104.08,1105.34,"Tem alguns combos, tá bom?",0,0,,,0,0,0,0,0,0,0,0
0sD6xl3EFbo,537,1105.7,1108.0,O mais simples de todos é o R flash,0,0,,,0,0,0,0,0,0,0,0
0sD6xl3EFbo,538,1108.0,1110.16,Então você vai apertar o R,0,0,,,0,0,0,0,0,0,0,0
0sD6xl3EFbo,539,1110.16,1111.22,Depois apertar o flash,0,0,,,0,0,0,0,0,0,0,0
0sD6xl3EFbo,540,1111.22,1112.74,"Basicamente, tá bom?",0,0,,,0,0,0,0,0,0,0,0
0sD6xl3EFbo,541,1112.8,1116.02,Nunca aperta o R flash depois o R,0,0,,,0,0,0,0,0,0,0,0
0sD6xl3EFbo,542,1116.02,1116.44,Beleza?,0,0,,,0,0,0,0,0,0,0,0
0sD6xl3EFbo,543,1117.3,1119.48,Porque se você apertar o flash depois o R,0,0,,,0,0,0,0,0,0,0,0
0sD6xl3EFbo,544,1119.48,1120.7,"Vai ter um delay, tá bom?",0,0,,,0,0,0,0,0,0,0,0
0sD6xl3EFbo,545,1121.02,1123.04,O seu flash basicamente cancela a animação do seu R,0,0,,,0,0,0,0,0,0,0,0
0sD6xl3EFbo,546,1123.04,1125.8,"Então é sempre o R e depois o flash, tá bom?",0,0,,,0,0,0,0,0,0,0,0
0sD6xl3EFbo,547,1126.06,1127.42,O segredo aqui é,0,0,,,0,0,0,0,0,0,0,0
0sD6xl3EFbo,548,1127.42,1130.26,O seu combo vai cair sempre onde o seu ponteiro tá apontado,0,0,,,0,0,0,0,0,0,0,0
0sD6xl3EFbo,549,1130.26,1130.68,"Então, beleza",0,0,,,0,0,0,0,0,0,0,0
0sD6xl3EFbo,550,1130.68,1133.28,Eu quero acertar aquele...,0,0,,,0,0,0,0,0,0,0,0
0sD6xl3EFbo,551,1133.28,1134.22,"O inimigo ali, tá bom?",0,0,,,0,0,0,0,0,0,0,0
0sD6xl3EFbo,552,1134.78,1136.26,"Então o meu ponteiro vai lá, tá vendo?",0,0,,,0,0,0,0,0,0,0,0
0sD6xl3EFbo,553,1136.42,1138.42,"O meu ponteiro tá aqui, eu vou fechar nele, ó",0,0,,,0,0,0,0,0,0,0,0
0sD6xl3EFbo,554,1138.42,1140.26,"Meu ponteiro tá nele, entendeu?",0,0,,,0,0,0,0,0,0,0,0
0sD6xl3EFbo,555,1140.48,1142.54,Então o meu combo sempre vai onde o ponteiro vai,0,0,,,0,0,0,0,0,0,0,0
0sD6xl3EFbo,556,1142.54,1144.92,"Isso aqui é questão de prática mesmo, tá bom?",0,0,,,0,0,0,0,0,0,0,0
0sD6xl3EFbo,557,1145.08,1147.36,"Depois, ao longo do tempo, você vai fazer automaticamente isso aqui",0,0,,,0,0,0,0,0,0,0,0
0sD6xl3EFbo,558,1147.36,1150.52,"Sempre lembrando que o seu combo é onde o ponteiro tá, beleza?",0,0,,,0,0,0,0,0,0,0,0
0sD6xl3EFbo,559,1152.1,1153.8,"Então, questão de prática mesmo",0,0,,,0,0,0,0,0,0,0,0
0sD6xl3EFbo,560,1153.8,1157.28,Outra coisa também é que você pode usar esse mesmo combo através da parede,0,0,,,0,0,0,0,0,0,0,0
0sD6xl3EFbo,561,1157.28,1158.56,"Então, por exemplo, eu tô aqui, ó",0,0,,,0,0,0,0,0,0,0,0
0sD6xl3EFbo,562,1158.56,1159.68,E tá ali,0,0,,,0,0,0,0,0,0,0,0
0sD6xl3EFbo,563,1159.68,1162.74,"Então eu posso colocar o ponteiro lá e usar a flash, ó",0,0,,,0,0,0,0,0,0,0,0
0sD6xl3EFbo,564,1162.74,1163.1,Tá vendo?,0,0,,,0,0,0,0,0,0,0,0
0sD6xl3EFbo,565,1164.02,1166.48,"Eu consigo fazer isso também, através da parede, tá bom?",0,0,,,0,0,0,0,0,0,0,0
0sD6xl3EFbo,566,1167.04,1168.92,"Então, por exemplo, eu estou aqui, ó",0,0,,,0,0,0,0,0,0,0,0
0sD6xl3EFbo,567,1168.92,1171.78,"Eu posso usar, assim, o R Flash pra chegar nele aqui, beleza?",0,0,,,0,0,0,0,0,0,0,0
0sD6xl3EFbo,568,1171.9,1172.54,Através da parede,0,0,,,0,0,0,0,0,0,0,0
0sD6xl3EFbo,569,1172.54,1175.08,"Isso aqui você pode usar, assim, umas faixas",0,0,,,0,0,0,0,0,0,0,0
0sD6xl3EFbo,570,1175.08,1176.34,Talvez uma faixa no mid aqui,0,0,,,0,0,0,0,0,0,0,0
0sD6xl3EFbo,571,1176.34,1178.02,Você pode chegar já dando,0,0,,,0,0,0,0,0,0,0,0
0sD6xl3EFbo,572,1178.02,1180.18,"Em flash, tá bom? Através da parede",0,0,,,0,0,0,0,0,0,0,0
0sD6xl3EFbo,573,1180.18,1182.44,Que basicamente é questão,0,0,,,0,0,0,0,0,0,0,0
0sD6xl3EFbo,574,1182.44,1183.5,"Mais de prática mesmo, beleza?",0,0,,,0,0,0,0,0,0,0,0
0sD6xl3EFbo,575,1184.26,1186.64,Outro combo com flash dele também é o E-Flash,0,0,,,0,0,0,0,0,0,0,0
0sD6xl3EFbo,576,1186.64,1188.3,Esse combo aqui,0,0,,,0,0,0,0,0,0,0,0
0sD6xl3EFbo,577,1188.3,1190.24,"Eu utilizo muito na minha lane phase, então por exemplo",0,0,,,0,0,0,0,0,0,0,0
0sD6xl3EFbo,578,1190.24,1192.86,Se eu tô level 3 de caçadinha e tá com pouca vida,0,0,,,0,0,0,0,0,0,0,0
0sD6xl3EFbo,579,1192.86,1193.82,Eu dou,0,0,,,0,0,0,0,0,0,0,0
0sD6xl3EFbo,580,1193.82,1195.62,"E-Flash, tá bom?",0,0,,,0,0,0,0,0,0,0,0
0sD6xl3EFbo,581,1196.08,1197.54,Um hit WQ,0,0,,,0,0,0,0,0,0,0,0
0sD6xl3EFbo,582,1197.54,1200.4,"Bom, esse é um combo que eu uso bastante na minha lane phase",0,0,,,0,0,0,0,0,0,0,0
0sD6xl3EFbo,583,1200.4,1202.26,O segredo aqui é basicamente,0,0,,,0,0,0,0,0,0,0,0
0sD6xl3EFbo,584,1202.26,1202.98,Você vai usar o E,0,0,,,0,0,0,0,0,0,0,0
0sD6xl3EFbo,585,1202.98,1205.62,Na animação do seu E você vai flechar,0,0,,,0,0,0,0,0,0,0,0
0sD6xl3EFbo,586,1205.62,1207.14,"Então, E, Flash, tá vendo?",0,0,,,0,0,0,0,0,0,0,0
0sD6xl3EFbo,587,1207.74,1208.82,"Vou bem reduzir, meu Deus",0,0,,,0,0,0,0,0,0,0,0
0sD6xl3EFbo,588,1208.82,1210.38,"É E, Flash, tá vendo?",0,0,,,0,0,0,0,0,0,0,0
0sD6xl3EFbo,589,1210.8,1212.94,"Então eu aperto o E, vou denominação o Flash",0,0,,,0,0,0,0,0,0,0,0
0sD6xl3EFbo,590,1212.94,1214.18,"Tem que ser bem rápido, tá bom?",0,0,,,0,0,0,0,0,0,0,0
0sD6xl3EFbo,591,1214.62,1216.16,"Você apertar o E, já tem que flechar já",0,0,,,0,0,0,0,0,0,0,0
0sD6xl3EFbo,592,1216.16,1218.3,"Então, ó, basicamente é isso, beleza?",0,0,,,0,0,0,0,0,0,0,0
0sD6xl3EFbo,593,1218.88,1220.58,"Então, por exemplo, eu combi o cara aqui",0,0,,,0,0,0,0,0,0,0,0
0sD6xl3EFbo,594,1220.58,1221.92,Combi o cara aqui,0,0,,,0,0,0,0,0,0,0,0
0sD6xl3EFbo,595,1221.92,1223.74,Tem outro cara aqui com pouca vida,0,0,,,0,0,0,0,0,0,0,0
0sD6xl3EFbo,596,1223.74,1226.32,"Eu posso dar E, Flash nele e combar ele também, tá bom?",0,0,,,0,0,0,0,0,0,0,0
0sD6xl3EFbo,597,1226.9,1227.18,Basicamente,0,0,,,0,0,0,0,0,0,0,0
0sD6xl3EFbo,598,1227.18,1229.6,"Basicamente esse é o combo zundo, beleza?",0,0,,,0,0,0,0,0,0,0,0
0sD6xl3EFbo,599,1230.04,1232.54,"Esse combo, geralmente, eu utilizo ele antes do level 6",0,0,,,0,0,0,0,0,0,0,0
0sD6xl3EFbo,600,1232.54,1234.58,"E depois do level 6, eu vou sempre optar",0,0,,,0,0,0,0,0,0,0,0
0sD6xl3EFbo,601,1234.58,1237.0,"pra usar o E Flash na maioria das minhas situações, tá bom?",0,0,,,0,0,0,0,0,0,0,0
0sD6xl3EFbo,602,1237.1,1238.66,Talvez eu use o E Flash se meu,0,0,,,0,0,0,0,0,0,0,0
0sD6xl3EFbo,603,1238.66,1240.56,Edge vai em CD. Se meu Edge tá em CD,0,0,,,0,0,0,0,0,0,0,0
0sD6xl3EFbo,604,1240.56,1242.72,"aqui, eu posso usar o E Flash, caso eu for necessário,",0,0,,,0,0,0,0,0,0,0,0
0sD6xl3EFbo,605,1242.78,1244.48,"tá bom? Isso aqui também é questão de prática,",0,0,,,0,0,0,0,0,0,0,0
0sD6xl3EFbo,606,1244.56,1246.26,também. É só você apertar o E,0,0,,,0,0,0,0,0,0,0,0
0sD6xl3EFbo,607,1246.26,1248.0,"junto com o seu Flash que vai sair, tá bom?",0,0,,,0,0,0,0,0,0,0,0
0sD6xl3EFbo,608,1248.62,1250.5,"Você também pode usar o inverso, cara. Então, por exemplo,",0,0,,,0,0,0,0,0,0,0,0
0sD6xl3EFbo,609,1250.54,1252.2,eu tô aqui e eu quero usar pra,0,0,,,0,0,0,0,0,0,0,0
0sD6xl3EFbo,610,1252.2,1253.62,"pro lado, por exemplo, pra trás, ó.",0,0,,,0,0,0,0,0,0,0,0
0sD6xl3EFbo,611,1254.98,1256.54,"Ou pra trás, por exemplo, eu posso",0,0,,,0,0,0,0,0,0,0,0
0sD6xl3EFbo,612,1256.54,1258.58,"conseguir utilizar, beleza? Então",0,0,,,0,0,0,0,0,0,0,0
0sD6xl3EFbo,613,1258.58,1260.58,aí é mais questão de...,0,0,,,0,0,0,0,0,0,0,0
0sD6xl3EFbo,614,1260.58,1260.9,de...,0,0,,,0,0,0,0,0,0,0,0
0sD6xl3EFbo,615,1260.9,1264.52,"de prática mesmo, tá bom? Sempre vendo onde",0,0,,,0,0,0,0,0,0,0,0
0sD6xl3EFbo,616,1264.52,1271.78,vai então usar para trás o poder do mouse tem que ir para trás também beleza a respeito mais um como,0,0,,,0,0,0,0,0,0,0,0
0sD6xl3EFbo,617,1271.78,1277.28,caçadinho também tem um que flecha tá bom e se como que consiste em você flechar no meio da,0,0,,,0,0,0,0,0,0,0,0
0sD6xl3EFbo,618,1277.28,1282.04,animação do seu do seu que tá bom então você começa a animação do seu que você flecha só,0,0,,,0,0,0,0,0,0,0,0
0sD6xl3EFbo,619,1282.04,1286.42,que reduz o percurso é o que eu sou que vai começar a ter tá bom então por exemplo eu tô,0,0,,,0,0,0,0,0,0,0,0
0sD6xl3EFbo,620,1286.42,1291.46,sem meu é esse meu e vou dar o que flash e comprar ele tá bom com o restante da mesquita voltando do,0,0,,,0,0,0,0,0,0,0,0
0sD6xl3EFbo,621,1291.46,1294.62,"Mas só que, sendo bem sincero, esse combo aqui eu nunca usei, tá bom?",0,0,,,0,0,0,0,0,0,0,0
0sD6xl3EFbo,622,1294.68,1296.1,Esse combo aqui é...,0,0,,,0,0,0,0,0,0,0,0
0sD6xl3EFbo,623,1296.1,1298.86,"Você vai utilizar ele um em cada milhão de games, tá bom?",0,0,,,0,0,0,0,0,0,0,0
0sD6xl3EFbo,624,1299.06,1301.1,Mas é bom saber aí que você...,0,0,,,0,0,0,0,0,0,0,0
0sD6xl3EFbo,625,1301.1,1301.64,Faça o quê?,0,0,,,0,0,0,0,0,0,0,0
0sD6xl3EFbo,626,1301.66,1305.3,"E você flechar, você consegue canalizar ele um pouco mais rápido, tá bom?",0,0,,,0,0,0,0,0,0,0,0
0sD6xl3EFbo,627,1305.62,1306.4,Então você vai usar o quê?,0,0,,,0,0,0,0,0,0,0,0
0sD6xl3EFbo,628,1306.5,1308.3,"E depois você vai insta-flechar, basicamente",0,0,,,0,0,0,0,0,0,0,0
0sD6xl3EFbo,629,1308.3,1310.64,Quase no meio da animação do seu...,0,0,,,0,0,0,0,0,0,0,0
0sD6xl3EFbo,630,1310.64,1312.06,Do seu...,0,0,,,0,0,0,0,0,0,0,0
0sD6xl3EFbo,631,1312.06,1313.28,Do seu...,0,0,,,0,0,0,0,0,0,0,0
0sD6xl3EFbo,632,1313.28,1314.28,"Do seu flash, beleza?",0,0,,,0,0,0,0,0,0,0,0
0sD6xl3EFbo,633,1315.12,1316.94,Então tá fechado aqui os combos do Kassadin,0,0,,,0,0,0,0,0,0,0,0
0sD6xl3EFbo,634,1316.94,1317.94,E algumas...,0,0,,,0,0,0,0,0,0,0,0
0sD6xl3EFbo,635,1317.94,1319.62,"E alguns truques aqui com ele, tá bom?",0,0,,,0,0,0,0,0,0,0,0
0sD6xl3EFbo,636,1319.62,1322.68,E agora eu vou na parte aí do...,0,0,,,0,0,0,0,0,0,0,0
0sD6xl3EFbo,637,1322.68,1324.56,Eu vou na parte aí do...,0,0,,,0,0,0,0,0,0,0,0
0sD6xl3EFbo,638,1324.56,1328.74,"De alguns segredos e alguns truques aí que você pode utilizar nas suas partidas, beleza?",0,0,,,0,0,0,0,0,0,0,0
0sD6xl3EFbo,639,1329.18,1333.3,"Uma coisa que eu uso bastante de caçadinho é no quesito de moitas, tá bom?",0,0,,,0,0,0,0,0,0,0,0
0sD6xl3EFbo,640,1333.5,1334.92,"Aqui eu sou piquilado, beleza?",0,0,,,0,0,0,0,0,0,0,0
0sD6xl3EFbo,641,1335.36,1340.32,Então o segredo aqui nessas moitas de caçadinho que geralmente eu utilizo quando tem bancho ou algo assim,0,0,,,0,0,0,0,0,0,0,0
0sD6xl3EFbo,642,1340.32,1342.64,"É, por exemplo, o meu oponente tá aqui, beleza?",0,0,,,0,0,0,0,0,0,0,0
0sD6xl3EFbo,643,1342.78,1343.94,"Por exemplo, é uma Syndra aqui",0,0,,,0,0,0,0,0,0,0,0
0sD6xl3EFbo,644,1343.94,1346.3,"Eu não consigo chegar a melee nela, tá bom?",0,0,,,0,0,0,0,0,0,0,0
0sD6xl3EFbo,645,1346.3,1348.3,Eu ando pra frente e ela começa a andar pra trás,0,0,,,0,0,0,0,0,0,0,0
0sD6xl3EFbo,646,1348.3,1350.56,"Então ela tá muito pança ali de face, tá muito recuado",0,0,,,0,0,0,0,0,0,0,0
0sD6xl3EFbo,647,1350.56,1352.0,Então o que eu faço,0,0,,,0,0,0,0,0,0,0,0
0sD6xl3EFbo,648,1352.0,1353.62,Eu deixo ela pegar a visão de mim,0,0,,,0,0,0,0,0,0,0,0
0sD6xl3EFbo,649,1353.62,1355.28,Entrando nessa bush aqui,0,0,,,0,0,0,0,0,0,0,0
0sD6xl3EFbo,650,1355.28,1357.48,"Então ela vai pensar que eu tô aqui, certo?",0,0,,,0,0,0,0,0,0,0,0
0sD6xl3EFbo,651,1358.08,1359.32,Aí eu vou voltar pra cá,0,0,,,0,0,0,0,0,0,0,0
0sD6xl3EFbo,652,1359.32,1361.46,"E ele não pega a visão minha, tá bom?",0,0,,,0,0,0,0,0,0,0,0
0sD6xl3EFbo,653,1361.78,1364.58,"Se eu voltar daqui pra cá, ele não tem visão minha aqui no caso, beleza?",0,0,,,0,0,0,0,0,0,0,0
0sD6xl3EFbo,654,1365.22,1366.44,"Então aqui, pra ela pensar",0,0,,,0,0,0,0,0,0,0,0
0sD6xl3EFbo,655,1366.44,1368.1,Que eu tô aqui nessa segunda bush,0,0,,,0,0,0,0,0,0,0,0
0sD6xl3EFbo,656,1368.1,1370.1,Ela vai jogar de maneira um pouco mais agressiva,0,0,,,0,0,0,0,0,0,0,0
0sD6xl3EFbo,657,1370.1,1372.96,"Aí aqui eu já consigo tá e já combela aqui, beleza?",0,0,,,0,0,0,0,0,0,0,0
0sD6xl3EFbo,658,1373.92,1374.2,Tá bom?,0,0,,,0,0,0,0,0,0,0,0
0sD6xl3EFbo,659,1374.2,1376.34,Então isso aqui eu uso bastante nas moitas,0,0,,,0,0,0,0,0,0,0,0
0sD6xl3EFbo,660,1376.34,1378.76,"Então eu posso, por exemplo, eu tô dando uma fuga aqui",0,0,,,0,0,0,0,0,0,0,0
0sD6xl3EFbo,661,1378.76,1380.12,Alguém tá virando em mim,0,0,,,0,0,0,0,0,0,0,0
0sD6xl3EFbo,662,1380.12,1383.04,Eu posso entrar pra cá,0,0,,,0,0,0,0,0,0,0,0
0sD6xl3EFbo,663,1383.04,1384.66,"E ultrar pra cá, beleza?",0,0,,,0,0,0,0,0,0,0,0
0sD6xl3EFbo,664,1384.82,1386.66,"Aí a pessoa pensa que eu vou tá aqui, só que na real eu tô aqui",0,0,,,0,0,0,0,0,0,0,0
0sD6xl3EFbo,665,1386.66,1388.3,"E eu consigo fugir, tá bom?",0,0,,,0,0,0,0,0,0,0,0
0sD6xl3EFbo,666,1388.46,1389.92,Então esse aqui tá o primeiro truque sudo aqui,0,0,,,0,0,0,0,0,0,0,0
0sD6xl3EFbo,667,1389.92,1392.16,O segundo truque é o R do caçadinho,0,0,,,0,0,0,0,0,0,0,0
0sD6xl3EFbo,668,1392.16,1394.2,Que você pode utilizar em algumas situações,0,0,,,0,0,0,0,0,0,0,0
0sD6xl3EFbo,669,1394.2,1395.38,Pra baitar o inimigo,0,0,,,0,0,0,0,0,0,0,0
0sD6xl3EFbo,670,1395.38,1397.94,"Ou uma situação que eu uso bastante, por exemplo",0,0,,,0,0,0,0,0,0,0,0
0sD6xl3EFbo,671,1397.94,1400.9,"Eu tô contra o Taylor aqui, o Taylor tá me perseguindo",0,0,,,0,0,0,0,0,0,0,0
0sD6xl3EFbo,672,1400.9,1403.12,Eu tô com pouca vida,0,0,,,0,0,0,0,0,0,0,0
0sD6xl3EFbo,673,1403.12,1405.36,"Se eu voltar pra cá, o Talon, ou talvez",0,0,,,0,0,0,0,0,0,0,0
0sD6xl3EFbo,674,1405.36,1407.9,"Se o inimigo tiver flash, tiver taimão no flash dele",0,0,,,0,0,0,0,0,0,0,0
0sD6xl3EFbo,675,1407.9,1409.94,Eu sei que vai flechar ou usar o dash,0,0,,,0,0,0,0,0,0,0,0
0sD6xl3EFbo,676,1409.94,1411.48,"Pra me matar eu aqui, se eu atravessar essa parede",0,0,,,0,0,0,0,0,0,0,0
0sD6xl3EFbo,677,1411.48,1413.4,"Então o que eu faço, eu tô indo aqui",0,0,,,0,0,0,0,0,0,0,0
0sD6xl3EFbo,678,1413.4,1415.48,Eu entro nessa parede aqui,0,0,,,0,0,0,0,0,0,0,0
0sD6xl3EFbo,679,1415.48,1416.6,Fim de voltar pra lá,0,0,,,0,0,0,0,0,0,0,0
0sD6xl3EFbo,680,1416.6,1419.2,"E luto pra trás, tá bom?",0,0,,,0,0,0,0,0,0,0,0
0sD6xl3EFbo,681,1419.74,1421.72,Então isso acontece muitas vezes,0,0,,,0,0,0,0,0,0,0,0
0sD6xl3EFbo,682,1421.72,1423.2,"De dar certo, tá bom?",0,0,,,0,0,0,0,0,0,0,0
0sD6xl3EFbo,683,1423.58,1424.56,"Então por exemplo, eu tô aqui, ó",0,0,,,0,0,0,0,0,0,0,0
0sD6xl3EFbo,684,1424.56,1426.58,"Fim de voltar pra lá e luto pra trás, tá bom?",0,0,,,0,0,0,0,0,0,0,0
0sD6xl3EFbo,685,1426.84,1428.62,"Então por exemplo, eu tô aqui",0,0,,,0,0,0,0,0,0,0,0
0sD6xl3EFbo,686,1428.62,1431.32,"Fim de voltar pra essa parede aqui, eu luto pra trás, tá bom?",0,0,,,0,0,0,0,0,0,0,0
0sD6xl3EFbo,687,1431.32,1433.4,Então geralmente isso aqui funciona,0,0,,,0,0,0,0,0,0,0,0
0sD6xl3EFbo,688,1433.4,1435.68,"O cara pensa que eu voltei pra frente, beleza?",0,0,,,0,0,0,0,0,0,0,0
0sD6xl3EFbo,689,1435.82,1437.76,Isso aqui pode ser utilizado em várias situações,0,0,,,0,0,0,0,0,0,0,0
0sD6xl3EFbo,690,1437.76,1438.88,"Então por exemplo, eu tô aqui",0,0,,,0,0,0,0,0,0,0,0
0sD6xl3EFbo,691,1438.88,1441.1,Eu posso fingir que eu voltei pra,0,0,,,0,0,0,0,0,0,0,0
0sD6xl3EFbo,692,1441.1,1443.48,Eu posso fingir voltar pra lá e voltar pra cá também,0,0,,,0,0,0,0,0,0,0,0
0sD6xl3EFbo,693,1443.48,1445.0,Pra baitar alguma,0,0,,,0,0,0,0,0,0,0,0
0sD6xl3EFbo,694,1445.0,1445.78,Alguma,0,0,,,0,0,0,0,0,0,0,0
0sD6xl3EFbo,695,1445.78,1448.46,"Algum dash dele, algum do gênio",0,0,,,0,0,0,0,0,0,0,0
0sD6xl3EFbo,696,1448.46,1451.8,E outra coisa de cacete também que é importante vocês saberem,0,0,,,0,0,0,0,0,0,0,0
0sD6xl3EFbo,697,1451.8,1453.48,É sobre,0,0,,,0,0,0,0,0,0,0,0
0sD6xl3EFbo,698,1453.48,1454.72,"O que do cacetolf, beleza?",0,0,,,0,0,0,0,0,0,0,0
0sD6xl3EFbo,699,1455.18,1456.7,O que do cacetolf de maneira geral,0,0,,,0,0,0,0,0,0,0,0
0sD6xl3EFbo,700,1456.7,1458.58,Ele cancela muitas skills do jogo,0,0,,,0,0,0,0,0,0,0,0
0sD6xl3EFbo,701,1458.58,1460.44,"Que vocês não sabem, então cancela ult do cart",0,0,,,0,0,0,0,0,0,0,0
0sD6xl3EFbo,702,1460.44,1462.32,Cancela ult do Fiddlestick,0,0,,,0,0,0,0,0,0,0,0
0sD6xl3EFbo,703,1462.32,1464.98,"O curar do Fiddlestick é o W dele, tá bom?",0,0,,,0,0,0,0,0,0,0,0
0sD6xl3EFbo,704,1465.28,1466.2,Cancela o E do Vladimir,0,0,,,0,0,0,0,0,0,0,0
0sD6xl3EFbo,705,1466.2,1468.82,Cancela o R da Nivea,0,0,,,0,0,0,0,0,0,0,0
0sD6xl3EFbo,706,1468.82,1470.66,"Então em muitas matchups, por exemplo",0,0,,,0,0,0,0,0,0,0,0
0sD6xl3EFbo,707,1470.66,1472.94,Eu vou guardar meu Q pra cancelar algum skill dele,0,0,,,0,0,0,0,0,0,0,0
0sD6xl3EFbo,708,1472.94,1475.16,"Então, por exemplo, se eu tô contra a Katarina",0,0,,,0,0,0,0,0,0,0,0
0sD6xl3EFbo,709,1475.16,1476.86,Eu sempre vou combar,0,0,,,0,0,0,0,0,0,0,0
0sD6xl3EFbo,710,1476.86,1478.9,E sempre vou querer guardar meu Q,0,0,,,0,0,0,0,0,0,0,0
0sD6xl3EFbo,711,1478.9,1480.86,"Pra cancelar o ult dela, então eu tô combando ela aqui",0,0,,,0,0,0,0,0,0,0,0
0sD6xl3EFbo,712,1480.86,1483.26,"Se ela lutar, eu uso isso aqui",0,0,,,0,0,0,0,0,0,0,0
0sD6xl3EFbo,713,1483.26,1484.44,"Pra cancelar o ult dela, tá bom?",0,0,,,0,0,0,0,0,0,0,0
0sD6xl3EFbo,714,1484.7,1487.12,"O meu Q ele cancela a canalização, então tudo que analisa",0,0,,,0,0,0,0,0,0,0,0
0sD6xl3EFbo,715,1487.12,1489.2,"Cancela, cancela a TP, ult do Shen",0,0,,,0,0,0,0,0,0,0,0
0sD6xl3EFbo,716,1489.2,1491.42,"por exemplo, e por aí vai, ult do Lucio, e por aí vai",0,0,,,0,0,0,0,0,0,0,0
0sD6xl3EFbo,717,1491.42,1493.2,"então, por exemplo, eu tô contra um",0,0,,,0,0,0,0,0,0,0,0
0sD6xl3EFbo,718,1493.2,1495.18,"Fidoshi aqui, eu tô combando ele",0,0,,,0,0,0,0,0,0,0,0
0sD6xl3EFbo,719,1495.18,1497.22,"se ele começar a usar chupada em mim, eu vou usar",0,0,,,0,0,0,0,0,0,0,0
0sD6xl3EFbo,720,1497.22,1499.46,"o Q insta dele, pra cancelar essa cura dele, tá bom?",0,0,,,0,0,0,0,0,0,0,0
0sD6xl3EFbo,721,1500.02,1501.2,"então, eu tô treinando com ele aqui, ele usou",0,0,,,0,0,0,0,0,0,0,0
0sD6xl3EFbo,722,1501.2,1502.96,"começou a usar chupada, Q insta nele, tá bom?",0,0,,,0,0,0,0,0,0,0,0
0sD6xl3EFbo,723,1503.54,1505.26,"então, eu sempre vou querer guardar essas minhas",0,0,,,0,0,0,0,0,0,0,0
0sD6xl3EFbo,724,1505.26,1507.44,skills pra parar determinados skills,0,0,,,0,0,0,0,0,0,0,0
0sD6xl3EFbo,725,1507.44,1509.22,"do champion inimigo, se eu conseguir",0,0,,,0,0,0,0,0,0,0,0
0sD6xl3EFbo,726,1509.22,1511.16,"parar, né? então, contra Catarina eu vou",0,0,,,0,0,0,0,0,0,0,0
0sD6xl3EFbo,727,1511.16,1513.12,"sempre guardar meu Q, contra Nivea eu sempre vou guardar",0,0,,,0,0,0,0,0,0,0,0
0sD6xl3EFbo,728,1513.12,1514.36,"meu Q pra ult dela, tá bom?",0,0,,,0,0,0,0,0,0,0,0
0sD6xl3EFbo,729,1514.86,1517.0,"então, isso aqui é sempre uma banha que você tem que ter aí",0,0,,,0,0,0,0,0,0,0,0
0sD6xl3EFbo,730,1517.0,1517.76,Do caçador fisudo,0,0,,,0,0,0,0,0,0,0,0
0sD6xl3EFbo,731,1517.76,1519.98,"Então, outra coisa que tem no meio do caçadinho",0,0,,,0,0,0,0,0,0,0,0
0sD6xl3EFbo,732,1519.98,1522.44,"É que o R do caçadinho, ele pula",0,0,,,0,0,0,0,0,0,0,0
0sD6xl3EFbo,733,1522.44,1524.74,"Todas as paredes do game, tá bom?",0,0,,,0,0,0,0,0,0,0,0
0sD6xl3EFbo,734,1525.48,1526.78,"Então, ao longo da prática",0,0,,,0,0,0,0,0,0,0,0
0sD6xl3EFbo,735,1526.78,1527.92,"Ele sai pegando, então, mano",0,0,,,0,0,0,0,0,0,0,0
0sD6xl3EFbo,736,1527.92,1530.36,"Todas as paredes do game aí você consegue pular rapidamente, beleza?",0,0,,,0,0,0,0,0,0,0,0
0sD6xl3EFbo,737,1532.12,1532.76,Ao longo do tempo,0,0,,,0,0,0,0,0,0,0,0
0sD6xl3EFbo,738,1532.76,1533.66,"Ele sai pegando, então",0,0,,,0,0,0,0,0,0,0,0
0sD6xl3EFbo,739,1533.66,1536.0,"A única paredes que você não pula é essa aqui, beleza?",0,0,,,0,0,0,0,0,0,0,0
0sD6xl3EFbo,740,1536.64,1539.02,"A restante aí você consegue pular, beleza?",0,0,,,0,0,0,0,0,0,0,0
0sD6xl3EFbo,741,1539.44,1540.52,"Isso daí, ao longo da prática",0,0,,,0,0,0,0,0,0,0,0
0sD6xl3EFbo,742,1540.52,1541.44,"Vocês vão pegando, tá bom?",0,0,,,0,0,0,0,0,0,0,0
0sD6xl3EFbo,743,1541.44,1543.22,"Acho que tá bem completo, acho que pode muito ter bala",0,0,,,0,0,0,0,0,0,0,0
0sD6xl3EFbo,744,1543.22,1547.27,"Então, rapaziada, agora",0,0,,,0,0,0,0,0,0,0,0
0sD6xl3EFbo,745,1547.27,1555.97,"Eu vou explicar aqui para todos como que eu penso no jogo, como eu me importo no início da partida, no mid game e também no late game, beleza?",0,0,,,0,0,0,0,0,0,0,0
0sD6xl3EFbo,746,1556.55,1560.79,"Aqui então no early game eu vou focar em três pontos aqui, tá bom?",0,0,,,0,0,0,0,0,0,0,0
0sD6xl3EFbo,747,1561.35,1565.09,"São os pontos mais relevantes aqui e eu vou me aprofundar um pouco neles, tá bom?",0,0,,,0,0,0,0,0,0,0,0
0sD6xl3EFbo,748,1565.67,1570.79,"Primeiro ponto que eu queria citar, rapaziada, uma coisa que acontece principalmente em elos intermediários,",0,0,,,0,0,0,0,0,0,0,0
0sD6xl3EFbo,749,1570.79,1576.43,"para quem está de caçadinho ou para quem está começando com o champion, que é relacionado a mais a M-Phaser.",0,0,,,0,0,0,0,0,0,0,0
0sD6xl3EFbo,750,1577.27,1585.85,"Muitas vezes, a pessoa simplesmente pica o Caçador Fizudo e perde o jogo em 3 nudes de partida, por causa de farm, mano.",1,1,pica,sexual_degradante,0,0,1,0,0,0,0,0
0sD6xl3EFbo,751,1585.97,1595.01,"Tem muitas vezes, rapaziada, que, por exemplo, vamos supor que eu tô no level 3 aqui agora, eu usei minis aqui pra farmar os minions, por exemplo, beleza?",0,0,,,0,0,0,0,0,0,0,0
0sD6xl3EFbo,752,1595.69,1600.21,"E por causa de, literalmente, 14 de gold, eu fodo minha lane phase inteira, tá bom?",0,0,,,0,0,0,0,0,0,0,0
0sD6xl3EFbo,753,1600.21,1603.53,"Porque tem certos minhos, rapaziada, que tem que ser guivado",0,0,,,0,0,0,0,0,0,0,0
0sD6xl3EFbo,754,1603.53,1606.03,"É normal você ficar extra de caçadinho, tá bom?",0,0,,,0,0,0,0,0,0,0,0
0sD6xl3EFbo,755,1606.07,1607.51,O seu campeão foi feito pra isso,0,0,,,0,0,0,0,0,0,0,0
0sD6xl3EFbo,756,1607.51,1609.95,Além que você também vai começar de leque fresco,0,0,,,0,0,0,0,0,0,0,0
0sD6xl3EFbo,757,1609.95,1611.81,"Que é um start inicial mais fraco, tá bom?",0,0,,,0,0,0,0,0,0,0,0
0sD6xl3EFbo,758,1612.17,1614.21,Já que você vai ter menos vida que outros starts,0,0,,,0,0,0,0,0,0,0,0
0sD6xl3EFbo,759,1614.21,1616.07,"Porém, você é mais recompensador, né?",0,0,,,0,0,0,0,0,0,0,0
0sD6xl3EFbo,760,1616.21,1617.79,"No mid game, tá bom?",0,0,,,0,0,0,0,0,0,0,0
0sD6xl3EFbo,761,1618.45,1621.29,"Então, muitas vezes, mano, tem certo minho que você só vai guivar",0,0,,,0,0,0,0,0,0,0,0
0sD6xl3EFbo,762,1621.29,1624.87,Tu vai esperar o seu Q ou o CD do seu E voltar,0,0,,,0,0,0,0,0,0,0,0
0sD6xl3EFbo,763,1624.87,1627.23,"Pra você farmar melhor, sem mais insegurança",0,0,,,0,0,0,0,0,0,0,0
0sD6xl3EFbo,764,1627.23,1630.29,"Porque, por exemplo, se meu Camelway estiver em CD",0,0,,,0,0,0,0,0,0,0,0
0sD6xl3EFbo,765,1630.29,1632.49,E eu chegar a melee pra pegar 14 de gold,0,0,,,0,0,0,0,0,0,0,0
0sD6xl3EFbo,766,1632.49,1633.19,Em alguns casos,0,0,,,0,0,0,0,0,0,0,0
0sD6xl3EFbo,767,1633.19,1635.87,Eu posso levar o combo da Lux ou da Syndra,0,0,,,0,0,0,0,0,0,0,0
0sD6xl3EFbo,768,1635.87,1638.05,"Ou Orianna, mais uns 3 ataques básicos dela",0,0,,,0,0,0,0,0,0,0,0
0sD6xl3EFbo,769,1638.05,1639.45,E perder metade da minha vida,0,0,,,0,0,0,0,0,0,0,0
0sD6xl3EFbo,770,1639.45,1643.07,Aí eu ganhei 14 de gold e perdi metade da minha vida,0,0,,,0,0,0,0,0,0,0,0
0sD6xl3EFbo,771,1643.07,1645.27,Por causa desse dano que eu tomei,0,0,,,0,0,0,0,0,0,0,0
0sD6xl3EFbo,772,1645.27,1646.39,"Eu vou ter que ir mais, mano",0,0,,,0,0,0,0,0,0,0,0
0sD6xl3EFbo,773,1646.39,1647.99,"Minho pra caralho depois, entendeu?",1,1,caralho,sexual_degradante,0,0,1,0,0,0,0,0
0sD6xl3EFbo,774,1648.89,1649.97,"Então muitas vezes, rapaziada",0,0,,,0,0,0,0,0,0,0,0
0sD6xl3EFbo,775,1649.97,1651.83,"Isso aqui acontece até comigo, tá bom?",0,0,,,0,0,0,0,0,0,0,0
0sD6xl3EFbo,776,1652.15,1653.67,Você tá muito em agudo de Caçador Fizudo,0,0,,,0,0,0,0,0,0,0,0
0sD6xl3EFbo,777,1653.67,1656.55,Você quer pegar todos os minions e você força a limpeza inteira,0,0,,,0,0,0,0,0,0,0,0
0sD6xl3EFbo,778,1656.55,1658.15,Muitas vezes você tem que realmente,0,0,,,0,0,0,0,0,0,0,0
0sD6xl3EFbo,779,1658.15,1660.15,"Guivar um Minion, tá bom? Você pega o XP do Minion",0,0,,,0,0,0,0,0,0,0,0
0sD6xl3EFbo,780,1660.15,1661.93,"O XP é importante você pegar, né?",0,0,,,0,0,0,0,0,0,0,0
0sD6xl3EFbo,781,1661.99,1664.59,"Até faz pegar o XP, já que ele cobre uma grande área",0,0,,,0,0,0,0,0,0,0,0
0sD6xl3EFbo,782,1664.59,1664.87,Tá bom?,0,0,,,0,0,0,0,0,0,0,0
0sD6xl3EFbo,783,1665.77,1668.41,"Então o XP é importante pegar, só que em alguns casos",0,0,,,0,0,0,0,0,0,0,0
0sD6xl3EFbo,784,1668.41,1670.05,"Ali você realmente guiva o Minion, tá bom?",0,0,,,0,0,0,0,0,0,0,0
0sD6xl3EFbo,785,1670.09,1672.23,"Em vários casos, na real, é bem comum isso",0,0,,,0,0,0,0,0,0,0,0
0sD6xl3EFbo,786,1672.23,1673.61,"Pra você não levar dano, beleza?",0,0,,,0,0,0,0,0,0,0,0
0sD6xl3EFbo,787,1674.11,1675.83,"Você tem que meio que fazer um cálculo, assim",0,0,,,0,0,0,0,0,0,0,0
0sD6xl3EFbo,788,1675.83,1678.57,"Eu faço inconscientemente, ao decorrer dos seus jogos",0,0,,,0,0,0,0,0,0,0,0
0sD6xl3EFbo,789,1678.57,1680.25,Também você vai ter um pouco de senso,0,0,,,0,0,0,0,0,0,0,0
0sD6xl3EFbo,790,1680.25,1682.43,Que é quanto de HP eu vou perder,0,0,,,0,0,0,0,0,0,0,0
0sD6xl3EFbo,791,1682.43,1684.55,"Pra farmar aquele Minion, pra ver se compensa ou não, tá bom?",0,0,,,0,0,0,0,0,0,0,0
0sD6xl3EFbo,792,1685.15,1686.47,"Então, por exemplo, quando você tem seu Q",0,0,,,0,0,0,0,0,0,0,0
0sD6xl3EFbo,793,1686.47,1687.55,você consegue farmar,0,0,,,0,0,0,0,0,0,0,0
0sD6xl3EFbo,794,1687.55,1690.27,"por exemplo, como eu quero",0,0,,,0,0,0,0,0,0,0,0
0sD6xl3EFbo,795,1690.27,1692.19,"consertar o que, tá",0,0,,,0,0,0,0,0,0,0,0
0sD6xl3EFbo,796,1692.19,1694.65,"aí por exemplo, vamos supor que eu tô sem meu E aqui",0,0,,,0,0,0,0,0,0,0,0
0sD6xl3EFbo,797,1694.65,1696.61,"acabo guivando talvez aquele farm, entendeu",0,0,,,0,0,0,0,0,0,0,0
0sD6xl3EFbo,798,1696.61,1698.07,já que eu tô avançado na lane,0,0,,,0,0,0,0,0,0,0,0
0sD6xl3EFbo,799,1698.07,1700.29,"e por aí vai, tá bom, então o primeiro ponto",0,0,,,0,0,0,0,0,0,0,0
0sD6xl3EFbo,800,1700.29,1702.07,"que eu queria abordar isso, que tem muitos",0,0,,,0,0,0,0,0,0,0,0
0sD6xl3EFbo,801,1702.07,1704.23,minions que só guiva mesmo,0,0,,,0,0,0,0,0,0,0,0
0sD6xl3EFbo,802,1704.23,1706.45,"o gold e pega o XP, tá bom",0,0,,,0,0,0,0,0,0,0,0
0sD6xl3EFbo,803,1706.45,1708.01,e se você farmar aquele minion,0,0,,,0,0,0,0,0,0,0,0
0sD6xl3EFbo,804,1708.01,1710.35,você vai perder metade da sua vida e por causa disso,0,0,,,0,0,0,0,0,0,0,0
0sD6xl3EFbo,805,1710.35,1712.45,a lane phase vai ser completamente destruída,0,0,,,0,0,0,0,0,0,0,0
0sD6xl3EFbo,806,1712.45,1714.37,"tá bom, o segundo ponto",0,0,,,0,0,0,0,0,0,0,0
0sD6xl3EFbo,807,1714.37,1715.59,"que eu queria abordar aqui, mano",0,0,,,0,0,0,0,0,0,0,0
0sD6xl3EFbo,808,1715.59,1718.27,É a forma que você utilizou o seu Q,0,0,,,0,0,0,0,0,0,0,0
0sD6xl3EFbo,809,1718.27,1721.27,O seu Q tem que ser utilizado de forma inteligente,0,0,,,0,0,0,0,0,0,0,0
0sD6xl3EFbo,810,1721.27,1722.91,Você não pode ser aqui um macacoide,0,0,,,0,0,0,0,0,0,0,0
0sD6xl3EFbo,811,1722.91,1724.75,"E ficar usando seu Q de forma burra, entendeu?",0,0,,,0,0,0,0,0,0,0,0
0sD6xl3EFbo,812,1725.35,1726.79,O seu Q no início da partida,0,0,,,0,0,0,0,0,0,0,0
0sD6xl3EFbo,813,1726.79,1729.71,"O shield mágico dele é bastante coisa, mano",0,0,,,0,0,0,0,0,0,0,0
0sD6xl3EFbo,814,1729.71,1731.25,É um shield mágico relevante,0,0,,,0,0,0,0,0,0,0,0
0sD6xl3EFbo,815,1731.25,1732.53,"Então, por exemplo",0,0,,,0,0,0,0,0,0,0,0
0sD6xl3EFbo,816,1732.53,1734.89,Você não pode ficar levando um poke à toa com seu Q ativo,0,0,,,0,0,0,0,0,0,0,0
0sD6xl3EFbo,817,1734.89,1736.69,"Então, vamos supor que eu tô contra uma Lux",0,0,,,0,0,0,0,0,0,0,0
0sD6xl3EFbo,818,1736.69,1738.15,A Lux usa o E em mim,0,0,,,0,0,0,0,0,0,0,0
0sD6xl3EFbo,819,1738.15,1739.47,Eu vou lá e uso o Q no Minion,0,0,,,0,0,0,0,0,0,0,0
0sD6xl3EFbo,820,1739.47,1741.49,"Pra tancar o dano do E da Lux, tá bom?",0,0,,,0,0,0,0,0,0,0,0
0sD6xl3EFbo,821,1742.23,1742.79,"Ou, por exemplo",0,0,,,0,0,0,0,0,0,0,0
0sD6xl3EFbo,822,1742.79,1744.95,"Tô contra um Cork, que é dano físico",0,0,,,0,0,0,0,0,0,0,0
0sD6xl3EFbo,823,1744.95,1746.49,Mas porém o Q do Kork é dano mágico,0,0,,,0,0,0,0,0,0,0,0
0sD6xl3EFbo,824,1746.49,1748.27,E tanto o Q dele em mim,0,0,,,0,0,0,0,0,0,0,0
0sD6xl3EFbo,825,1748.27,1750.61,"Eu vou lá e uso o Q no Minion, por exemplo",0,0,,,0,0,0,0,0,0,0,0
0sD6xl3EFbo,826,1750.61,1752.81,Ou uso o Q nele se o cara tiver no meu range,0,0,,,0,0,0,0,0,0,0,0
0sD6xl3EFbo,827,1752.81,1754.45,Você não pode ficar levando dano mágico,0,0,,,0,0,0,0,0,0,0,0
0sD6xl3EFbo,828,1754.45,1755.73,A toa com o seu Q,0,0,,,0,0,0,0,0,0,0,0
0sD6xl3EFbo,829,1755.73,1758.75,"Com o seu Q ativo, no caso, tá bom?",0,0,,,0,0,0,0,0,0,0,0
0sD6xl3EFbo,830,1759.11,1760.57,"Então, por exemplo, também contra a Diana",0,0,,,0,0,0,0,0,0,0,0
0sD6xl3EFbo,831,1760.57,1761.37,Eu uso o Q em você,0,0,,,0,0,0,0,0,0,0,0
0sD6xl3EFbo,832,1761.37,1762.91,Eu uso o Q nela,0,0,,,0,0,0,0,0,0,0,0
0sD6xl3EFbo,833,1762.91,1765.63,Katarina também é dano mágico com a daga dela,0,0,,,0,0,0,0,0,0,0,0
0sD6xl3EFbo,834,1765.63,1768.15,"Então ela é tão pagada, vai chicoteando os Minions",0,0,,,0,0,0,0,0,0,0,0
0sD6xl3EFbo,835,1768.15,1770.39,"Vai pegar em você o seu Q, tá bom?",0,0,,,0,0,0,0,0,0,0,0
0sD6xl3EFbo,836,1770.77,1773.11,Então você tem que usar o seu Q de forma inteligente,0,0,,,0,0,0,0,0,0,0,0
0sD6xl3EFbo,837,1773.11,1775.17,O seu shield mágico e faz muita diff,0,0,,,0,0,0,0,0,0,0,0
0sD6xl3EFbo,838,1775.17,1776.71,"Na lane phase de Zudo, no geral",0,0,,,0,0,0,0,0,0,0,0
0sD6xl3EFbo,839,1776.71,1779.31,"Então esse aqui foi o segundo ponto, basicamente, né",0,0,,,0,0,0,0,0,0,0,0
0sD6xl3EFbo,840,1779.31,1780.39,A forma que você usa o seu Q,0,0,,,0,0,0,0,0,0,0,0
0sD6xl3EFbo,841,1780.39,1782.97,Você não pode ser um macacão e usar tudo completamente errado,0,0,,,0,0,0,0,0,0,0,0
0sD6xl3EFbo,842,1782.97,1785.19,"Tem que ter um pouco de Q aí, né, tem um pouco de Q aí, Zudo",0,0,,,0,0,0,0,0,0,0,0
0sD6xl3EFbo,843,1785.19,1787.79,"Bom, agora a terceira parte aqui, mano",0,0,,,0,0,0,0,0,0,0,0
0sD6xl3EFbo,844,1787.79,1789.69,"É a mais importante de todas, tá bom",0,0,,,0,0,0,0,0,0,0,0
0sD6xl3EFbo,845,1789.69,1792.15,É a coisa que todo mundo joga com a Kassadin,0,0,,,0,0,0,0,0,0,0,0
0sD6xl3EFbo,846,1792.15,1793.87,"Ele sempre erra, rapaziada",0,0,,,0,0,0,0,0,0,0,0
0sD6xl3EFbo,847,1793.87,1796.19,Quando você pega a level 6 de Kassadin,0,0,,,0,0,0,0,0,0,0,0
0sD6xl3EFbo,848,1796.19,1798.47,"Você não ganha a matchup de mago, tá bom",0,0,,,0,0,0,0,0,0,0,0
0sD6xl3EFbo,849,1798.47,1800.15,"Você continua aprendendo pra mago, tá bom",0,0,,,0,0,0,0,0,0,0,0
0sD6xl3EFbo,850,1800.15,1802.67,"Se você pular no mago, o mago vai estudar você e acabou",0,0,,,0,0,0,0,0,0,0,0
0sD6xl3EFbo,851,1802.67,1804.69,Entendeu? O que acontece quando você pega,0,0,,,0,0,0,0,0,0,0,0
0sD6xl3EFbo,852,1804.69,1806.65,"Level 6, acontece que",0,0,,,0,0,0,0,0,0,0,0
0sD6xl3EFbo,853,1806.65,1808.79,"Você tem presença de mapa, tá bom?",0,0,,,0,0,0,0,0,0,0,0
0sD6xl3EFbo,854,1809.21,1810.45,"Então, por exemplo, rapaziada",0,0,,,0,0,0,0,0,0,0,0
0sD6xl3EFbo,855,1810.45,1812.81,"Quando tu é level 6, por exemplo",0,0,,,0,0,0,0,0,0,0,0
0sD6xl3EFbo,856,1812.81,1814.77,"Tá eu aqui, a Syndra",0,0,,,0,0,0,0,0,0,0,0
0sD6xl3EFbo,857,1814.77,1816.29,"Aqui, e tem um",0,0,,,0,0,0,0,0,0,0,0
0sD6xl3EFbo,858,1816.29,1818.69,Um dragão tá sendo,0,0,,,0,0,0,0,0,0,0,0
0sD6xl3EFbo,859,1818.69,1820.03,"Feito, ou tem uma fight ali",0,0,,,0,0,0,0,0,0,0,0
0sD6xl3EFbo,860,1820.03,1822.87,"É bom você ir, é bom você ir",0,0,,,0,0,0,0,0,0,0,0
0sD6xl3EFbo,861,1822.87,1824.71,Entendeu? Principalmente quando você tá,0,0,,,0,0,0,0,0,0,0,0
0sD6xl3EFbo,862,1824.71,1826.39,"De Tandelogia, que você vai ter mais no L-Game",0,0,,,0,0,0,0,0,0,0,0
0sD6xl3EFbo,863,1826.39,1828.69,"De Conquistador e Balinha, fica atento a isso",0,0,,,0,0,0,0,0,0,0,0
0sD6xl3EFbo,864,1828.69,1830.79,"Tá bom? Já que seu L-Game é bem nerfado, bem podre",0,0,,,0,0,0,0,0,0,0,0
0sD6xl3EFbo,865,1830.79,1832.83,"com essas duas runas, tá bom? Mas no geral",0,0,,,0,0,0,0,0,0,0,0
0sD6xl3EFbo,866,1832.83,1834.59,"é bom você ir, porque geralmente",0,0,,,0,0,0,0,0,0,0,0
0sD6xl3EFbo,867,1834.59,1836.53,quando você tá nível 6,0,0,,,0,0,0,0,0,0,0,0
0sD6xl3EFbo,868,1836.53,1838.71,é interessante você participar dessas lutas iniciais,0,0,,,0,0,0,0,0,0,0,0
0sD6xl3EFbo,869,1838.71,1840.05,"do jogo, porque",0,0,,,0,0,0,0,0,0,0,0
0sD6xl3EFbo,870,1840.05,1842.67,sempre tem um negucho ali que sai com,0,0,,,0,0,0,0,0,0,0,0
0sD6xl3EFbo,871,1842.67,1844.69,"ah, 200 de vida, 300 de vida",0,0,,,0,0,0,0,0,0,0,0
0sD6xl3EFbo,872,1844.69,1846.57,"e você vai lá, o seu campeão tem",0,0,,,0,0,0,0,0,0,0,0
0sD6xl3EFbo,873,1846.57,1848.85,"dash, cada 4",0,0,,,0,0,0,0,0,0,0,0
0sD6xl3EFbo,874,1848.85,1850.71,"segundos, provavelmente você vai ter",0,0,,,0,0,0,0,0,0,0,0
0sD6xl3EFbo,875,1850.71,1852.85,"flash também, você considera muito o chase",0,0,,,0,0,0,0,0,0,0,0
0sD6xl3EFbo,876,1852.85,1854.71,"e acaba finalizando, tá bom? Essas",0,0,,,0,0,0,0,0,0,0,0
0sD6xl3EFbo,877,1854.71,1856.51,"kills iniciais são muito importantes, tá bom?",0,0,,,0,0,0,0,0,0,0,0
0sD6xl3EFbo,878,1856.51,1858.35,Eu vejo muita gente caçadinha e fica nem no NPC,0,0,,,0,0,0,0,0,0,0,0
0sD6xl3EFbo,879,1858.35,1860.75,o cara pega nível 6 e fica,0,0,,,0,0,0,0,0,0,0,0
0sD6xl3EFbo,880,1860.75,1862.51,Literalmente que nem um NPC na porra,0,0,,,0,0,0,0,0,0,0,0
0sD6xl3EFbo,881,1862.51,1864.51,"Da, da, da Lune Phase, rapaziada",0,0,,,0,0,0,0,0,0,0,0
0sD6xl3EFbo,882,1864.51,1866.67,"Não, mano, não, se tiver alguma fight ali",0,0,,,0,0,0,0,0,0,0,0
0sD6xl3EFbo,883,1866.67,1868.75,"Se você pode ir na fight, você vai na fight",0,0,,,0,0,0,0,0,0,0,0
0sD6xl3EFbo,884,1868.75,1870.63,"Tá bom? Também você pode ir uns dois, três",0,0,,,0,0,0,0,0,0,0,0
0sD6xl3EFbo,885,1870.63,1872.41,"Minutos e você vai, geralmente",0,0,,,0,0,0,0,0,0,0,0
0sD6xl3EFbo,886,1872.41,1874.61,"Dá mais concentração pra The Lorde, geralmente você consegue",0,0,,,0,0,0,0,0,0,0,0
0sD6xl3EFbo,887,1874.61,1875.79,"Pegar, assim, uma kill, tá bom?",0,0,,,0,0,0,0,0,0,0,0
0sD6xl3EFbo,888,1876.99,1878.09,Porque você vai chegar ali,0,0,,,0,0,0,0,0,0,0,0
0sD6xl3EFbo,889,1878.09,1880.65,"O cara pode sair com pouca vida, né, e você vai lá",0,0,,,0,0,0,0,0,0,0,0
0sD6xl3EFbo,890,1880.65,1882.53,"E acaba finalizando, tá bom? Acontece direto aí",0,0,,,0,0,0,0,0,0,0,0
0sD6xl3EFbo,891,1882.53,1884.57,"Todo jogo, mano, eu pego kill, assim",0,0,,,0,0,0,0,0,0,0,0
0sD6xl3EFbo,892,1884.57,1885.91,"De caçadinho, basicamente, tá bom?",0,0,,,0,0,0,0,0,0,0,0
0sD6xl3EFbo,893,1886.27,1888.67,"Umas fights, assim, você tem que ser mais sorrateiro",0,0,,,0,0,0,0,0,0,0,0
0sD6xl3EFbo,894,1888.67,1890.47,"Tá bom? Sorrateiro, meio que um rato pra pegar",0,0,,,0,0,0,0,0,0,0,0
0sD6xl3EFbo,895,1890.47,1892.35,"Uma, pegar resto de kill, tá bom",0,0,,,0,0,0,0,0,0,0,0
0sD6xl3EFbo,896,1892.35,1894.59,"A partir do nível 6, já que você tem presente",0,0,,,0,0,0,0,0,0,0,0
0sD6xl3EFbo,897,1894.59,1896.33,"Mapa, querendo ou não, você tem muita mobilidade",0,0,,,0,0,0,0,0,0,0,0
0sD6xl3EFbo,898,1896.33,1897.43,"Que consegue fazer isso, tá bom",0,0,,,0,0,0,0,0,0,0,0
0sD6xl3EFbo,899,1897.43,1900.43,Outra coisa também que você tem que ficar atento,0,0,,,0,0,0,0,0,0,0,0
0sD6xl3EFbo,900,1900.43,1902.37,"Rapaziada, a respeito disso",0,0,,,0,0,0,0,0,0,0,0
0sD6xl3EFbo,901,1902.37,1903.15,"Mano, é o seguinte",0,0,,,0,0,0,0,0,0,0,0
0sD6xl3EFbo,902,1903.15,1906.79,"Você tá nível 6, como eu falei",0,0,,,0,0,0,0,0,0,0,0
0sD6xl3EFbo,903,1906.79,1908.07,"Anteriormente, você tem mobilidade",0,0,,,0,0,0,0,0,0,0,0
0sD6xl3EFbo,904,1908.07,1910.31,Fica atento ao,0,0,,,0,0,0,0,0,0,0,0
0sD6xl3EFbo,905,1910.31,1912.07,"Bot e o top pra você rotar, tá bom",0,0,,,0,0,0,0,0,0,0,0
0sD6xl3EFbo,906,1912.07,1914.23,"Então, mano, vamos supor um exemplo, eu consigo puxar",0,0,,,0,0,0,0,0,0,0,0
0sD6xl3EFbo,907,1914.23,1916.27,"Minha wave aqui, você vê que o bot",0,0,,,0,0,0,0,0,0,0,0
0sD6xl3EFbo,908,1916.27,1918.05,"Descata com pouca vida, é",0,0,,,0,0,0,0,0,0,0,0
0sD6xl3EFbo,909,1918.05,1920.15,"Recomendar você ir bot sim, tá bom, geralmente",0,0,,,0,0,0,0,0,0,0,0
0sD6xl3EFbo,910,1920.15,1921.35,"Você vai conseguir pegar kill, tá bom?",0,0,,,0,0,0,0,0,0,0,0
0sD6xl3EFbo,911,1921.79,1922.69,Comendar você em bot,0,0,,,0,0,0,0,0,0,0,0
0sD6xl3EFbo,912,1922.69,1923.29,Gankar bot,0,0,,,0,0,0,0,0,0,0,0
0sD6xl3EFbo,913,1923.29,1923.69,Pegar kill,0,0,,,0,0,0,0,0,0,0,0
0sD6xl3EFbo,914,1923.69,1924.59,"Você vê aqui, por exemplo",0,0,,,0,0,0,0,0,0,0,0
0sD6xl3EFbo,915,1924.59,1925.93,Vamos supor que o bot,0,0,,,0,0,0,0,0,0,0,0
0sD6xl3EFbo,916,1925.93,1926.85,Puxei minha wave,0,0,,,0,0,0,0,0,0,0,0
0sD6xl3EFbo,917,1926.85,1928.27,O bot do SK tá adiantado,0,0,,,0,0,0,0,0,0,0,0
0sD6xl3EFbo,918,1928.27,1928.73,Eu telei lá,0,0,,,0,0,0,0,0,0,0,0
0sD6xl3EFbo,919,1928.73,1929.41,Tá com pouca vida,0,0,,,0,0,0,0,0,0,0,0
0sD6xl3EFbo,920,1929.41,1930.53,Se eu acho que vai dar bom,0,0,,,0,0,0,0,0,0,0,0
0sD6xl3EFbo,921,1930.53,1930.97,Eu vou,0,0,,,0,0,0,0,0,0,0,0
0sD6xl3EFbo,922,1930.97,1932.09,Se eu não acho que não vai dar bom,0,0,,,0,0,0,0,0,0,0,0
0sD6xl3EFbo,923,1932.09,1932.69,"Eu não vou, entendeu?",0,0,,,0,0,0,0,0,0,0,0
0sD6xl3EFbo,924,1933.69,1934.89,"Então, por isso, mano",0,0,,,0,0,0,0,0,0,0,0
0sD6xl3EFbo,925,1934.89,1935.71,Quando pegar level 6,0,0,,,0,0,0,0,0,0,0,0
0sD6xl3EFbo,926,1935.71,1936.59,Presta isso no mapa,0,0,,,0,0,0,0,0,0,0,0
0sD6xl3EFbo,927,1936.59,1938.09,Você tem que ser bastante sorrateiro,0,0,,,0,0,0,0,0,0,0,0
0sD6xl3EFbo,928,1938.09,1939.03,Pegar essas skills inicial,0,0,,,0,0,0,0,0,0,0,0
0sD6xl3EFbo,929,1939.03,1940.65,Não fique nenhum NPC,0,0,,,0,0,0,0,0,0,0,0
0sD6xl3EFbo,930,1940.65,1942.11,"Imundo, gaysudo",0,0,,,0,0,0,0,0,0,0,0
0sD6xl3EFbo,931,1942.11,1944.99,De baixa sua torre,0,0,,,0,0,0,0,0,0,0,0
0sD6xl3EFbo,932,1944.99,1946.15,Tendo fight no mapa,0,0,,,0,0,0,0,0,0,0,0
0sD6xl3EFbo,933,1946.15,1947.11,"E você não participando, tá bom?",0,0,,,0,0,0,0,0,0,0,0
0sD6xl3EFbo,934,1947.13,1948.55,O seu time vai fightar sem você,0,0,,,0,0,0,0,0,0,0,0
0sD6xl3EFbo,935,1948.55,1949.75,Vou ficar chutado com você,0,0,,,0,0,0,0,0,0,0,0
0sD6xl3EFbo,936,1949.75,1951.37,"Porque você não participa do jogo, tá bom?",0,0,,,0,0,0,0,0,0,0,0
0sD6xl3EFbo,937,1951.75,1953.57,"Então não fica no IPC, participa, tá bom?",0,0,,,0,0,0,0,0,0,0,0
0sD6xl3EFbo,938,1954.85,1956.99,"Obviamente, se você for de balinha com o conquistador",0,0,,,0,0,0,0,0,0,0,0
0sD6xl3EFbo,939,1956.99,1958.39,"Mano, presta atenção nisso",0,0,,,0,0,0,0,0,0,0,0
0sD6xl3EFbo,940,1958.39,1960.59,"Balinha com o conquistador, se ele ganha muito ruim, tá bom?",0,0,,,0,0,0,0,0,0,0,0
0sD6xl3EFbo,941,1960.65,1963.39,"Tem hora que realmente não vai compensar tanto você participar, beleza?",0,0,,,0,0,0,0,0,0,0,0
0sD6xl3EFbo,942,1964.29,1965.03,Então fica atento a isso,0,0,,,0,0,0,0,0,0,0,0
0sD6xl3EFbo,943,1965.03,1966.71,"Pra não ficar que nem um IPC no mapa, tá bom?",0,0,,,0,0,0,0,0,0,0,0
0sD6xl3EFbo,944,1967.07,1968.87,E só pelo fato de você descer,0,0,,,0,0,0,0,0,0,0,0
0sD6xl3EFbo,945,1968.87,1971.57,"Por exemplo, tem um 1v1 rolando aqui",0,0,,,0,0,0,0,0,0,0,0
0sD6xl3EFbo,946,1971.57,1973.31,"O mid os caras descem, você desce",0,0,,,0,0,0,0,0,0,0,0
0sD6xl3EFbo,947,1973.31,1974.59,Só por causa de você descer,0,0,,,0,0,0,0,0,0,0,0
0sD6xl3EFbo,948,1974.59,1976.85,O time dos caras não vai engajar tanto assim,0,0,,,0,0,0,0,0,0,0,0
0sD6xl3EFbo,949,1976.85,1978.59,Não vai comentar tanto a play no seu jungle,0,0,,,0,0,0,0,0,0,0,0
0sD6xl3EFbo,950,1978.59,1979.99,"no seu suporte, seja o que for.",0,0,,,0,0,0,0,0,0,0,0
0sD6xl3EFbo,951,1980.27,1982.53,"Você tá ali presente, vai usar o slow no E, etc.",0,0,,,0,0,0,0,0,0,0,0
0sD6xl3EFbo,952,1982.71,1983.99,"Ninguém vai cuidar tanto de você, tá bom?",0,0,,,0,0,0,0,0,0,0,0
0sD6xl3EFbo,953,1984.41,1986.35,"Você vai gerar o seu amor quando você quer, né?",0,0,,,0,0,0,0,0,0,0,0
0sD6xl3EFbo,954,1986.43,1987.67,Porque a play vai estar aqui.,0,0,,,0,0,0,0,0,0,0,0
0sD6xl3EFbo,955,1988.17,1990.11,"Você vai ter o R, você pode usar E, Q,",0,0,,,0,0,0,0,0,0,0,0
0sD6xl3EFbo,956,1990.73,1992.49,"dar W no cara, se você ver que a play vai dar",0,0,,,0,0,0,0,0,0,0,0
0sD6xl3EFbo,957,1992.49,1994.01,"bom, você pula no cara e pede a kill.",0,0,,,0,0,0,0,0,0,0,0
0sD6xl3EFbo,958,1994.57,1996.27,"Ou você vê que tá vendo que tá dando merda, você",0,0,,,0,0,0,0,0,0,0,0
0sD6xl3EFbo,959,1996.27,1998.09,"luta pra trás e acaba sem andar a play, tá bom?",0,0,,,0,0,0,0,0,0,0,0
0sD6xl3EFbo,960,1999.05,2000.49,Então basicamente isso são os três,0,0,,,0,0,0,0,0,0,0,0
0sD6xl3EFbo,961,2000.49,2002.43,"pontos aí, tá bom? A forma",0,0,,,0,0,0,0,0,0,0,0
0sD6xl3EFbo,962,2002.43,2004.41,como que você lida,0,0,,,0,0,0,0,0,0,0,0
0sD6xl3EFbo,963,2004.41,2006.37,"com os minions, muitas vezes compensa você que vá",0,0,,,0,0,0,0,0,0,0,0
0sD6xl3EFbo,964,2006.37,2008.35,"e é normal você ficar sempre atrás no jogo, tá bom?",0,0,,,0,0,0,0,0,0,0,0
0sD6xl3EFbo,965,2008.59,2010.75,Então pega um mini e pega o teste da vida,0,0,,,0,0,0,0,0,0,0,0
0sD6xl3EFbo,966,2010.75,2011.97,"Isso é burrice, tá bom",0,0,,,0,0,0,0,0,0,0,0
0sD6xl3EFbo,967,2011.97,2014.81,A forma como você utiliza o seu Q é o segundo ponto,0,0,,,0,0,0,0,0,0,0,0
0sD6xl3EFbo,968,2014.81,2016.91,Sempre usando o seu Q no geral,0,0,,,0,0,0,0,0,0,0,0
0sD6xl3EFbo,969,2016.91,2017.97,Pra tankar dano mágico,0,0,,,0,0,0,0,0,0,0,0
0sD6xl3EFbo,970,2017.97,2021.37,"E nunca levando dano à toa, tá bom",0,0,,,0,0,0,0,0,0,0,0
0sD6xl3EFbo,971,2021.37,2022.77,"Com o seu Q ativo, dano mágico",0,0,,,0,0,0,0,0,0,0,0
0sD6xl3EFbo,972,2022.77,2024.65,E o terceiro ponto é você não ser um NPC,0,0,,,0,0,0,0,0,0,0,0
0sD6xl3EFbo,973,2024.65,2026.01,Principalmente pra tirar vocês,0,0,,,0,0,0,0,0,0,0,0
0sD6xl3EFbo,974,2026.01,2028.39,"Você tentar rotar top, tentar rotar bot",0,0,,,0,0,0,0,0,0,0,0
0sD6xl3EFbo,975,2028.39,2031.23,"Pegar uma fight, você tende a ir nas fights",0,0,,,0,0,0,0,0,0,0,0
0sD6xl3EFbo,976,2031.23,2032.53,"Tá bom, pra você pegar o head kill",0,0,,,0,0,0,0,0,0,0,0
0sD6xl3EFbo,977,2032.53,2033.91,"É importante isso, beleza",0,0,,,0,0,0,0,0,0,0,0
0sD6xl3EFbo,978,2033.91,2036.29,"Obviamente, sempre atento, né",0,0,,,0,0,0,0,0,0,0,0
0sD6xl3EFbo,979,2036.29,2038.37,"Balinha e conquistador, o early game isso é bem merda",0,0,,,0,0,0,0,0,0,0,0
0sD6xl3EFbo,980,2038.37,2039.51,Você vai ter que ter algum cuidado,0,0,,,0,0,0,0,0,0,0,0
0sD6xl3EFbo,981,2039.51,2042.01,"Candeloide é mais suave, você vai ter um pouco mais de dano, beleza?",0,0,,,0,0,0,0,0,0,0,0
0sD6xl3EFbo,982,2043.31,2044.45,"Agora então, rapaziada",0,0,,,0,0,0,0,0,0,0,0
0sD6xl3EFbo,983,2044.45,2046.47,Esses foram os três pontos que eu passei,0,0,,,0,0,0,0,0,0,0,0
0sD6xl3EFbo,984,2046.47,2048.81,"Na fase inicial do jogo, no early game",0,0,,,0,0,0,0,0,0,0,0
0sD6xl3EFbo,985,2048.81,2051.01,"E agora no mid game, rapaziada",0,0,,,0,0,0,0,0,0,0,0
0sD6xl3EFbo,986,2051.01,2052.61,Eu diria que o mid game,0,0,,,0,0,0,0,0,0,0,0
0sD6xl3EFbo,987,2052.61,2053.55,Do Kassadin na side,0,0,,,0,0,0,0,0,0,0,0
0sD6xl3EFbo,988,2053.55,2056.43,"Talvez seja até mais forte que o 16 dele, tá bom?",0,0,,,0,0,0,0,0,0,0,0
0sD6xl3EFbo,989,2056.49,2058.31,O mid game do Kassadin é muito,0,0,,,0,0,0,0,0,0,0,0
0sD6xl3EFbo,990,2058.31,2059.63,"Forte na side, tá bom?",0,0,,,0,0,0,0,0,0,0,0
0sD6xl3EFbo,991,2060.11,2061.03,Por que é muito forte?,0,0,,,0,0,0,0,0,0,0,0
0sD6xl3EFbo,992,2061.53,2063.25,"Bom, por dois motivos, tá bom?",0,0,,,0,0,0,0,0,0,0,0
0sD6xl3EFbo,993,2063.31,2066.41,"Dois pontos que eu vou citar agora, que são os dois pontos do mid game",0,0,,,0,0,0,0,0,0,0,0
0sD6xl3EFbo,994,2066.41,2069.55,"Primeiro ponto, é que se você não estiver atrás no game",0,0,,,0,0,0,0,0,0,0,0
0sD6xl3EFbo,995,2069.55,2070.67,Você tem pressão de kill,0,0,,,0,0,0,0,0,0,0,0
0sD6xl3EFbo,996,2070.67,2073.73,Contra quase qualquer mago do jogo,0,0,,,0,0,0,0,0,0,0,0
0sD6xl3EFbo,997,2073.73,2074.59,"Da mid lane, tá bom?",0,0,,,0,0,0,0,0,0,0,0
0sD6xl3EFbo,998,2074.69,2076.77,Quase qualquer campeão da mid lane você tem que sair a pressão de kill,0,0,,,0,0,0,0,0,0,0,0
0sD6xl3EFbo,999,2076.77,2077.49,Em cima dele,0,0,,,0,0,0,0,0,0,0,0
0sD6xl3EFbo,1000,2077.49,2080.09,"Se você não estiver atrás no jogo, obviamente",0,0,,,0,0,0,0,0,0,0,0
0sD6xl3EFbo,1001,2080.09,2083.33,"A não ser se seja um Aurora, um campeão um pouco mais específico",0,0,,,0,0,0,0,0,0,0,0
0sD6xl3EFbo,1002,2083.33,2084.13,Talvez um Ryze,0,0,,,0,0,0,0,0,0,0,0
0sD6xl3EFbo,1003,2084.13,2087.03,"Um campeão um pouco mais específico, no geral você tem pressão de kill sim, tá bom?",0,0,,,0,0,0,0,0,0,0,0
0sD6xl3EFbo,1004,2087.61,2089.17,Isso não quer dizer que você vai solar ele,0,0,,,0,0,0,0,0,0,0,0
0sD6xl3EFbo,1005,2089.17,2090.77,Quer dizer que se ele cometer um erro grave,0,0,,,0,0,0,0,0,0,0,0
0sD6xl3EFbo,1006,2090.77,2092.15,"Você pode cobrar e solar, tá bom?",0,0,,,0,0,0,0,0,0,0,0
0sD6xl3EFbo,1007,2092.17,2093.93,"Mas não quer dizer que você vai pular e matar ele assim, né?",0,0,,,0,0,0,0,0,0,0,0
0sD6xl3EFbo,1008,2093.93,2095.81,Então o primeiro ponto aí,0,0,,,0,0,0,0,0,0,0,0
0sD6xl3EFbo,1009,2095.81,2097.33,"Você tem certa pressão de kill, tá bom",0,0,,,0,0,0,0,0,0,0,0
0sD6xl3EFbo,1010,2097.33,2099.07,"Na sua side, tá bom",0,0,,,0,0,0,0,0,0,0,0
0sD6xl3EFbo,1011,2099.07,2101.25,Quando acabar o L game tu vai pra na side,0,0,,,0,0,0,0,0,0,0,0
0sD6xl3EFbo,1012,2101.25,2102.85,"As tuas vão cair, né, tu pode cair",0,0,,,0,0,0,0,0,0,0,0
0sD6xl3EFbo,1013,2102.85,2104.19,Vai acabar ali no face e vai pra side,0,0,,,0,0,0,0,0,0,0,0
0sD6xl3EFbo,1014,2104.19,2106.45,Então você já vai tá na side,0,0,,,0,0,0,0,0,0,0,0
0sD6xl3EFbo,1015,2106.45,2109.07,Provavelmente ser malevolência,0,0,,,0,0,0,0,0,0,0,0
0sD6xl3EFbo,1016,2109.07,2111.15,Então já tá num bom pós-parte,0,0,,,0,0,0,0,0,0,0,0
0sD6xl3EFbo,1017,2111.15,2112.09,Dan do champion no geral,0,0,,,0,0,0,0,0,0,0,0
0sD6xl3EFbo,1018,2112.09,2114.49,Você tem certa pressão de kill por causa do seu dano,0,0,,,0,0,0,0,0,0,0,0
0sD6xl3EFbo,1019,2114.49,2117.15,E agora o segundo ponto que é o mais importante de todos,0,0,,,0,0,0,0,0,0,0,0
0sD6xl3EFbo,1020,2117.15,2119.05,"Rapaziada, quando você tá na side de caçadinha",0,0,,,0,0,0,0,0,0,0,0
0sD6xl3EFbo,1021,2119.05,2121.03,Encontra qualquer campeão do jogo,0,0,,,0,0,0,0,0,0,0,0
0sD6xl3EFbo,1022,2121.03,2121.67,Do jogo,0,0,,,0,0,0,0,0,0,0,0
0sD6xl3EFbo,1023,2121.67,2124.29,Você vai tá mais ou menos level 11,0,0,,,0,0,0,0,0,0,0,0
0sD6xl3EFbo,1024,2124.29,2126.71,"Então, por exemplo, o seu CD do seu R",0,0,,,0,0,0,0,0,0,0,0
0sD6xl3EFbo,1025,2126.71,2127.75,Vai tá,0,0,,,0,0,0,0,0,0,0,0
0sD6xl3EFbo,1026,2127.75,2130.97,Em média de 2 segundos,0,0,,,0,0,0,0,0,0,0,0
0sD6xl3EFbo,1027,2130.97,2132.95,"A 2 segundos e meio, porque eu vou tá de malevolência",0,0,,,0,0,0,0,0,0,0,0
0sD6xl3EFbo,1028,2132.95,2134.77,"E surf, tá? 4 segundos",0,0,,,0,0,0,0,0,0,0,0
0sD6xl3EFbo,1029,2134.77,2136.09,Isso que eu tô com 0 CDR,0,0,,,0,0,0,0,0,0,0,0
0sD6xl3EFbo,1030,2136.09,2138.69,"Malevolência e surf, eu vou ter uns 40 CDR, tá bom?",0,0,,,0,0,0,0,0,0,0,0
0sD6xl3EFbo,1031,2139.11,2140.63,Então isso aqui vai pra mais ou menos 2,0,0,,,0,0,0,0,0,0,0,0
0sD6xl3EFbo,1032,2140.63,2142.33,"2 segundos e meio, o que significa?",0,0,,,0,0,0,0,0,0,0,0
0sD6xl3EFbo,1033,2142.33,2144.23,Que você tem muita presença de mapa,0,0,,,0,0,0,0,0,0,0,0
0sD6xl3EFbo,1034,2144.23,2146.57,"Então, por exemplo, se eu tô aqui",0,0,,,0,0,0,0,0,0,0,0
0sD6xl3EFbo,1035,2146.57,2148.51,"Por exemplo, na side, vamos supor que a story caiu",0,0,,,0,0,0,0,0,0,0,0
0sD6xl3EFbo,1036,2148.51,2150.33,"Eu e o cara aqui na side, por exemplo",0,0,,,0,0,0,0,0,0,0,0
0sD6xl3EFbo,1037,2150.71,2152.79,"Uma Syndra aqui, sei lá, uma Syndra.",0,0,,,0,0,0,0,0,0,0,0
0sD6xl3EFbo,1038,2153.45,2155.49,"É, um...",0,0,,,0,0,0,0,0,0,0,0
0sD6xl3EFbo,1039,2155.49,2157.29,Pode até ser um Zed,0,0,,,0,0,0,0,0,0,0,0
0sD6xl3EFbo,1040,2157.29,2159.31,"nascer aqui, ou qualquer outro campeão",0,0,,,0,0,0,0,0,0,0,0
0sD6xl3EFbo,1041,2159.31,2161.21,do mid. Se tiver uma fight,0,0,,,0,0,0,0,0,0,0,0
0sD6xl3EFbo,1042,2161.21,2163.23,"rolando aqui, rapaziada, você chega muito rápido,",0,0,,,0,0,0,0,0,0,0,0
0sD6xl3EFbo,1043,2163.31,2165.13,"tá bom? Você vai tá aqui, você vai ultar",0,0,,,0,0,0,0,0,0,0,0
0sD6xl3EFbo,1044,2165.13,2167.21,pra cá. Esse é o mito que eu já coloquei,0,0,,,0,0,0,0,0,0,0,0
0sD6xl3EFbo,1045,2167.21,2169.15,"nessa parede aqui, meu R aqui, eu não peguei meu R",0,0,,,0,0,0,0,0,0,0,0
0sD6xl3EFbo,1046,2169.15,2169.43,"aqui, né?",0,0,,,0,0,0,0,0,0,0,0
0sD6xl3EFbo,1047,2170.83,2172.75,"Nossa, é 3 segundos, cara. Meu Deus, cara.",0,0,,,0,0,0,0,0,0,0,0
0sD6xl3EFbo,1048,2172.75,2174.45,É 3 segundos e mais CD. Isso aqui vai dar,0,0,,,0,0,0,0,0,0,0,0
0sD6xl3EFbo,1049,2174.45,2176.51,"talvez até meio de 2 segundos, tá? Porque eu vou ter",0,0,,,0,0,0,0,0,0,0,0
0sD6xl3EFbo,1050,2176.51,2178.57,"o Ultimate Hunter procado, que também diminui meu CDR",0,0,,,0,0,0,0,0,0,0,0
0sD6xl3EFbo,1051,2178.57,2180.97,"Do meu ult, então isso vai dar bem nos dois segundos",0,0,,,0,0,0,0,0,0,0,0
0sD6xl3EFbo,1052,2180.97,2182.77,"Então já voltar aqui, já voltar",0,0,,,0,0,0,0,0,0,0,0
0sD6xl3EFbo,1053,2182.77,2184.03,Pra cá e já tô no meio da fight,0,0,,,0,0,0,0,0,0,0,0
0sD6xl3EFbo,1054,2184.03,2186.93,Enquanto o mid lane inimigo vai tá no metade,0,0,,,0,0,0,0,0,0,0,0
0sD6xl3EFbo,1055,2186.93,2188.41,"Do caminho, o que significa",0,0,,,0,0,0,0,0,0,0,0
0sD6xl3EFbo,1056,2188.41,2190.71,Que você consegue dar ult e rotação sempre,0,0,,,0,0,0,0,0,0,0,0
0sD6xl3EFbo,1057,2190.71,2192.69,"No cara, então você sempre vai tá na play",0,0,,,0,0,0,0,0,0,0,0
0sD6xl3EFbo,1058,2192.69,2194.41,Na frente do mid lane contra,0,0,,,0,0,0,0,0,0,0,0
0sD6xl3EFbo,1059,2194.41,2196.79,"Isso é muito forte, tá bom, porque você já vai tá",0,0,,,0,0,0,0,0,0,0,0
0sD6xl3EFbo,1060,2196.79,2198.43,Já vai tá com seu level 11,0,0,,,0,0,0,0,0,0,0,0
0sD6xl3EFbo,1061,2198.43,2200.65,"Com pouco CD no R, já vai tá com bastante dano",0,0,,,0,0,0,0,0,0,0,0
0sD6xl3EFbo,1062,2200.65,2202.73,"E você vai dar, sempre tá na frente",0,0,,,0,0,0,0,0,0,0,0
0sD6xl3EFbo,1063,2202.73,2204.77,"A tempo do cara, entendeu, do seu oponente",0,0,,,0,0,0,0,0,0,0,0
0sD6xl3EFbo,1064,2204.77,2206.53,"No mid, então você sempre vai fightar",0,0,,,0,0,0,0,0,0,0,0
0sD6xl3EFbo,1065,2206.53,2208.41,Um 3v2 aqui por causa do seu ult de rotação,0,0,,,0,0,0,0,0,0,0,0
0sD6xl3EFbo,1066,2208.41,2210.83,"Por causa do seu ultimate, vai chegar muito rápido nas plays",0,0,,,0,0,0,0,0,0,0,0
0sD6xl3EFbo,1067,2210.83,2212.65,"E vai acabar pegando bastante kill assim, tá bom?",0,0,,,0,0,0,0,0,0,0,0
0sD6xl3EFbo,1068,2213.07,2214.95,"Então, mano, na side, esse segundo ponto",0,0,,,0,0,0,0,0,0,0,0
0sD6xl3EFbo,1069,2214.95,2217.19,"É muito, mano, é onde o campeonato brilha, tá bom?",0,0,,,0,0,0,0,0,0,0,0
0sD6xl3EFbo,1070,2217.27,2219.15,"Qualquer campeonato do jogo, você vai considerar a última votação",0,0,,,0,0,0,0,0,0,0,0
0sD6xl3EFbo,1071,2219.15,2221.11,"Então tá na side, tem play",0,0,,,0,0,0,0,0,0,0,0
0sD6xl3EFbo,1072,2221.11,2223.41,"Vai reto, tá bom? Tô aqui na side, tem play dragão",0,0,,,0,0,0,0,0,0,0,0
0sD6xl3EFbo,1073,2223.41,2224.99,"Mano, você usa um R aqui",0,0,,,0,0,0,0,0,0,0,0
0sD6xl3EFbo,1074,2224.99,2226.89,Tá bom? Já chega nessa trade aqui,0,0,,,0,0,0,0,0,0,0,0
0sD6xl3EFbo,1075,2226.89,2228.55,"Já vai ter voltado, já tô na fight",0,0,,,0,0,0,0,0,0,0,0
0sD6xl3EFbo,1076,2228.55,2230.97,"Quanto, provavelmente, um outro campeão",0,0,,,0,0,0,0,0,0,0,0
0sD6xl3EFbo,1077,2230.97,2232.81,"Mal, que nem uma Sina, por exemplo, vai ter no metade do caminho",0,0,,,0,0,0,0,0,0,0,0
0sD6xl3EFbo,1078,2232.81,2234.91,Você acaba fightando em vantagem do Medic,0,0,,,0,0,0,0,0,0,0,0
0sD6xl3EFbo,1079,2234.91,2235.53,"Aqui, entendeu?",0,0,,,0,0,0,0,0,0,0,0
0sD6xl3EFbo,1080,2235.53,2238.43,"Isso aqui é um ponto muito interessante na side do Kassadin, tá bom?",0,0,,,0,0,0,0,0,0,0,0
0sD6xl3EFbo,1081,2239.03,2240.71,Então esse é o ponto forte do campeão,0,0,,,0,0,0,0,0,0,0,0
0sD6xl3EFbo,1082,2240.71,2242.93,Um post-pack muito forte dele,0,0,,,0,0,0,0,0,0,0,0
0sD6xl3EFbo,1083,2242.93,2244.91,"Na side, no mid-game, tá bom?",0,0,,,0,0,0,0,0,0,0,0
0sD6xl3EFbo,1084,2245.25,2246.09,Então você vai sidear,0,0,,,0,0,0,0,0,0,0,0
0sD6xl3EFbo,1085,2246.09,2248.59,"Fica atento ao mapa, tem play no mapa",0,0,,,0,0,0,0,0,0,0,0
0sD6xl3EFbo,1086,2248.59,2250.77,Você vai querer participar,0,0,,,0,0,0,0,0,0,0,0
0sD6xl3EFbo,1087,2250.77,2253.05,Porque você vai botar um bom post-pack de dano,0,0,,,0,0,0,0,0,0,0,0
0sD6xl3EFbo,1088,2253.05,2254.79,E você vai ter muita mobilidade pra chegar primeiro,0,0,,,0,0,0,0,0,0,0,0
0sD6xl3EFbo,1089,2254.79,2255.81,"Que o mid lane conta, tá bom?",0,0,,,0,0,0,0,0,0,0,0
0sD6xl3EFbo,1090,2256.31,2258.13,Acho que ficou bem claro aí como funciona a side,0,0,,,0,0,0,0,0,0,0,0
0sD6xl3EFbo,1091,2258.13,2260.23,"Primeiro ponto, você vai ter pressão de kill",0,0,,,0,0,0,0,0,0,0,0
0sD6xl3EFbo,1092,2260.23,2262.37,Sobre os magos em geral,0,0,,,0,0,0,0,0,0,0,0
0sD6xl3EFbo,1093,2262.37,2263.29,Se os caras cometerem um erro,0,0,,,0,0,0,0,0,0,0,0
0sD6xl3EFbo,1094,2263.29,2265.77,"Se não tiver tão atrás assim, tá bom?",0,0,,,0,0,0,0,0,0,0,0
0sD6xl3EFbo,1095,2266.49,2268.09,O segundo ponto é o mais importante de todos,0,0,,,0,0,0,0,0,0,0,0
0sD6xl3EFbo,1096,2268.09,2271.17,"Que você sempre vai estar na frente de qualquer pessoa na side, tá bom?",0,0,,,0,0,0,0,0,0,0,0
0sD6xl3EFbo,1097,2271.21,2272.41,Seu campeão tem muita habilidade,0,0,,,0,0,0,0,0,0,0,0
0sD6xl3EFbo,1098,2272.41,2274.39,Agora...,0,0,,,0,0,0,0,0,0,0,0
0sD6xl3EFbo,1099,2274.39,2276.21,Uma coisa que...,0,0,,,0,0,0,0,0,0,0,0
0sD6xl3EFbo,1100,2276.21,2278.51,"Agora, rapaziada, uma coisa importante, mano",0,0,,,0,0,0,0,0,0,0,0
0sD6xl3EFbo,1101,2278.51,2281.55,Uma coisa importante que eu vou...,0,0,,,0,0,0,0,0,0,0,0
0sD6xl3EFbo,1102,2281.55,2283.97,"Vou falar aqui agora é sobre o late game, tá bom?",0,0,,,0,0,0,0,0,0,0,0
0sD6xl3EFbo,1103,2284.37,2286.21,"Uma coisa bem óbvia, só que as pessoas...",0,0,,,0,0,0,0,0,0,0,0
0sD6xl3EFbo,1104,2286.21,2287.39,Não sei porque as pessoas não fazem,0,0,,,0,0,0,0,0,0,0,0
0sD6xl3EFbo,1105,2287.39,2288.09,Rapaziada,0,0,,,0,0,0,0,0,0,0,0
0sD6xl3EFbo,1106,2288.09,2289.93,Late game seu,0,0,,,0,0,0,0,0,0,0,0
0sD6xl3EFbo,1107,2289.93,2292.03,"Você não é Mussolini, tá bom?",0,0,,,0,0,0,0,0,0,0,0
0sD6xl3EFbo,1108,2292.03,2294.31,Se você jogar que nem um debilóide,0,0,,,0,0,0,0,0,0,0,0
0sD6xl3EFbo,1109,2294.31,2295.41,E ficar lutando melee,0,0,,,0,0,0,0,0,0,0,0
0sD6xl3EFbo,1110,2295.41,2297.69,No meio da fight com 5 pessoas,0,0,,,0,0,0,0,0,0,0,0
0sD6xl3EFbo,1111,2297.69,2299.35,Você vai levar a CC e vai ser estourado,0,0,,,0,0,0,0,0,0,0,0
0sD6xl3EFbo,1112,2299.35,2301.43,"O seu campeão é assassino, tá bom?",0,0,,,0,0,0,0,0,0,0,0
0sD6xl3EFbo,1113,2302.11,2303.17,O seu campeão é assassino,0,0,,,0,0,0,0,0,0,0,0
0sD6xl3EFbo,1114,2303.17,2304.73,Então nas fights em geral,0,0,,,0,0,0,0,0,0,0,0
0sD6xl3EFbo,1115,2304.73,2307.05,Principalmente no late game,0,0,,,0,0,0,0,0,0,0,0
0sD6xl3EFbo,1116,2307.05,2309.79,Deixa eu me teleportar aqui,0,0,,,0,0,0,0,0,0,0,0
0sD6xl3EFbo,1117,2309.79,2311.29,Principalmente no late game,0,0,,,0,0,0,0,0,0,0,0
0sD6xl3EFbo,1118,2311.29,2313.03,"Você não vai querer fightar de frente, tá bom?",0,0,,,0,0,0,0,0,0,0,0
0sD6xl3EFbo,1119,2313.11,2316.59,A dar mais se a comp inimiga tiver campeões brutamontes,0,0,,,0,0,0,0,0,0,0,0
0sD6xl3EFbo,1120,2316.59,2320.05,"Ou muito duelistas como Jax, Riven e Darius aí, por exemplo, entendeu?",0,0,,,0,0,0,0,0,0,0,0
0sD6xl3EFbo,1121,2320.55,2321.71,Você não vai querer fightar de frente,0,0,,,0,0,0,0,0,0,0,0
0sD6xl3EFbo,1122,2321.71,2324.09,"Porque você vai ser fumado, então por exemplo, o time deles tá aqui",0,0,,,0,0,0,0,0,0,0,0
0sD6xl3EFbo,1123,2324.09,2326.03,Por exemplo,0,0,,,0,0,0,0,0,0,0,0
0sD6xl3EFbo,1124,2326.03,2327.83,O time deles tá tendo uma fight,0,0,,,0,0,0,0,0,0,0,0
0sD6xl3EFbo,1125,2327.83,2330.05,"Talvez aqui no Baron, acontece muito essa fight",0,0,,,0,0,0,0,0,0,0,0
0sD6xl3EFbo,1126,2330.05,2331.97,"Aqui no Baron, no partido em geral, né",0,0,,,0,0,0,0,0,0,0,0
0sD6xl3EFbo,1127,2331.97,2334.09,"Então por exemplo, você tá na fight aqui no Baron",0,0,,,0,0,0,0,0,0,0,0
0sD6xl3EFbo,1128,2334.09,2337.57,"Cara, eu não consigo achar",0,0,,,0,0,0,0,0,0,0,0
0sD6xl3EFbo,1129,2337.57,2339.25,"O boneco azul daqui, mano",0,0,,,0,0,0,0,0,0,0,0
0sD6xl3EFbo,1130,2339.25,2340.07,"Que merda, cara",0,0,,,0,0,0,0,0,0,0,0
0sD6xl3EFbo,1131,2340.07,2347.74,"Então por exemplo, você vai tá na fight aqui no Baron, por exemplo",0,0,,,0,0,0,0,0,0,0,0
0sD6xl3EFbo,1132,2347.74,2351.76,"Você não vai querer fightar de frente assim, tá bom",0,0,,,0,0,0,0,0,0,0,0
0sD6xl3EFbo,1133,2351.76,2353.54,"Porque tiver um Darius, um Black Duelista",0,0,,,0,0,0,0,0,0,0,0
0sD6xl3EFbo,1134,2353.54,2355.3,Vai te fumar você inteiro,0,0,,,0,0,0,0,0,0,0,0
0sD6xl3EFbo,1135,2355.3,2357.94,"Então você não vai ficar de frente, você vai pegar flanco, tá bom?",0,0,,,0,0,0,0,0,0,0,0
0sD6xl3EFbo,1136,2358.06,2360.58,"Então a fight late game, tu vai querer sem pegar flanco, por exemplo",0,0,,,0,0,0,0,0,0,0,0
0sD6xl3EFbo,1137,2360.58,2361.8,Vou ligar minha lente,0,0,,,0,0,0,0,0,0,0,0
0sD6xl3EFbo,1138,2361.8,2363.32,"Obviamente vou botar de lente, né?",0,0,,,0,0,0,0,0,0,0,0
0sD6xl3EFbo,1139,2363.34,2364.22,A lente você compra,0,0,,,0,0,0,0,0,0,0,0
0sD6xl3EFbo,1140,2364.22,2368.22,"Após o level, lá pro level 7 ou 8 do caçadinho",0,0,,,0,0,0,0,0,0,0,0
0sD6xl3EFbo,1141,2368.22,2369.82,Onde você começa a botar bastante o mapa,0,0,,,0,0,0,0,0,0,0,0
0sD6xl3EFbo,1142,2369.82,2372.22,"Então eu vou ligar minha lente, vou passar por aqui",0,0,,,0,0,0,0,0,0,0,0
0sD6xl3EFbo,1143,2372.22,2372.88,Beleza?,0,0,,,0,0,0,0,0,0,0,0
0sD6xl3EFbo,1144,2373.32,2374.6,A fight tá acontecendo aqui,0,0,,,0,0,0,0,0,0,0,0
0sD6xl3EFbo,1145,2374.6,2377.74,"Então a backlining dos caras vai ficar mais atrás, vai ficar mais ou menos aqui",0,0,,,0,0,0,0,0,0,0,0
0sD6xl3EFbo,1146,2377.74,2379.16,Então eu vou botar,0,0,,,0,0,0,0,0,0,0,0
0sD6xl3EFbo,1147,2379.16,2381.64,"Léo 16, vou botar pra cá, botei pra cá",0,0,,,0,0,0,0,0,0,0,0
0sD6xl3EFbo,1148,2381.64,2383.58,A backlining deles vai tá aqui,0,0,,,0,0,0,0,0,0,0,0
0sD6xl3EFbo,1149,2383.58,2384.6,"Eu vou combar eles, tá bom?",0,0,,,0,0,0,0,0,0,0,0
0sD6xl3EFbo,1150,2385.3,2387.16,"Então, basicamente é isso, beleza?",0,0,,,0,0,0,0,0,0,0,0
0sD6xl3EFbo,1151,2387.32,2387.96,Você vai querer,0,0,,,0,0,0,0,0,0,0,0
0sD6xl3EFbo,1152,2387.96,2389.94,"Tem que falar o óbvio, né?",0,0,,,0,0,0,0,0,0,0,0
0sD6xl3EFbo,1153,2389.96,2391.46,Você vai querer pegar flanco de caçadinho,0,0,,,0,0,0,0,0,0,0,0
0sD6xl3EFbo,1154,2391.46,2392.76,E é fácil pegar flanco de caçadinho,0,0,,,0,0,0,0,0,0,0,0
0sD6xl3EFbo,1155,2392.76,2393.26,"10, 16",0,0,,,0,0,0,0,0,0,0,0
0sD6xl3EFbo,1156,2393.26,2394.54,Vai ter um time que a gente a cada,0,0,,,0,0,0,0,0,0,0,0
0sD6xl3EFbo,1157,2394.54,2396.06,"Menos de um segundo, tá?",0,0,,,0,0,0,0,0,0,0,0
0sD6xl3EFbo,1158,2396.12,2397.1,Se contar a malevolência,0,0,,,0,0,0,0,0,0,0,0
0sD6xl3EFbo,1159,2397.1,2399.72,"Muito fácil você pegar flanco, tá bom?",0,0,,,0,0,0,0,0,0,0,0
0sD6xl3EFbo,1160,2400.08,2402.0,"Vai ser aí querer focar a backline deles, tá bom?",0,0,,,0,0,0,0,0,0,0,0
0sD6xl3EFbo,1161,2402.5,2403.4,E rapaziada,0,0,,,0,0,0,0,0,0,0,0
0sD6xl3EFbo,1162,2403.4,2406.0,Não entra tão deep assim na fight,0,0,,,0,0,0,0,0,0,0,0
0sD6xl3EFbo,1163,2406.0,2406.96,Talvez tiver um,0,0,,,0,0,0,0,0,0,0,0
0sD6xl3EFbo,1164,2406.96,2408.56,Um CC táxi lá,0,0,,,0,0,0,0,0,0,0,0
0sD6xl3EFbo,1165,2408.56,2409.88,"Espera gastar o CC, talvez",0,0,,,0,0,0,0,0,0,0,0
0sD6xl3EFbo,1166,2409.88,2411.04,"Ou um Nautilus, algo assim",0,0,,,0,0,0,0,0,0,0,0
0sD6xl3EFbo,1167,2411.04,2412.42,"Não entra tão deep, tá bom?",0,0,,,0,0,0,0,0,0,0,0
0sD6xl3EFbo,1168,2412.48,2413.56,Deixa a fight estourar,0,0,,,0,0,0,0,0,0,0,0
0sD6xl3EFbo,1169,2413.56,2415.68,Entra levemente atrasado,0,0,,,0,0,0,0,0,0,0,0
0sD6xl3EFbo,1170,2415.68,2417.52,"Porque aí, rapaziada, já vai gastar",0,0,,,0,0,0,0,0,0,0,0
0sD6xl3EFbo,1171,2417.52,2419.42,"Já deve ter gastado as skills no CC, tá bom?",0,0,,,0,0,0,0,0,0,0,0
0sD6xl3EFbo,1172,2419.88,2420.62,Você não vai levar,0,0,,,0,0,0,0,0,0,0,0
0sD6xl3EFbo,1173,2420.62,2422.58,"Controle de grupo, no caso",0,0,,,0,0,0,0,0,0,0,0
0sD6xl3EFbo,1174,2422.58,2423.96,"Então você vai estar bem melhor, tá bom?",0,0,,,0,0,0,0,0,0,0,0
0sD6xl3EFbo,1175,2425.16,2426.82,"Isso aqui não é só late game, isso aqui é em fight",0,0,,,0,0,0,0,0,0,0,0
0sD6xl3EFbo,1176,2426.82,2428.58,"Geral, o CC vai querer buscar mais flanco",0,0,,,0,0,0,0,0,0,0,0
0sD6xl3EFbo,1177,2428.58,2430.8,"Focar backline, o teu campeão não mata duelista",0,0,,,0,0,0,0,0,0,0,0
0sD6xl3EFbo,1178,2430.8,2431.76,"O teu campeão não mata tanque, tá bom?",0,0,,,0,0,0,0,0,0,0,0
0sD6xl3EFbo,1179,2431.78,2432.92,O seu campeão vai matar squish,0,0,,,0,0,0,0,0,0,0,0
0sD6xl3EFbo,1180,2432.92,2435.22,"Então assassino, de forma geral, só que",0,0,,,0,0,0,0,0,0,0,0
0sD6xl3EFbo,1181,2435.22,2438.4,"O assassino mais focado pro late game, né?",0,0,,,0,0,0,0,0,0,0,0
0sD6xl3EFbo,1182,2438.82,2440.88,"Desde o CL game, que nem, por exemplo, o Taylor, tá bom?",0,0,,,0,0,0,0,0,0,0,0
0sD6xl3EFbo,1183,2441.24,2443.32,"Mas o estilo de jogo late game é bem parecido, sim",0,0,,,0,0,0,0,0,0,0,0
0sD6xl3EFbo,1184,2443.32,2445.96,"Vou querer pegar a flank e matar a backline deles, tá bom?",0,0,,,0,0,0,0,0,0,0,0
0sD6xl3EFbo,1185,2447.86,2449.32,"Então, respeito a isso, tá bom?",0,0,,,0,0,0,0,0,0,0,0
0sD6xl3EFbo,1186,2449.66,2451.78,"O L-Game, falei os três pontos",0,0,,,0,0,0,0,0,0,0,0
0sD6xl3EFbo,1187,2451.78,2454.06,"O Mid-Game, falei sobre os dois pontos",0,0,,,0,0,0,0,0,0,0,0
0sD6xl3EFbo,1188,2454.06,2458.1,Falei sobre como você sempre vai rotacionar na frente,0,0,,,0,0,0,0,0,0,0,0
0sD6xl3EFbo,1189,2458.1,2459.86,"Todo mundo na side, tá bom?",0,0,,,0,0,0,0,0,0,0,0
0sD6xl3EFbo,1190,2460.34,2460.94,No Mid-Game,0,0,,,0,0,0,0,0,0,0,0
0sD6xl3EFbo,1191,2460.94,2464.08,"Então, falei também se você vai ter pressão de kill",0,0,,,0,0,0,0,0,0,0,0
0sD6xl3EFbo,1192,2464.08,2465.94,"Se você não estiver atrás do jogo, seu campeão vai ter dano",0,0,,,0,0,0,0,0,0,0,0
0sD6xl3EFbo,1193,2465.94,2468.46,"Se o cara comer também, você pode se encobrar",0,0,,,0,0,0,0,0,0,0,0
0sD6xl3EFbo,1194,2468.46,2471.06,"E o Late-Game, as fights, de modo geral, né?",0,0,,,0,0,0,0,0,0,0,0
0sD6xl3EFbo,1195,2471.28,2473.08,"Sempre jogando no flanco, nunca jogando de frente",0,0,,,0,0,0,0,0,0,0,0
0sD6xl3EFbo,1196,2473.08,2474.68,"Jogar de frente e tiver, por exemplo, um Zac",0,0,,,0,0,0,0,0,0,0,0
0sD6xl3EFbo,1197,2474.68,2476.7,Um campeão pedóculo contra,0,0,,,0,0,0,0,0,0,0,0
0sD6xl3EFbo,1198,2476.7,2477.84,"Você vai ser estudado, tá bom?",0,0,,,0,0,0,0,0,0,0,0
0sD6xl3EFbo,1199,2478.8,2479.9,Eu vou deixar aqui agora,0,0,,,0,0,0,0,0,0,0,0
0sD6xl3EFbo,1200,2479.9,2482.38,"Uma print, tá bom?",0,0,,,0,0,0,0,0,0,0,0
0sD6xl3EFbo,1201,2482.46,2484.1,"Da Shelly's de matchup, beleza?",0,0,,,0,0,0,0,0,0,0,0
0sD6xl3EFbo,1202,2484.54,2485.54,Pra quem tiver alguma dúvida,0,0,,,0,0,0,0,0,0,0,0
0sD6xl3EFbo,1203,2485.54,2486.96,"Ah, apanhei pra essa matchup zuda",0,0,,,0,0,0,0,0,0,0,0
0sD6xl3EFbo,1204,2486.96,2488.14,Será que é normal?,0,0,,,0,0,0,0,0,0,0,0
0sD6xl3EFbo,1205,2488.28,2489.68,Aí eu deixei aqui a print,0,0,,,0,0,0,0,0,0,0,0
0sD6xl3EFbo,1206,2489.68,2491.1,Você pode pausar o vídeo zudo,0,0,,,0,0,0,0,0,0,0,0
0sD6xl3EFbo,1207,2491.1,2492.58,"Pra ver a print de zuda, tá bom?",0,0,,,0,0,0,0,0,0,0,0
0sD6xl3EFbo,1208,2493.6,2495.3,Algumas pessoas vão até achar estranho,0,0,,,0,0,0,0,0,0,0,0
0sD6xl3EFbo,1209,2495.3,2497.3,Essa minha Shelly's,0,0,,,0,0,0,0,0,0,0,0
0sD6xl3EFbo,1210,2497.3,2499.1,Porque Ione tá aí com o matchup,0,0,,,0,0,0,0,0,0,0,0
0sD6xl3EFbo,1211,2499.1,2500.42,"É porque, rapaziada",0,0,,,0,0,0,0,0,0,0,0
0sD6xl3EFbo,1212,2500.42,2503.16,Isso é quando você tem o campeão masterizado,0,0,,,0,0,0,0,0,0,0,0
0sD6xl3EFbo,1213,2503.16,2504.84,Obviamente quando você começar a jogar o campeão,0,0,,,0,0,0,0,0,0,0,0
0sD6xl3EFbo,1214,2504.84,2506.54,Você vai achar Yone impossível,0,0,,,0,0,0,0,0,0,0,0
0sD6xl3EFbo,1215,2506.54,2507.68,Yas talvez impossível,0,0,,,0,0,0,0,0,0,0,0
0sD6xl3EFbo,1216,2507.68,2511.06,Mas no decorrer do tempo você vai ver que esses matchups tem bastante contra-jogos sim,0,0,,,0,0,0,0,0,0,0,0
0sD6xl3EFbo,1217,2511.06,2512.4,Não é tão fácil assim,0,0,,,0,0,0,0,0,0,0,0
0sD6xl3EFbo,1218,2512.4,2514.6,Inclusive eu ganho bastante contra Yone,0,0,,,0,0,0,0,0,0,0,0
0sD6xl3EFbo,1219,2514.6,2517.32,Eu ia colocar Yone como fácil,0,0,,,0,0,0,0,0,0,0,0
0sD6xl3EFbo,1220,2517.32,2518.58,Eu ia colocar como médio,0,0,,,0,0,0,0,0,0,0,0
0sD6xl3EFbo,1221,2518.58,2519.92,Então beleza,0,0,,,0,0,0,0,0,0,0,0
0sD6xl3EFbo,1222,2519.92,2522.82,Todas as matchups que eu acho dificuldade,0,0,,,0,0,0,0,0,0,0,0
0sD6xl3EFbo,1223,2522.82,2524.34,Sobre o banimento,0,0,,,0,0,0,0,0,0,0,0
0sD6xl3EFbo,1224,2524.34,2526.04,Você ban o que você acha broke,0,0,,,0,0,0,0,0,0,0,0
0sD6xl3EFbo,1225,2526.04,2527.98,O que você não gosta de enfrentar,0,0,,,0,0,0,0,0,0,0,0
0sD6xl3EFbo,1226,2527.98,2528.78,Isso é muito pessoal,0,0,,,0,0,0,0,0,0,0,0
0sD6xl3EFbo,1227,2528.78,2529.88,"Eu, por exemplo, bano Master Yi",0,0,,,0,0,0,0,0,0,0,0
0sD6xl3EFbo,1228,2529.88,2530.92,Porque,0,0,,,0,0,0,0,0,0,0,0
0sD6xl3EFbo,1229,2530.92,2532.88,Conecos da Mid lane,0,0,,,0,0,0,0,0,0,0,0
0sD6xl3EFbo,1230,2532.88,2533.42,Querendo ou não,0,0,,,0,0,0,0,0,0,0,0
0sD6xl3EFbo,1231,2533.42,2535.18,Eu tenho um controle um pouco sobre,0,0,,,0,0,0,0,0,0,0,0
0sD6xl3EFbo,1232,2535.18,2535.88,Depende de mim,0,0,,,0,0,0,0,0,0,0,0
0sD6xl3EFbo,1233,2535.88,2537.58,"Coneco na DG não tem um controle, né?",0,0,,,0,0,0,0,0,0,0,0
0sD6xl3EFbo,1234,2537.6,2538.08,O cara pode,0,0,,,0,0,0,0,0,0,0,0
0sD6xl3EFbo,1235,2538.08,2538.96,Master Yi pedola,0,0,,,0,0,0,0,0,0,0,0
0sD6xl3EFbo,1236,2538.96,2539.78,Um pode descer bot,0,0,,,0,0,0,0,0,0,0,0
0sD6xl3EFbo,1237,2539.78,2540.38,Pegar duas kills,0,0,,,0,0,0,0,0,0,0,0
0sD6xl3EFbo,1238,2540.38,2541.04,"Acaba o game, né?",0,0,,,0,0,0,0,0,0,0,0
0sD6xl3EFbo,1239,2541.84,2542.2,Mas,0,0,,,0,0,0,0,0,0,0,0
0sD6xl3EFbo,1240,2542.2,2543.74,Matematicamente falando,0,0,,,0,0,0,0,0,0,0,0
0sD6xl3EFbo,1241,2543.74,2544.48,Se eu fosse banir,0,0,,,0,0,0,0,0,0,0,0
0sD6xl3EFbo,1242,2544.48,2545.3,Alguma meta do Mid,0,0,,,0,0,0,0,0,0,0,0
0sD6xl3EFbo,1243,2545.3,2546.0,Baniria Zed,0,0,,,0,0,0,0,0,0,0,0
0sD6xl3EFbo,1244,2546.0,2548.08,Eu nem pela dificuldade em si,0,0,,,0,0,0,0,0,0,0,0
0sD6xl3EFbo,1245,2548.08,2549.16,Já que o Akshan,0,0,,,0,0,0,0,0,0,0,0
0sD6xl3EFbo,1246,2549.16,2550.32,É mais difícil que Zed,0,0,,,0,0,0,0,0,0,0,0
0sD6xl3EFbo,1247,2550.32,2551.72,Mas eu daria ban,0,0,,,0,0,0,0,0,0,0,0
0sD6xl3EFbo,1248,2551.72,2552.14,Pelo,0,0,,,0,0,0,0,0,0,0,0
0sD6xl3EFbo,1249,2552.14,2553.76,Mas eu daria ban,0,0,,,0,0,0,0,0,0,0,0
0sD6xl3EFbo,1250,2553.76,2555.24,"Pela quantidade, tá bom?",0,0,,,0,0,0,0,0,0,0,0
0sD6xl3EFbo,1251,2555.32,2556.54,Tem muito mono Zed,0,0,,,0,0,0,0,0,0,0,0
0sD6xl3EFbo,1252,2556.54,2557.68,Muito Zed na fila,0,0,,,0,0,0,0,0,0,0,0
0sD6xl3EFbo,1253,2557.68,2560.48,"Então, pela quantidade, eu boneria Zed, tá bom?",0,0,,,0,0,0,0,0,0,0,0
0sD6xl3EFbo,1254,2560.52,2563.9,Acho que matemática de falando é o melhor momento possível aí,0,0,,,0,0,0,0,0,0,0,0
0sD6xl3EFbo,1255,2563.9,2565.68,"De me meter pra caçadinha, beleza?",0,0,,,0,0,0,0,0,0,0,0
0sD6xl3EFbo,1256,2566.02,2566.98,"Então é isso, rapaziada",0,0,,,0,0,0,0,0,0,0,0
0sD6xl3EFbo,1257,2566.98,2570.08,"Se você gostou do vídeo zudo, deixa o like zudo aí no comentário, tá bom?",0,0,,,0,0,0,0,0,0,0,0
0sD6xl3EFbo,1258,2570.52,2571.22,É nóis de coração,0,0,,,0,0,0,0,0,0,0,0
0sD6xl3EFbo,1259,2571.22,2575.58,"Lembrando a todas, eu faço live aqui de tarde até de noitaço aqui no YouTube zudo",0,0,,,0,0,0,0,0,0,0,0
0sD6xl3EFbo,1260,2575.58,2578.0,"Então, quem quiser acompanhar, é só colar, tá bom?",0,0,,,0,0,0,0,0,0,0,0
0sD6xl3EFbo,1261,2578.5,2580.3,Provavelmente eu vou estar em live zudo nesses horários,0,0,,,0,0,0,0,0,0,0,0
0sD6xl3EFbo,1262,2580.3,2581.94,"É nóis de coração, rapaziada",0,0,,,0,0,0,0,0,0,0,0
0sD6xl3EFbo,1263,2581.94,2582.68,"Até o próximo, mano",0,0,,,0,0,0,0,0,0,0,0
0sD6xl3EFbo,1264,2582.68,2583.58,Fique com Deus,0,0,,,0,0,0,0,0,0,0,0
0sD6xl3EFbo,1265,2583.58,2584.86,E até a próxima,0,0,,,0,0,0,0,0,0,0,0
0sD6xl3EFbo,1266,2584.86,2585.54,É nóis,0,0,,,0,0,0,0,0,0,0,0
7STM0pLxRgo,1,0.0,4.02,"Cara, os caras estão querendo ser mortos na live que nem pessoas que querem passar em medicina",0,0,,,0,0,0,0,0,0,0,0
7STM0pLxRgo,2,4.02,5.9,"Ah, eu quero passar em medicina pra ganhar dinheiro",0,0,,,0,0,0,0,0,0,0,0
7STM0pLxRgo,3,5.9,7.7,Eu quero passar em medicina pra poder molestar,0,0,,,0,0,0,0,0,0,0,0
7STM0pLxRgo,4,7.7,8.58,"Não, rapaziada, não",0,0,,,0,0,0,0,0,0,0,0
7STM0pLxRgo,5,8.58,11.04,"Tem que passar em medicina porque você gosta de ser médico, entendeu?",0,0,,,0,0,0,0,0,0,0,0
7STM0pLxRgo,6,11.2,12.24,"A live é a mesma coisa, cara",0,0,,,0,0,0,0,0,0,0,0
7STM0pLxRgo,7,12.24,14.42,Você não pode querer ser morto na live só pra poder pegar mulher,0,0,,,0,0,0,0,0,0,0,0
7STM0pLxRgo,8,14.42,16.26,"Colocar na bio do Instagram, etc, não",0,0,,,0,0,0,0,0,0,0,0
